[0.000000] (-) TimerEvent: {}
[0.000905] (webots_ros2_importer) JobQueued: {'identifier': 'webots_ros2_importer', 'dependencies': OrderedDict()}
[0.000944] (webots_ros2_msgs) JobQueued: {'identifier': 'webots_ros2_msgs', 'dependencies': OrderedDict()}
[0.000958] (webots_ros2_driver) JobQueued: {'identifier': 'webots_ros2_driver', 'dependencies': OrderedDict({'webots_ros2_importer': '/home/onur/autonomous_robot/install/webots_ros2_importer', 'webots_ros2_msgs': '/home/onur/autonomous_robot/install/webots_ros2_msgs'})}
[0.000972] (my_robot_pkg) JobQueued: {'identifier': 'my_robot_pkg', 'dependencies': OrderedDict({'webots_ros2_importer': '/home/onur/autonomous_robot/install/webots_ros2_importer', 'webots_ros2_msgs': '/home/onur/autonomous_robot/install/webots_ros2_msgs', 'webots_ros2_driver': '/home/onur/autonomous_robot/install/webots_ros2_driver'})}
[0.000983] (webots_ros2_control) JobQueued: {'identifier': 'webots_ros2_control', 'dependencies': OrderedDict({'webots_ros2_importer': '/home/onur/autonomous_robot/install/webots_ros2_importer', 'webots_ros2_msgs': '/home/onur/autonomous_robot/install/webots_ros2_msgs', 'webots_ros2_driver': '/home/onur/autonomous_robot/install/webots_ros2_driver'})}
[0.000992] (webots_ros2_crazyflie) JobQueued: {'identifier': 'webots_ros2_crazyflie', 'dependencies': OrderedDict({'webots_ros2_importer': '/home/onur/autonomous_robot/install/webots_ros2_importer', 'webots_ros2_msgs': '/home/onur/autonomous_robot/install/webots_ros2_msgs', 'webots_ros2_driver': '/home/onur/autonomous_robot/install/webots_ros2_driver'})}
[0.001000] (webots_ros2_mavic) JobQueued: {'identifier': 'webots_ros2_mavic', 'dependencies': OrderedDict({'webots_ros2_importer': '/home/onur/autonomous_robot/install/webots_ros2_importer', 'webots_ros2_msgs': '/home/onur/autonomous_robot/install/webots_ros2_msgs', 'webots_ros2_driver': '/home/onur/autonomous_robot/install/webots_ros2_driver'})}
[0.001007] (webots_ros2_tesla) JobQueued: {'identifier': 'webots_ros2_tesla', 'dependencies': OrderedDict({'webots_ros2_importer': '/home/onur/autonomous_robot/install/webots_ros2_importer', 'webots_ros2_msgs': '/home/onur/autonomous_robot/install/webots_ros2_msgs', 'webots_ros2_driver': '/home/onur/autonomous_robot/install/webots_ros2_driver'})}
[0.001014] (webots_ros2_epuck) JobQueued: {'identifier': 'webots_ros2_epuck', 'dependencies': OrderedDict({'webots_ros2_importer': '/home/onur/autonomous_robot/install/webots_ros2_importer', 'webots_ros2_msgs': '/home/onur/autonomous_robot/install/webots_ros2_msgs', 'webots_ros2_driver': '/home/onur/autonomous_robot/install/webots_ros2_driver', 'webots_ros2_control': '/home/onur/autonomous_robot/install/webots_ros2_control'})}
[0.001032] (webots_ros2_husarion) JobQueued: {'identifier': 'webots_ros2_husarion', 'dependencies': OrderedDict({'webots_ros2_importer': '/home/onur/autonomous_robot/install/webots_ros2_importer', 'webots_ros2_msgs': '/home/onur/autonomous_robot/install/webots_ros2_msgs', 'webots_ros2_driver': '/home/onur/autonomous_robot/install/webots_ros2_driver', 'webots_ros2_control': '/home/onur/autonomous_robot/install/webots_ros2_control'})}
[0.001039] (webots_ros2_tiago) JobQueued: {'identifier': 'webots_ros2_tiago', 'dependencies': OrderedDict({'webots_ros2_importer': '/home/onur/autonomous_robot/install/webots_ros2_importer', 'webots_ros2_msgs': '/home/onur/autonomous_robot/install/webots_ros2_msgs', 'webots_ros2_driver': '/home/onur/autonomous_robot/install/webots_ros2_driver', 'webots_ros2_control': '/home/onur/autonomous_robot/install/webots_ros2_control'})}
[0.001046] (webots_ros2_turtlebot) JobQueued: {'identifier': 'webots_ros2_turtlebot', 'dependencies': OrderedDict({'webots_ros2_importer': '/home/onur/autonomous_robot/install/webots_ros2_importer', 'webots_ros2_msgs': '/home/onur/autonomous_robot/install/webots_ros2_msgs', 'webots_ros2_driver': '/home/onur/autonomous_robot/install/webots_ros2_driver', 'webots_ros2_control': '/home/onur/autonomous_robot/install/webots_ros2_control'})}
[0.001052] (webots_ros2_universal_robot) JobQueued: {'identifier': 'webots_ros2_universal_robot', 'dependencies': OrderedDict({'webots_ros2_importer': '/home/onur/autonomous_robot/install/webots_ros2_importer', 'webots_ros2_msgs': '/home/onur/autonomous_robot/install/webots_ros2_msgs', 'webots_ros2_driver': '/home/onur/autonomous_robot/install/webots_ros2_driver', 'webots_ros2_control': '/home/onur/autonomous_robot/install/webots_ros2_control'})}
[0.001064] (webots_ros2_tests) JobQueued: {'identifier': 'webots_ros2_tests', 'dependencies': OrderedDict({'webots_ros2_importer': '/home/onur/autonomous_robot/install/webots_ros2_importer', 'webots_ros2_msgs': '/home/onur/autonomous_robot/install/webots_ros2_msgs', 'webots_ros2_driver': '/home/onur/autonomous_robot/install/webots_ros2_driver', 'webots_ros2_control': '/home/onur/autonomous_robot/install/webots_ros2_control', 'webots_ros2_mavic': '/home/onur/autonomous_robot/install/webots_ros2_mavic', 'webots_ros2_tesla': '/home/onur/autonomous_robot/install/webots_ros2_tesla', 'webots_ros2_epuck': '/home/onur/autonomous_robot/install/webots_ros2_epuck', 'webots_ros2_husarion': '/home/onur/autonomous_robot/install/webots_ros2_husarion', 'webots_ros2_tiago': '/home/onur/autonomous_robot/install/webots_ros2_tiago', 'webots_ros2_turtlebot': '/home/onur/autonomous_robot/install/webots_ros2_turtlebot', 'webots_ros2_universal_robot': '/home/onur/autonomous_robot/install/webots_ros2_universal_robot'})}
[0.001080] (webots_ros2) JobQueued: {'identifier': 'webots_ros2', 'dependencies': OrderedDict({'webots_ros2_importer': '/home/onur/autonomous_robot/install/webots_ros2_importer', 'webots_ros2_msgs': '/home/onur/autonomous_robot/install/webots_ros2_msgs', 'webots_ros2_driver': '/home/onur/autonomous_robot/install/webots_ros2_driver', 'webots_ros2_control': '/home/onur/autonomous_robot/install/webots_ros2_control', 'webots_ros2_crazyflie': '/home/onur/autonomous_robot/install/webots_ros2_crazyflie', 'webots_ros2_mavic': '/home/onur/autonomous_robot/install/webots_ros2_mavic', 'webots_ros2_tesla': '/home/onur/autonomous_robot/install/webots_ros2_tesla', 'webots_ros2_epuck': '/home/onur/autonomous_robot/install/webots_ros2_epuck', 'webots_ros2_husarion': '/home/onur/autonomous_robot/install/webots_ros2_husarion', 'webots_ros2_tiago': '/home/onur/autonomous_robot/install/webots_ros2_tiago', 'webots_ros2_turtlebot': '/home/onur/autonomous_robot/install/webots_ros2_turtlebot', 'webots_ros2_universal_robot': '/home/onur/autonomous_robot/install/webots_ros2_universal_robot', 'webots_ros2_tests': '/home/onur/autonomous_robot/install/webots_ros2_tests'})}
[0.001093] (webots_ros2_importer) JobStarted: {'identifier': 'webots_ros2_importer'}
[0.006130] (webots_ros2_msgs) JobStarted: {'identifier': 'webots_ros2_msgs'}
[0.099685] (-) TimerEvent: {}
[0.159489] (webots_ros2_msgs) JobProgress: {'identifier': 'webots_ros2_msgs', 'progress': 'cmake'}
[0.159665] (webots_ros2_msgs) JobProgress: {'identifier': 'webots_ros2_msgs', 'progress': 'build'}
[0.160026] (webots_ros2_msgs) Command: {'cmd': ['/usr/bin/cmake', '--build', '/home/onur/autonomous_robot/build/webots_ros2_msgs', '--', '-j16', '-l16'], 'cwd': '/home/onur/autonomous_robot/build/webots_ros2_msgs', 'env': OrderedDict({'LESSOPEN': '| /usr/bin/lesspipe %s', 'USER': 'onur', 'GZ_CONFIG_PATH': '/opt/ros/lyrical/opt/sdformat_vendor/share/gz', 'XDG_SESSION_TYPE': 'wayland', 'PTYXIS_VERSION': '50.1', 'SHLVL': '1', 'LD_LIBRARY_PATH': '/opt/ros/lyrical/opt/sdformat_vendor/lib:/opt/ros/lyrical/opt/gz_tools_vendor/lib:/opt/ros/lyrical/opt/gz_math_vendor/lib:/opt/ros/lyrical/opt/gz_utils_vendor/lib:/opt/ros/lyrical/opt/rviz_ogre_vendor/lib:/opt/ros/lyrical/lib/x86_64-linux-gnu:/opt/ros/lyrical/opt/gz_cmake_vendor/lib:/opt/ros/lyrical/lib', 'HOME': '/home/onur', 'OLDPWD': '/home/onur/autonomous_robot/src/webots_ros2', 'DESKTOP_SESSION': 'ubuntu', 'NVM_BIN': '/home/onur/.nvm/versions/node/v24.20.0/bin', 'NVM_INC': '/home/onur/.nvm/versions/node/v24.20.0/include/node', 'IM_CONFIG_ENTRY': 'profile', 'ROS_PYTHON_VERSION': '3', 'GTK_MODULES': 'gail:atk-bridge', 'MANAGERPID': '5622', 'DBUS_STARTER_BUS_TYPE': 'session', 'SYSTEMD_EXEC_PID': '5679', 'DBUS_SESSION_BUS_ADDRESS': 'unix:path=/run/user/1000/bus,guid=3e7ce15796779a58c58491916aa4375c', 'COLORTERM': 'truecolor', 'NVM_DIR': '/home/onur/.nvm', 'DEBUGINFOD_URLS': 'https://debuginfod.ubuntu.com', 'WAYLAND_DISPLAY': 'wayland-0', 'COLCON_PREFIX_PATH': '/home/onur/autonomous_robot/install', 'ROS_DISTRO': 'lyrical', 'LOGNAME': 'onur', 'MANAGERPIDFDID': '12827', '_': '/usr/bin/colcon', 'ROS_VERSION': '2', 'MEMORY_PRESSURE_WATCH': '/sys/fs/cgroup/user.slice/user-1000.slice/user@1000.service/session.slice/dbus.service/memory.pressure', 'XDG_SESSION_CLASS': 'user', 'USERNAME': 'onur', 'TERM': 'xterm-256color', 'GNOME_DESKTOP_SESSION_ID': 'this-is-deprecated', 'FLATPAK_TTY_PROGRESS': '1', 'PATH': '/opt/ros/lyrical/opt/gz_tools_vendor/bin:/opt/ros/lyrical/bin:/home/onur/.opencode/bin:/home/onur/.nvm/versions/node/v24.20.0/bin:/home/onur/.local/bin:/home/onur/.local/bin:/home/onur/.local/bin:/home/onur/.local/bin:/usr/local/sbin:/usr/local/bin:/usr/sbin:/usr/bin:/sbin:/bin:/usr/games:/usr/local/games:/snap/bin:/snap/bin:/home/onur/webots', 'INVOCATION_ID': '83eb2fbf06af433aae37214d63a74bec', 'XDG_MENU_PREFIX': 'gnome-', 'PTYXIS_PROFILE': '82a4d075e8ab3fd0d3bfb7fa6a8dfdba', 'GNOME_SETUP_DISPLAY': 'unix:/tmp/.X11-unix/X1', 'XDG_RUNTIME_DIR': '/run/user/1000', 'DISPLAY': ':0', 'LANG': 'en_US.UTF-8', 'XDG_CURRENT_DESKTOP': 'ubuntu:GNOME', 'XMODIFIERS': '@im=ibus', 'XDG_SESSION_DESKTOP': 'ubuntu', 'XAUTHORITY': '/run/user/1000/.mutter-Xwaylandauth.H8PHV3', 'LS_COLORS': 'rs=0:di=01;34:ln=01;36:mh=00:pi=40;33:so=01;35:do=01;35:bd=40;33;01:cd=40;33;01:or=40;31;01:mi=00:su=37;41:sg=30;43:ca=00:tw=30;42:ow=34;42:st=37;44:ex=01;32:*.tar=01;31:*.tgz=01;31:*.arc=01;31:*.arj=01;31:*.taz=01;31:*.lha=01;31:*.lz4=01;31:*.lzh=01;31:*.lzma=01;31:*.tlz=01;31:*.txz=01;31:*.tzo=01;31:*.t7z=01;31:*.zip=01;31:*.z=01;31:*.dz=01;31:*.gz=01;31:*.lrz=01;31:*.lz=01;31:*.lzo=01;31:*.xz=01;31:*.zst=01;31:*.tzst=01;31:*.bz2=01;31:*.bz=01;31:*.tbz=01;31:*.tbz2=01;31:*.tz=01;31:*.deb=01;31:*.rpm=01;31:*.jar=01;31:*.war=01;31:*.ear=01;31:*.sar=01;31:*.rar=01;31:*.alz=01;31:*.ace=01;31:*.zoo=01;31:*.cpio=01;31:*.7z=01;31:*.rz=01;31:*.cab=01;31:*.wim=01;31:*.swm=01;31:*.dwm=01;31:*.esd=01;31:*.avif=01;35:*.jpg=01;35:*.jpeg=01;35:*.mjpg=01;35:*.mjpeg=01;35:*.gif=01;35:*.bmp=01;35:*.pbm=01;35:*.pgm=01;35:*.ppm=01;35:*.tga=01;35:*.xbm=01;35:*.xpm=01;35:*.tif=01;35:*.tiff=01;35:*.png=01;35:*.svg=01;35:*.svgz=01;35:*.mng=01;35:*.pcx=01;35:*.mov=01;35:*.mpg=01;35:*.mpeg=01;35:*.m2v=01;35:*.mkv=01;35:*.webm=01;35:*.webp=01;35:*.ogm=01;35:*.mp4=01;35:*.m4v=01;35:*.mp4v=01;35:*.vob=01;35:*.qt=01;35:*.nuv=01;35:*.wmv=01;35:*.asf=01;35:*.rm=01;35:*.rmvb=01;35:*.flc=01;35:*.avi=01;35:*.fli=01;35:*.flv=01;35:*.gl=01;35:*.dl=01;35:*.xcf=01;35:*.xwd=01;35:*.yuv=01;35:*.cgm=01;35:*.emf=01;35:*.ogv=01;35:*.ogx=01;35:*.aac=00;36:*.au=00;36:*.flac=00;36:*.m4a=00;36:*.mid=00;36:*.midi=00;36:*.mka=00;36:*.mp3=00;36:*.mpc=00;36:*.ogg=00;36:*.ra=00;36:*.wav=00;36:*.oga=00;36:*.opus=00;36:*.spx=00;36:*.xspf=00;36:*~=00;90:*#=00;90:*.bak=00;90:*.old=00;90:*.orig=00;90:*.part=00;90:*.rej=00;90:*.swp=00;90:*.tmp=00;90:*.dpkg-dist=00;90:*.dpkg-old=00;90:*.ucf-dist=00;90:*.ucf-new=00;90:*.ucf-old=00;90:*.rpmnew=00;90:*.rpmorig=00;90:*.rpmsave=00;90:', 'SSH_AUTH_SOCK': '/run/user/1000/gcr/ssh', 'AMENT_PREFIX_PATH': '/opt/ros/lyrical', 'SHELL': '/bin/bash', 'QT_ACCESSIBILITY': '1', 'GDMSESSION': 'ubuntu', 'WEBOTS_HOME': '/home/onur/webots', 'LESSCLOSE': '/usr/bin/lesspipe %s %s', 'GPG_AGENT_INFO': '/run/user/1000/gnupg/S.gpg-agent:0:1', 'ROS_AUTOMATIC_DISCOVERY_RANGE': 'SUBNET', 'QT_IM_MODULE': 'ibus', 'PWD': '/home/onur/autonomous_robot/build/webots_ros2_msgs', 'XDG_CONFIG_DIRS': '/etc/xdg/xdg-ubuntu:/etc/xdg', 'NVM_CD_FLAGS': '', 'DBUS_STARTER_ADDRESS': 'unix:path=/run/user/1000/bus,guid=3e7ce15796779a58c58491916aa4375c', 'XDG_DATA_DIRS': '/usr/share/ubuntu:/usr/share/gnome:/usr/local/share/:/usr/share/:/var/lib/snapd/desktop', 'XDG_SESSION_EXTRA_DEVICE_ACCESS': 'render:accel', 'PYTHONPATH': '/opt/ros/lyrical/opt/sdformat_vendor/lib/python:/opt/ros/lyrical/opt/gz_math_vendor/lib/python:/opt/ros/lyrical/lib/python3.14/site-packages', 'COLCON': '1', 'QT_IM_MODULES': 'wayland;ibus', 'MEMORY_PRESSURE_WRITE': 'c29tZSAyMDAwMDAgMjAwMDAwMAA=', 'VTE_VERSION': '8400', 'CMAKE_PREFIX_PATH': '/opt/ros/lyrical/opt/sdformat_vendor:/opt/ros/lyrical/opt/gz_tools_vendor:/opt/ros/lyrical/opt/gz_math_vendor:/opt/ros/lyrical/opt/gz_utils_vendor:/opt/ros/lyrical/opt/gz_cmake_vendor:/opt/ros/lyrical'}), 'shell': False}
[0.199803] (-) TimerEvent: {}
[0.209852] (webots_ros2_msgs) StdoutLine: {'line': b'[  0%] \x1b[1m\x1b[34mGenerating Rust code for ROS interfaces\x1b[0m\n'}
[0.211904] (webots_ros2_msgs) StdoutLine: {'line': b'[  1%] \x1b[1m\x1b[34mGenerating type hashes for ROS interfaces\x1b[0m\n'}
[0.299879] (-) TimerEvent: {}
[0.400197] (-) TimerEvent: {}
[0.438541] (webots_ros2_msgs) StdoutLine: {'line': b'[  1%] Built target webots_ros2_msgs__rosidl_generator_type_description\n'}
[0.449026] (webots_ros2_msgs) StdoutLine: {'line': b'[  2%] \x1b[1m\x1b[34mGenerating C code for ROS interfaces\x1b[0m\n'}
[0.457953] (webots_ros2_msgs) StdoutLine: {'line': b'[  2%] \x1b[1m\x1b[34mGenerating C++ code for ROS interfaces\x1b[0m\n'}
[0.481295] (webots_ros2_msgs) StdoutLine: {'line': b'[  2%] Built target webots_ros2_msgs__rs\n'}
[0.486737] (webots_ros2_importer) Command: {'cmd': ['/usr/bin/python3', '-W', 'ignore:setup.py install is deprecated', '-W', 'ignore:easy_install command is deprecated', 'setup.py', 'egg_info', '--egg-base', '../../../build/webots_ros2_importer', 'build', '--build-base', '/home/onur/autonomous_robot/build/webots_ros2_importer/build', 'install', '--record', '/home/onur/autonomous_robot/build/webots_ros2_importer/install.log', '--install-scripts', '$base/lib/webots_ros2_importer', '--single-version-externally-managed', 'install_data'], 'cwd': '/home/onur/autonomous_robot/src/webots_ros2/webots_ros2_importer', 'env': {'LESSOPEN': '| /usr/bin/lesspipe %s', 'USER': 'onur', 'GZ_CONFIG_PATH': '/opt/ros/lyrical/opt/sdformat_vendor/share/gz', 'XDG_SESSION_TYPE': 'wayland', 'PTYXIS_VERSION': '50.1', 'SHLVL': '1', 'LD_LIBRARY_PATH': '/opt/ros/lyrical/opt/sdformat_vendor/lib:/opt/ros/lyrical/opt/gz_tools_vendor/lib:/opt/ros/lyrical/opt/gz_math_vendor/lib:/opt/ros/lyrical/opt/gz_utils_vendor/lib:/opt/ros/lyrical/opt/rviz_ogre_vendor/lib:/opt/ros/lyrical/lib/x86_64-linux-gnu:/opt/ros/lyrical/opt/gz_cmake_vendor/lib:/opt/ros/lyrical/lib', 'HOME': '/home/onur', 'OLDPWD': '/home/onur/autonomous_robot/src/webots_ros2', 'DESKTOP_SESSION': 'ubuntu', 'NVM_BIN': '/home/onur/.nvm/versions/node/v24.20.0/bin', 'NVM_INC': '/home/onur/.nvm/versions/node/v24.20.0/include/node', 'IM_CONFIG_ENTRY': 'profile', 'ROS_PYTHON_VERSION': '3', 'GTK_MODULES': 'gail:atk-bridge', 'MANAGERPID': '5622', 'DBUS_STARTER_BUS_TYPE': 'session', 'SYSTEMD_EXEC_PID': '5679', 'DBUS_SESSION_BUS_ADDRESS': 'unix:path=/run/user/1000/bus,guid=3e7ce15796779a58c58491916aa4375c', 'COLORTERM': 'truecolor', 'NVM_DIR': '/home/onur/.nvm', 'DEBUGINFOD_URLS': 'https://debuginfod.ubuntu.com', 'WAYLAND_DISPLAY': 'wayland-0', 'COLCON_PREFIX_PATH': '/home/onur/autonomous_robot/install', 'ROS_DISTRO': 'lyrical', 'LOGNAME': 'onur', 'MANAGERPIDFDID': '12827', '_': '/usr/bin/colcon', 'ROS_VERSION': '2', 'MEMORY_PRESSURE_WATCH': '/sys/fs/cgroup/user.slice/user-1000.slice/user@1000.service/session.slice/dbus.service/memory.pressure', 'XDG_SESSION_CLASS': 'user', 'USERNAME': 'onur', 'TERM': 'xterm-256color', 'GNOME_DESKTOP_SESSION_ID': 'this-is-deprecated', 'FLATPAK_TTY_PROGRESS': '1', 'PATH': '/opt/ros/lyrical/opt/gz_tools_vendor/bin:/opt/ros/lyrical/bin:/home/onur/.opencode/bin:/home/onur/.nvm/versions/node/v24.20.0/bin:/home/onur/.local/bin:/home/onur/.local/bin:/home/onur/.local/bin:/home/onur/.local/bin:/usr/local/sbin:/usr/local/bin:/usr/sbin:/usr/bin:/sbin:/bin:/usr/games:/usr/local/games:/snap/bin:/snap/bin:/home/onur/webots', 'INVOCATION_ID': '83eb2fbf06af433aae37214d63a74bec', 'XDG_MENU_PREFIX': 'gnome-', 'PTYXIS_PROFILE': '82a4d075e8ab3fd0d3bfb7fa6a8dfdba', 'GNOME_SETUP_DISPLAY': 'unix:/tmp/.X11-unix/X1', 'XDG_RUNTIME_DIR': '/run/user/1000', 'DISPLAY': ':0', 'LANG': 'en_US.UTF-8', 'XDG_CURRENT_DESKTOP': 'ubuntu:GNOME', 'XMODIFIERS': '@im=ibus', 'XDG_SESSION_DESKTOP': 'ubuntu', 'XAUTHORITY': '/run/user/1000/.mutter-Xwaylandauth.H8PHV3', 'LS_COLORS': 'rs=0:di=01;34:ln=01;36:mh=00:pi=40;33:so=01;35:do=01;35:bd=40;33;01:cd=40;33;01:or=40;31;01:mi=00:su=37;41:sg=30;43:ca=00:tw=30;42:ow=34;42:st=37;44:ex=01;32:*.tar=01;31:*.tgz=01;31:*.arc=01;31:*.arj=01;31:*.taz=01;31:*.lha=01;31:*.lz4=01;31:*.lzh=01;31:*.lzma=01;31:*.tlz=01;31:*.txz=01;31:*.tzo=01;31:*.t7z=01;31:*.zip=01;31:*.z=01;31:*.dz=01;31:*.gz=01;31:*.lrz=01;31:*.lz=01;31:*.lzo=01;31:*.xz=01;31:*.zst=01;31:*.tzst=01;31:*.bz2=01;31:*.bz=01;31:*.tbz=01;31:*.tbz2=01;31:*.tz=01;31:*.deb=01;31:*.rpm=01;31:*.jar=01;31:*.war=01;31:*.ear=01;31:*.sar=01;31:*.rar=01;31:*.alz=01;31:*.ace=01;31:*.zoo=01;31:*.cpio=01;31:*.7z=01;31:*.rz=01;31:*.cab=01;31:*.wim=01;31:*.swm=01;31:*.dwm=01;31:*.esd=01;31:*.avif=01;35:*.jpg=01;35:*.jpeg=01;35:*.mjpg=01;35:*.mjpeg=01;35:*.gif=01;35:*.bmp=01;35:*.pbm=01;35:*.pgm=01;35:*.ppm=01;35:*.tga=01;35:*.xbm=01;35:*.xpm=01;35:*.tif=01;35:*.tiff=01;35:*.png=01;35:*.svg=01;35:*.svgz=01;35:*.mng=01;35:*.pcx=01;35:*.mov=01;35:*.mpg=01;35:*.mpeg=01;35:*.m2v=01;35:*.mkv=01;35:*.webm=01;35:*.webp=01;35:*.ogm=01;35:*.mp4=01;35:*.m4v=01;35:*.mp4v=01;35:*.vob=01;35:*.qt=01;35:*.nuv=01;35:*.wmv=01;35:*.asf=01;35:*.rm=01;35:*.rmvb=01;35:*.flc=01;35:*.avi=01;35:*.fli=01;35:*.flv=01;35:*.gl=01;35:*.dl=01;35:*.xcf=01;35:*.xwd=01;35:*.yuv=01;35:*.cgm=01;35:*.emf=01;35:*.ogv=01;35:*.ogx=01;35:*.aac=00;36:*.au=00;36:*.flac=00;36:*.m4a=00;36:*.mid=00;36:*.midi=00;36:*.mka=00;36:*.mp3=00;36:*.mpc=00;36:*.ogg=00;36:*.ra=00;36:*.wav=00;36:*.oga=00;36:*.opus=00;36:*.spx=00;36:*.xspf=00;36:*~=00;90:*#=00;90:*.bak=00;90:*.old=00;90:*.orig=00;90:*.part=00;90:*.rej=00;90:*.swp=00;90:*.tmp=00;90:*.dpkg-dist=00;90:*.dpkg-old=00;90:*.ucf-dist=00;90:*.ucf-new=00;90:*.ucf-old=00;90:*.rpmnew=00;90:*.rpmorig=00;90:*.rpmsave=00;90:', 'SSH_AUTH_SOCK': '/run/user/1000/gcr/ssh', 'AMENT_PREFIX_PATH': '/opt/ros/lyrical', 'SHELL': '/bin/bash', 'QT_ACCESSIBILITY': '1', 'GDMSESSION': 'ubuntu', 'WEBOTS_HOME': '/home/onur/webots', 'LESSCLOSE': '/usr/bin/lesspipe %s %s', 'GPG_AGENT_INFO': '/run/user/1000/gnupg/S.gpg-agent:0:1', 'ROS_AUTOMATIC_DISCOVERY_RANGE': 'SUBNET', 'QT_IM_MODULE': 'ibus', 'PWD': '/home/onur/autonomous_robot/build/webots_ros2_importer', 'XDG_CONFIG_DIRS': '/etc/xdg/xdg-ubuntu:/etc/xdg', 'NVM_CD_FLAGS': '', 'DBUS_STARTER_ADDRESS': 'unix:path=/run/user/1000/bus,guid=3e7ce15796779a58c58491916aa4375c', 'XDG_DATA_DIRS': '/usr/share/ubuntu:/usr/share/gnome:/usr/local/share/:/usr/share/:/var/lib/snapd/desktop', 'XDG_SESSION_EXTRA_DEVICE_ACCESS': 'render:accel', 'PYTHONPATH': '/home/onur/autonomous_robot/build/webots_ros2_importer/prefix_override:/usr/lib/python3/dist-packages/colcon_core/task/python/colcon_distutils_commands:/home/onur/autonomous_robot/install/webots_ros2_importer/lib/python3.14/site-packages:/opt/ros/lyrical/opt/sdformat_vendor/lib/python:/opt/ros/lyrical/opt/gz_math_vendor/lib/python:/opt/ros/lyrical/lib/python3.14/site-packages', 'COLCON': '1', 'QT_IM_MODULES': 'wayland;ibus', 'MEMORY_PRESSURE_WRITE': 'c29tZSAyMDAwMDAgMjAwMDAwMAA=', 'VTE_VERSION': '8400', 'CMAKE_PREFIX_PATH': '/opt/ros/lyrical/opt/sdformat_vendor:/opt/ros/lyrical/opt/gz_tools_vendor:/opt/ros/lyrical/opt/gz_math_vendor:/opt/ros/lyrical/opt/gz_utils_vendor:/opt/ros/lyrical/opt/gz_cmake_vendor'}, 'shell': False}
[0.500364] (-) TimerEvent: {}
[0.593704] (webots_ros2_importer) StderrLine: {'line': b"/usr/lib/python3/dist-packages/setuptools/_distutils/dist.py:289: UserWarning: Unknown distribution option: 'tests_require'\n"}
[0.593895] (webots_ros2_importer) StderrLine: {'line': b'  warnings.warn(msg)\n'}
[0.600454] (-) TimerEvent: {}
[0.616121] (webots_ros2_importer) StderrLine: {'line': b'/usr/lib/python3/dist-packages/setuptools/dist.py:759: SetuptoolsDeprecationWarning: License classifiers are deprecated.\n'}
[0.616191] (webots_ros2_importer) StderrLine: {'line': b'!!\n'}
[0.616224] (webots_ros2_importer) StderrLine: {'line': b'\n'}
[0.616252] (webots_ros2_importer) StderrLine: {'line': b'        ********************************************************************************\n'}
[0.616284] (webots_ros2_importer) StderrLine: {'line': b'        Please consider removing the following classifiers in favor of a SPDX license expression:\n'}
[0.616311] (webots_ros2_importer) StderrLine: {'line': b'\n'}
[0.616335] (webots_ros2_importer) StderrLine: {'line': b'        License :: OSI Approved :: Apache Software License\n'}
[0.616360] (webots_ros2_importer) StderrLine: {'line': b'\n'}
[0.616384] (webots_ros2_importer) StderrLine: {'line': b'        See https://packaging.python.org/en/latest/guides/writing-pyproject-toml/#license for details.\n'}
[0.616409] (webots_ros2_importer) StderrLine: {'line': b'        ********************************************************************************\n'}
[0.616433] (webots_ros2_importer) StderrLine: {'line': b'\n'}
[0.616456] (webots_ros2_importer) StderrLine: {'line': b'!!\n'}
[0.616479] (webots_ros2_importer) StderrLine: {'line': b'  self._finalize_license_expression()\n'}
[0.662292] (webots_ros2_importer) StdoutLine: {'line': b'running egg_info\n'}
[0.673292] (webots_ros2_importer) StdoutLine: {'line': b'writing ../../../build/webots_ros2_importer/webots_ros2_importer.egg-info/PKG-INFO\n'}
[0.673512] (webots_ros2_importer) StdoutLine: {'line': b'writing dependency_links to ../../../build/webots_ros2_importer/webots_ros2_importer.egg-info/dependency_links.txt\n'}
[0.673625] (webots_ros2_importer) StdoutLine: {'line': b'writing entry points to ../../../build/webots_ros2_importer/webots_ros2_importer.egg-info/entry_points.txt\n'}
[0.673712] (webots_ros2_importer) StdoutLine: {'line': b'writing requirements to ../../../build/webots_ros2_importer/webots_ros2_importer.egg-info/requires.txt\n'}
[0.673778] (webots_ros2_importer) StdoutLine: {'line': b'writing top-level names to ../../../build/webots_ros2_importer/webots_ros2_importer.egg-info/top_level.txt\n'}
[0.697820] (webots_ros2_importer) StdoutLine: {'line': b"reading manifest file '../../../build/webots_ros2_importer/webots_ros2_importer.egg-info/SOURCES.txt'\n"}
[0.698370] (webots_ros2_importer) StdoutLine: {'line': b"writing manifest file '../../../build/webots_ros2_importer/webots_ros2_importer.egg-info/SOURCES.txt'\n"}
[0.698424] (webots_ros2_importer) StdoutLine: {'line': b'running build\n'}
[0.698455] (webots_ros2_importer) StdoutLine: {'line': b'running build_py\n'}
[0.698490] (webots_ros2_importer) StdoutLine: {'line': b'creating /home/onur/autonomous_robot/build/webots_ros2_importer/build/lib/webots_ros2_importer\n'}
[0.698593] (webots_ros2_importer) StdoutLine: {'line': b'copying webots_ros2_importer/xacro2proto.py -> /home/onur/autonomous_robot/build/webots_ros2_importer/build/lib/webots_ros2_importer\n'}
[0.698694] (webots_ros2_importer) StdoutLine: {'line': b'copying webots_ros2_importer/urdf2proto.py -> /home/onur/autonomous_robot/build/webots_ros2_importer/build/lib/webots_ros2_importer\n'}
[0.698760] (webots_ros2_importer) StdoutLine: {'line': b'copying webots_ros2_importer/__init__.py -> /home/onur/autonomous_robot/build/webots_ros2_importer/build/lib/webots_ros2_importer\n'}
[0.698868] (webots_ros2_importer) StdoutLine: {'line': b'creating /home/onur/autonomous_robot/build/webots_ros2_importer/build/lib/webots_ros2_importer/urdf2webots/urdf2webots\n'}
[0.698938] (webots_ros2_importer) StdoutLine: {'line': b'copying webots_ros2_importer/urdf2webots/urdf2webots/gazebo_materials.py -> /home/onur/autonomous_robot/build/webots_ros2_importer/build/lib/webots_ros2_importer/urdf2webots/urdf2webots\n'}
[0.698999] (webots_ros2_importer) StdoutLine: {'line': b'copying webots_ros2_importer/urdf2webots/urdf2webots/parserURDF.py -> /home/onur/autonomous_robot/build/webots_ros2_importer/build/lib/webots_ros2_importer/urdf2webots/urdf2webots\n'}
[0.699101] (webots_ros2_importer) StdoutLine: {'line': b'copying webots_ros2_importer/urdf2webots/urdf2webots/importer.py -> /home/onur/autonomous_robot/build/webots_ros2_importer/build/lib/webots_ros2_importer/urdf2webots/urdf2webots\n'}
[0.699161] (webots_ros2_importer) StdoutLine: {'line': b'copying webots_ros2_importer/urdf2webots/urdf2webots/__init__.py -> /home/onur/autonomous_robot/build/webots_ros2_importer/build/lib/webots_ros2_importer/urdf2webots/urdf2webots\n'}
[0.699208] (webots_ros2_importer) StdoutLine: {'line': b'copying webots_ros2_importer/urdf2webots/urdf2webots/math_utils.py -> /home/onur/autonomous_robot/build/webots_ros2_importer/build/lib/webots_ros2_importer/urdf2webots/urdf2webots\n'}
[0.699259] (webots_ros2_importer) StdoutLine: {'line': b'copying webots_ros2_importer/urdf2webots/urdf2webots/writeRobot.py -> /home/onur/autonomous_robot/build/webots_ros2_importer/build/lib/webots_ros2_importer/urdf2webots/urdf2webots\n'}
[0.699483] (webots_ros2_importer) StdoutLine: {'line': b'running install\n'}
[0.700550] (-) TimerEvent: {}
[0.702583] (webots_ros2_importer) StdoutLine: {'line': b'running install_lib\n'}
[0.714016] (webots_ros2_importer) StdoutLine: {'line': b'creating /home/onur/autonomous_robot/install/webots_ros2_importer/lib/python3.14/site-packages/webots_ros2_importer\n'}
[0.714087] (webots_ros2_importer) StdoutLine: {'line': b'copying /home/onur/autonomous_robot/build/webots_ros2_importer/build/lib/webots_ros2_importer/xacro2proto.py -> /home/onur/autonomous_robot/install/webots_ros2_importer/lib/python3.14/site-packages/webots_ros2_importer\n'}
[0.714125] (webots_ros2_importer) StdoutLine: {'line': b'copying /home/onur/autonomous_robot/build/webots_ros2_importer/build/lib/webots_ros2_importer/urdf2proto.py -> /home/onur/autonomous_robot/install/webots_ros2_importer/lib/python3.14/site-packages/webots_ros2_importer\n'}
[0.714165] (webots_ros2_importer) StdoutLine: {'line': b'creating /home/onur/autonomous_robot/install/webots_ros2_importer/lib/python3.14/site-packages/webots_ros2_importer/urdf2webots\n'}
[0.714215] (webots_ros2_importer) StdoutLine: {'line': b'creating /home/onur/autonomous_robot/install/webots_ros2_importer/lib/python3.14/site-packages/webots_ros2_importer/urdf2webots/urdf2webots\n'}
[0.714262] (webots_ros2_importer) StdoutLine: {'line': b'copying /home/onur/autonomous_robot/build/webots_ros2_importer/build/lib/webots_ros2_importer/urdf2webots/urdf2webots/gazebo_materials.py -> /home/onur/autonomous_robot/install/webots_ros2_importer/lib/python3.14/site-packages/webots_ros2_importer/urdf2webots/urdf2webots\n'}
[0.714303] (webots_ros2_importer) StdoutLine: {'line': b'copying /home/onur/autonomous_robot/build/webots_ros2_importer/build/lib/webots_ros2_importer/urdf2webots/urdf2webots/parserURDF.py -> /home/onur/autonomous_robot/install/webots_ros2_importer/lib/python3.14/site-packages/webots_ros2_importer/urdf2webots/urdf2webots\n'}
[0.714372] (webots_ros2_importer) StdoutLine: {'line': b'copying /home/onur/autonomous_robot/build/webots_ros2_importer/build/lib/webots_ros2_importer/urdf2webots/urdf2webots/importer.py -> /home/onur/autonomous_robot/install/webots_ros2_importer/lib/python3.14/site-packages/webots_ros2_importer/urdf2webots/urdf2webots\n'}
[0.714472] (webots_ros2_importer) StdoutLine: {'line': b'copying /home/onur/autonomous_robot/build/webots_ros2_importer/build/lib/webots_ros2_importer/urdf2webots/urdf2webots/__init__.py -> /home/onur/autonomous_robot/install/webots_ros2_importer/lib/python3.14/site-packages/webots_ros2_importer/urdf2webots/urdf2webots\n'}
[0.714525] (webots_ros2_importer) StdoutLine: {'line': b'copying /home/onur/autonomous_robot/build/webots_ros2_importer/build/lib/webots_ros2_importer/urdf2webots/urdf2webots/math_utils.py -> /home/onur/autonomous_robot/install/webots_ros2_importer/lib/python3.14/site-packages/webots_ros2_importer/urdf2webots/urdf2webots\n'}
[0.714568] (webots_ros2_importer) StdoutLine: {'line': b'copying /home/onur/autonomous_robot/build/webots_ros2_importer/build/lib/webots_ros2_importer/urdf2webots/urdf2webots/writeRobot.py -> /home/onur/autonomous_robot/install/webots_ros2_importer/lib/python3.14/site-packages/webots_ros2_importer/urdf2webots/urdf2webots\n'}
[0.714625] (webots_ros2_importer) StdoutLine: {'line': b'copying /home/onur/autonomous_robot/build/webots_ros2_importer/build/lib/webots_ros2_importer/__init__.py -> /home/onur/autonomous_robot/install/webots_ros2_importer/lib/python3.14/site-packages/webots_ros2_importer\n'}
[0.715045] (webots_ros2_importer) StdoutLine: {'line': b'byte-compiling /home/onur/autonomous_robot/install/webots_ros2_importer/lib/python3.14/site-packages/webots_ros2_importer/xacro2proto.py to xacro2proto.cpython-314.pyc\n'}
[0.715535] (webots_ros2_importer) StdoutLine: {'line': b'byte-compiling /home/onur/autonomous_robot/install/webots_ros2_importer/lib/python3.14/site-packages/webots_ros2_importer/urdf2proto.py to urdf2proto.cpython-314.pyc\n'}
[0.715993] (webots_ros2_importer) StdoutLine: {'line': b'byte-compiling /home/onur/autonomous_robot/install/webots_ros2_importer/lib/python3.14/site-packages/webots_ros2_importer/urdf2webots/urdf2webots/gazebo_materials.py to gazebo_materials.cpython-314.pyc\n'}
[0.716438] (webots_ros2_importer) StdoutLine: {'line': b'byte-compiling /home/onur/autonomous_robot/install/webots_ros2_importer/lib/python3.14/site-packages/webots_ros2_importer/urdf2webots/urdf2webots/parserURDF.py to parserURDF.cpython-314.pyc\n'}
[0.722250] (webots_ros2_importer) StdoutLine: {'line': b'byte-compiling /home/onur/autonomous_robot/install/webots_ros2_importer/lib/python3.14/site-packages/webots_ros2_importer/urdf2webots/urdf2webots/importer.py to importer.cpython-314.pyc\n'}
[0.723926] (webots_ros2_importer) StdoutLine: {'line': b'byte-compiling /home/onur/autonomous_robot/install/webots_ros2_importer/lib/python3.14/site-packages/webots_ros2_importer/urdf2webots/urdf2webots/__init__.py to __init__.cpython-314.pyc\n'}
[0.724042] (webots_ros2_importer) StdoutLine: {'line': b'byte-compiling /home/onur/autonomous_robot/install/webots_ros2_importer/lib/python3.14/site-packages/webots_ros2_importer/urdf2webots/urdf2webots/math_utils.py to math_utils.cpython-314.pyc\n'}
[0.724977] (webots_ros2_importer) StdoutLine: {'line': b'byte-compiling /home/onur/autonomous_robot/install/webots_ros2_importer/lib/python3.14/site-packages/webots_ros2_importer/urdf2webots/urdf2webots/writeRobot.py to writeRobot.cpython-314.pyc\n'}
[0.728317] (webots_ros2_importer) StdoutLine: {'line': b'byte-compiling /home/onur/autonomous_robot/install/webots_ros2_importer/lib/python3.14/site-packages/webots_ros2_importer/__init__.py to __init__.cpython-314.pyc\n'}
[0.728409] (webots_ros2_importer) StdoutLine: {'line': b'running install_data\n'}
[0.728524] (webots_ros2_importer) StdoutLine: {'line': b'creating /home/onur/autonomous_robot/install/webots_ros2_importer/share/ament_index/resource_index/packages\n'}
[0.728622] (webots_ros2_importer) StdoutLine: {'line': b'copying resource/webots_ros2_importer -> /home/onur/autonomous_robot/install/webots_ros2_importer/share/ament_index/resource_index/packages\n'}
[0.728722] (webots_ros2_importer) StdoutLine: {'line': b'copying package.xml -> /home/onur/autonomous_robot/install/webots_ros2_importer/share/webots_ros2_importer\n'}
[0.728811] (webots_ros2_importer) StdoutLine: {'line': b'running install_egg_info\n'}
[0.740506] (webots_ros2_importer) StdoutLine: {'line': b'Copying ../../../build/webots_ros2_importer/webots_ros2_importer.egg-info to /home/onur/autonomous_robot/install/webots_ros2_importer/lib/python3.14/site-packages/webots_ros2_importer-2025.0.1-py3.14.egg-info\n'}
[0.740840] (webots_ros2_importer) StdoutLine: {'line': b'running install_scripts\n'}
[0.798750] (webots_ros2_importer) StdoutLine: {'line': b'Installing urdf2proto script to /home/onur/autonomous_robot/install/webots_ros2_importer/lib/webots_ros2_importer\n'}
[0.798948] (webots_ros2_importer) StdoutLine: {'line': b'Installing xacro2proto script to /home/onur/autonomous_robot/install/webots_ros2_importer/lib/webots_ros2_importer\n'}
[0.799057] (webots_ros2_importer) StdoutLine: {'line': b"writing list of installed files to '/home/onur/autonomous_robot/build/webots_ros2_importer/install.log'\n"}
[0.800663] (-) TimerEvent: {}
[0.819777] (webots_ros2_importer) CommandEnded: {'returncode': 0}
[0.831329] (webots_ros2_importer) JobEnded: {'identifier': 'webots_ros2_importer', 'rc': 0}
[0.900844] (-) TimerEvent: {}
[1.001009] (-) TimerEvent: {}
[1.068281] (webots_ros2_msgs) StdoutLine: {'line': b'[  2%] Built target webots_ros2_msgs__cpp\n'}
[1.101094] (-) TimerEvent: {}
[1.201977] (-) TimerEvent: {}
[1.251661] (webots_ros2_msgs) StdoutLine: {'line': b'[  3%] \x1b[32mBuilding C object CMakeFiles/webots_ros2_msgs__rosidl_generator_c.dir/rosidl_generator_c/webots_ros2_msgs/msg/detail/float_stamped__type_support.c.o\x1b[0m\n'}
[1.252090] (webots_ros2_msgs) StdoutLine: {'line': b'[  4%] \x1b[32mBuilding C object CMakeFiles/webots_ros2_msgs__rosidl_generator_c.dir/rosidl_generator_c/webots_ros2_msgs/msg/detail/bool_stamped__type_support.c.o\x1b[0m\n'}
[1.252286] (webots_ros2_msgs) StdoutLine: {'line': b'[  5%] \x1b[32mBuilding C object CMakeFiles/webots_ros2_msgs__rosidl_generator_c.dir/rosidl_generator_c/webots_ros2_msgs/msg/detail/float_stamped__functions.c.o\x1b[0m\n'}
[1.253657] (webots_ros2_msgs) StdoutLine: {'line': b'[  5%] \x1b[32mBuilding C object CMakeFiles/webots_ros2_msgs__rosidl_generator_c.dir/rosidl_generator_c/webots_ros2_msgs/msg/detail/string_stamped__description.c.o\x1b[0m\n'}
[1.254377] (webots_ros2_msgs) StdoutLine: {'line': b'[  5%] \x1b[32mBuilding C object CMakeFiles/webots_ros2_msgs__rosidl_generator_c.dir/rosidl_generator_c/webots_ros2_msgs/msg/detail/bool_stamped__description.c.o\x1b[0m\n'}
[1.254608] (webots_ros2_msgs) StdoutLine: {'line': b'[  6%] \x1b[32mBuilding C object CMakeFiles/webots_ros2_msgs__rosidl_generator_c.dir/rosidl_generator_c/webots_ros2_msgs/msg/detail/string_stamped__type_support.c.o\x1b[0m\n'}
[1.255795] (webots_ros2_msgs) StdoutLine: {'line': b'[  6%] \x1b[32mBuilding C object CMakeFiles/webots_ros2_msgs__rosidl_generator_c.dir/rosidl_generator_c/webots_ros2_msgs/msg/detail/camera_recognition_object__description.c.o\x1b[0m\n'}
[1.257078] (webots_ros2_msgs) StdoutLine: {'line': b'[  7%] \x1b[32mBuilding C object CMakeFiles/webots_ros2_msgs__rosidl_generator_c.dir/rosidl_generator_c/webots_ros2_msgs/msg/detail/camera_recognition_object__type_support.c.o\x1b[0m\n'}
[1.257947] (webots_ros2_msgs) StdoutLine: {'line': b'[  8%] \x1b[32mBuilding C object CMakeFiles/webots_ros2_msgs__rosidl_generator_c.dir/rosidl_generator_c/webots_ros2_msgs/msg/detail/camera_recognition_objects__functions.c.o\x1b[0m\n'}
[1.258145] (webots_ros2_msgs) StdoutLine: {'line': b'[  8%] \x1b[32mBuilding C object CMakeFiles/webots_ros2_msgs__rosidl_generator_c.dir/rosidl_generator_c/webots_ros2_msgs/msg/detail/string_stamped__functions.c.o\x1b[0m\n'}
[1.258301] (webots_ros2_msgs) StdoutLine: {'line': b'[  9%] \x1b[32mBuilding C object CMakeFiles/webots_ros2_msgs__rosidl_generator_c.dir/rosidl_generator_c/webots_ros2_msgs/msg/detail/camera_recognition_objects__type_support.c.o\x1b[0m\n'}
[1.259180] (webots_ros2_msgs) StdoutLine: {'line': b'[ 10%] \x1b[32mBuilding C object CMakeFiles/webots_ros2_msgs__rosidl_generator_c.dir/rosidl_generator_c/webots_ros2_msgs/msg/detail/camera_recognition_object__functions.c.o\x1b[0m\n'}
[1.259443] (webots_ros2_msgs) StdoutLine: {'line': b'[ 11%] \x1b[32mBuilding C object CMakeFiles/webots_ros2_msgs__rosidl_generator_c.dir/rosidl_generator_c/webots_ros2_msgs/msg/detail/urdf_robot__description.c.o\x1b[0m\n'}
[1.260478] (webots_ros2_msgs) StdoutLine: {'line': b'[ 12%] \x1b[32mBuilding C object CMakeFiles/webots_ros2_msgs__rosidl_generator_c.dir/rosidl_generator_c/webots_ros2_msgs/msg/detail/camera_recognition_objects__description.c.o\x1b[0m\n'}
[1.261414] (webots_ros2_msgs) StdoutLine: {'line': b'[ 12%] \x1b[32mBuilding C object CMakeFiles/webots_ros2_msgs__rosidl_generator_c.dir/rosidl_generator_c/webots_ros2_msgs/msg/detail/float_stamped__description.c.o\x1b[0m\n'}
[1.261936] (webots_ros2_msgs) StdoutLine: {'line': b'[ 13%] \x1b[32mBuilding C object CMakeFiles/webots_ros2_msgs__rosidl_generator_c.dir/rosidl_generator_c/webots_ros2_msgs/msg/detail/bool_stamped__functions.c.o\x1b[0m\n'}
[1.302082] (-) TimerEvent: {}
[1.310451] (webots_ros2_msgs) StdoutLine: {'line': b'[ 13%] \x1b[32mBuilding C object CMakeFiles/webots_ros2_msgs__rosidl_generator_c.dir/rosidl_generator_c/webots_ros2_msgs/msg/detail/urdf_robot__functions.c.o\x1b[0m\n'}
[1.310623] (webots_ros2_msgs) StdoutLine: {'line': b'[ 14%] \x1b[32mBuilding C object CMakeFiles/webots_ros2_msgs__rosidl_generator_c.dir/rosidl_generator_c/webots_ros2_msgs/msg/detail/pen_ink_properties__functions.c.o\x1b[0m\n'}
[1.310683] (webots_ros2_msgs) StdoutLine: {'line': b'[ 14%] \x1b[32mBuilding C object CMakeFiles/webots_ros2_msgs__rosidl_generator_c.dir/rosidl_generator_c/webots_ros2_msgs/msg/detail/pen_ink_properties__description.c.o\x1b[0m\n'}
[1.312080] (webots_ros2_msgs) StdoutLine: {'line': b'[ 15%] \x1b[32mBuilding C object CMakeFiles/webots_ros2_msgs__rosidl_generator_c.dir/rosidl_generator_c/webots_ros2_msgs/msg/detail/urdf_robot__type_support.c.o\x1b[0m\n'}
[1.319941] (webots_ros2_msgs) StdoutLine: {'line': b'[ 17%] \x1b[32mBuilding C object CMakeFiles/webots_ros2_msgs__rosidl_generator_c.dir/rosidl_generator_c/webots_ros2_msgs/msg/detail/pen_ink_properties__type_support.c.o\x1b[0m\n'}
[1.320170] (webots_ros2_msgs) StdoutLine: {'line': b'[ 17%] \x1b[32mBuilding C object CMakeFiles/webots_ros2_msgs__rosidl_generator_c.dir/rosidl_generator_c/webots_ros2_msgs/srv/detail/emitter_send_string__description.c.o\x1b[0m\n'}
[1.320919] (webots_ros2_msgs) StdoutLine: {'line': b'[ 18%] \x1b[32mBuilding C object CMakeFiles/webots_ros2_msgs__rosidl_generator_c.dir/rosidl_generator_c/webots_ros2_msgs/srv/detail/emitter_send_string__functions.c.o\x1b[0m\n'}
[1.321044] (webots_ros2_msgs) StdoutLine: {'line': b'[ 18%] \x1b[32mBuilding C object CMakeFiles/webots_ros2_msgs__rosidl_generator_c.dir/rosidl_generator_c/webots_ros2_msgs/srv/detail/emitter_send_string__type_support.c.o\x1b[0m\n'}
[1.330925] (webots_ros2_msgs) StdoutLine: {'line': b'[ 19%] \x1b[32mBuilding C object CMakeFiles/webots_ros2_msgs__rosidl_generator_c.dir/rosidl_generator_c/webots_ros2_msgs/srv/detail/set_string__description.c.o\x1b[0m\n'}
[1.331140] (webots_ros2_msgs) StdoutLine: {'line': b'[ 20%] \x1b[32mBuilding C object CMakeFiles/webots_ros2_msgs__rosidl_generator_c.dir/rosidl_generator_c/webots_ros2_msgs/srv/detail/get_bool__type_support.c.o\x1b[0m\n'}
[1.331233] (webots_ros2_msgs) StdoutLine: {'line': b'[ 20%] \x1b[32mBuilding C object CMakeFiles/webots_ros2_msgs__rosidl_generator_c.dir/rosidl_generator_c/webots_ros2_msgs/srv/detail/set_string__functions.c.o\x1b[0m\n'}
[1.331925] (webots_ros2_msgs) StdoutLine: {'line': b'[ 21%] \x1b[32mBuilding C object CMakeFiles/webots_ros2_msgs__rosidl_generator_c.dir/rosidl_generator_c/webots_ros2_msgs/srv/detail/get_bool__functions.c.o\x1b[0m\n'}
[1.333863] (webots_ros2_msgs) StdoutLine: {'line': b'[ 22%] \x1b[32mBuilding C object CMakeFiles/webots_ros2_msgs__rosidl_generator_c.dir/rosidl_generator_c/webots_ros2_msgs/srv/detail/get_bool__description.c.o\x1b[0m\n'}
[1.336698] (webots_ros2_msgs) StdoutLine: {'line': b'[ 22%] \x1b[32mBuilding C object CMakeFiles/webots_ros2_msgs__rosidl_generator_c.dir/rosidl_generator_c/webots_ros2_msgs/srv/detail/set_string__type_support.c.o\x1b[0m\n'}
[1.339631] (webots_ros2_msgs) StdoutLine: {'line': b'[ 23%] \x1b[32mBuilding C object CMakeFiles/webots_ros2_msgs__rosidl_generator_c.dir/rosidl_generator_c/webots_ros2_msgs/srv/detail/spawn_node_from_string__functions.c.o\x1b[0m\n'}
[1.344986] (webots_ros2_msgs) StdoutLine: {'line': b'[ 23%] \x1b[32mBuilding C object CMakeFiles/webots_ros2_msgs__rosidl_generator_c.dir/rosidl_generator_c/webots_ros2_msgs/srv/detail/spawn_node_from_string__type_support.c.o\x1b[0m\n'}
[1.346898] (webots_ros2_msgs) StdoutLine: {'line': b'[ 24%] \x1b[32mBuilding C object CMakeFiles/webots_ros2_msgs__rosidl_generator_c.dir/rosidl_generator_c/webots_ros2_msgs/srv/detail/spawn_urdf_robot__description.c.o\x1b[0m\n'}
[1.350466] (webots_ros2_msgs) StdoutLine: {'line': b'[ 25%] \x1b[32mBuilding C object CMakeFiles/webots_ros2_msgs__rosidl_generator_c.dir/rosidl_generator_c/webots_ros2_msgs/srv/detail/spawn_node_from_string__description.c.o\x1b[0m\n'}
[1.356925] (webots_ros2_msgs) StdoutLine: {'line': b'[ 26%] \x1b[32mBuilding C object CMakeFiles/webots_ros2_msgs__rosidl_generator_c.dir/rosidl_generator_c/webots_ros2_msgs/srv/detail/spawn_urdf_robot__functions.c.o\x1b[0m\n'}
[1.359445] (webots_ros2_msgs) StdoutLine: {'line': b'[ 26%] \x1b[32mBuilding C object CMakeFiles/webots_ros2_msgs__rosidl_generator_c.dir/rosidl_generator_c/webots_ros2_msgs/srv/detail/spawn_urdf_robot__type_support.c.o\x1b[0m\n'}
[1.402184] (-) TimerEvent: {}
[1.416558] (webots_ros2_msgs) StdoutLine: {'line': b'[ 27%] \x1b[1m\x1b[32mLinking C shared library libwebots_ros2_msgs__rosidl_generator_c.so\x1b[0m\n'}
[1.469543] (webots_ros2_msgs) StdoutLine: {'line': b'[ 27%] Built target webots_ros2_msgs__rosidl_generator_c\n'}
[1.483679] (webots_ros2_msgs) StdoutLine: {'line': b'[ 29%] \x1b[1m\x1b[34mGenerating C introspection for ROS interfaces\x1b[0m\n'}
[1.484041] (webots_ros2_msgs) StdoutLine: {'line': b'[ 29%] \x1b[1m\x1b[34mGenerating C++ type support for eProsima Fast-RTPS\x1b[0m\n'}
[1.484219] (webots_ros2_msgs) StdoutLine: {'line': b'[ 29%] \x1b[1m\x1b[34mGenerating C type support for eProsima Fast-RTPS\x1b[0m\n'}
[1.484374] (webots_ros2_msgs) StdoutLine: {'line': b'[ 29%] \x1b[1m\x1b[34mGenerating C type support dispatch for ROS interfaces\x1b[0m\n'}
[1.484521] (webots_ros2_msgs) StdoutLine: {'line': b'[ 30%] \x1b[1m\x1b[34mGenerating C++ type support dispatch for ROS interfaces\x1b[0m\n'}
[1.487414] (webots_ros2_msgs) StdoutLine: {'line': b'[ 31%] \x1b[1m\x1b[34mGenerating C++ introspection for ROS interfaces\x1b[0m\n'}
[1.502316] (-) TimerEvent: {}
[1.602792] (-) TimerEvent: {}
[1.703099] (-) TimerEvent: {}
[1.803374] (-) TimerEvent: {}
[1.849932] (webots_ros2_msgs) StdoutLine: {'line': b'[ 32%] \x1b[32mBuilding CXX object CMakeFiles/webots_ros2_msgs__rosidl_typesupport_c.dir/rosidl_typesupport_c/webots_ros2_msgs/msg/float_stamped__type_support.cpp.o\x1b[0m\n'}
[1.850143] (webots_ros2_msgs) StdoutLine: {'line': b'[ 33%] \x1b[32mBuilding CXX object CMakeFiles/webots_ros2_msgs__rosidl_typesupport_c.dir/rosidl_typesupport_c/webots_ros2_msgs/msg/bool_stamped__type_support.cpp.o\x1b[0m\n'}
[1.850484] (webots_ros2_msgs) StdoutLine: {'line': b'[ 34%] \x1b[32mBuilding CXX object CMakeFiles/webots_ros2_msgs__rosidl_typesupport_c.dir/rosidl_typesupport_c/webots_ros2_msgs/msg/string_stamped__type_support.cpp.o\x1b[0m\n'}
[1.850619] (webots_ros2_msgs) StdoutLine: {'line': b'[ 34%] \x1b[32mBuilding CXX object CMakeFiles/webots_ros2_msgs__rosidl_typesupport_c.dir/rosidl_typesupport_c/webots_ros2_msgs/msg/camera_recognition_object__type_support.cpp.o\x1b[0m\n'}
[1.851770] (webots_ros2_msgs) StdoutLine: {'line': b'[ 35%] \x1b[32mBuilding CXX object CMakeFiles/webots_ros2_msgs__rosidl_typesupport_c.dir/rosidl_typesupport_c/webots_ros2_msgs/msg/camera_recognition_objects__type_support.cpp.o\x1b[0m\n'}
[1.851919] (webots_ros2_msgs) StdoutLine: {'line': b'[ 36%] \x1b[32mBuilding CXX object CMakeFiles/webots_ros2_msgs__rosidl_typesupport_c.dir/rosidl_typesupport_c/webots_ros2_msgs/msg/urdf_robot__type_support.cpp.o\x1b[0m\n'}
[1.852014] (webots_ros2_msgs) StdoutLine: {'line': b'[ 37%] \x1b[32mBuilding CXX object CMakeFiles/webots_ros2_msgs__rosidl_typesupport_c.dir/rosidl_typesupport_c/webots_ros2_msgs/srv/emitter_send_string__type_support.cpp.o\x1b[0m\n'}
[1.852965] (webots_ros2_msgs) StdoutLine: {'line': b'[ 37%] \x1b[32mBuilding CXX object CMakeFiles/webots_ros2_msgs__rosidl_typesupport_c.dir/rosidl_typesupport_c/webots_ros2_msgs/msg/pen_ink_properties__type_support.cpp.o\x1b[0m\n'}
[1.853663] (webots_ros2_msgs) StdoutLine: {'line': b'[ 38%] \x1b[32mBuilding CXX object CMakeFiles/webots_ros2_msgs__rosidl_typesupport_c.dir/rosidl_typesupport_c/webots_ros2_msgs/srv/set_string__type_support.cpp.o\x1b[0m\n'}
[1.853792] (webots_ros2_msgs) StdoutLine: {'line': b'[ 38%] \x1b[32mBuilding CXX object CMakeFiles/webots_ros2_msgs__rosidl_typesupport_c.dir/rosidl_typesupport_c/webots_ros2_msgs/srv/get_bool__type_support.cpp.o\x1b[0m\n'}
[1.854428] (webots_ros2_msgs) StdoutLine: {'line': b'[ 39%] \x1b[32mBuilding CXX object CMakeFiles/webots_ros2_msgs__rosidl_typesupport_c.dir/rosidl_typesupport_c/webots_ros2_msgs/srv/spawn_node_from_string__type_support.cpp.o\x1b[0m\n'}
[1.863978] (webots_ros2_msgs) StdoutLine: {'line': b'[ 40%] \x1b[32mBuilding CXX object CMakeFiles/webots_ros2_msgs__rosidl_typesupport_cpp.dir/rosidl_typesupport_cpp/webots_ros2_msgs/msg/bool_stamped__type_support.cpp.o\x1b[0m\n'}
[1.897752] (webots_ros2_msgs) StdoutLine: {'line': b'[ 40%] \x1b[32mBuilding CXX object CMakeFiles/webots_ros2_msgs__rosidl_typesupport_cpp.dir/rosidl_typesupport_cpp/webots_ros2_msgs/msg/float_stamped__type_support.cpp.o\x1b[0m\n'}
[1.898420] (webots_ros2_msgs) StdoutLine: {'line': b'[ 42%] \x1b[32mBuilding CXX object CMakeFiles/webots_ros2_msgs__rosidl_typesupport_cpp.dir/rosidl_typesupport_cpp/webots_ros2_msgs/msg/string_stamped__type_support.cpp.o\x1b[0m\n'}
[1.898563] (webots_ros2_msgs) StdoutLine: {'line': b'[ 42%] \x1b[32mBuilding CXX object CMakeFiles/webots_ros2_msgs__rosidl_typesupport_c.dir/rosidl_typesupport_c/webots_ros2_msgs/srv/spawn_urdf_robot__type_support.cpp.o\x1b[0m\n'}
[1.899258] (webots_ros2_msgs) StdoutLine: {'line': b'[ 42%] \x1b[32mBuilding CXX object CMakeFiles/webots_ros2_msgs__rosidl_typesupport_cpp.dir/rosidl_typesupport_cpp/webots_ros2_msgs/msg/urdf_robot__type_support.cpp.o\x1b[0m\n'}
[1.899588] (webots_ros2_msgs) StdoutLine: {'line': b'[ 43%] \x1b[32mBuilding CXX object CMakeFiles/webots_ros2_msgs__rosidl_typesupport_cpp.dir/rosidl_typesupport_cpp/webots_ros2_msgs/msg/pen_ink_properties__type_support.cpp.o\x1b[0m\n'}
[1.899719] (webots_ros2_msgs) StdoutLine: {'line': b'[ 43%] \x1b[32mBuilding CXX object CMakeFiles/webots_ros2_msgs__rosidl_typesupport_cpp.dir/rosidl_typesupport_cpp/webots_ros2_msgs/srv/get_bool__type_support.cpp.o\x1b[0m\n'}
[1.900410] (webots_ros2_msgs) StdoutLine: {'line': b'[ 44%] \x1b[32mBuilding CXX object CMakeFiles/webots_ros2_msgs__rosidl_typesupport_cpp.dir/rosidl_typesupport_cpp/webots_ros2_msgs/msg/camera_recognition_object__type_support.cpp.o\x1b[0m\n'}
[1.901791] (webots_ros2_msgs) StdoutLine: {'line': b'[ 45%] \x1b[32mBuilding CXX object CMakeFiles/webots_ros2_msgs__rosidl_typesupport_cpp.dir/rosidl_typesupport_cpp/webots_ros2_msgs/srv/emitter_send_string__type_support.cpp.o\x1b[0m\n'}
[1.903451] (-) TimerEvent: {}
[1.905985] (webots_ros2_msgs) StdoutLine: {'line': b'[ 46%] \x1b[32mBuilding CXX object CMakeFiles/webots_ros2_msgs__rosidl_typesupport_cpp.dir/rosidl_typesupport_cpp/webots_ros2_msgs/srv/set_string__type_support.cpp.o\x1b[0m\n'}
[1.906138] (webots_ros2_msgs) StdoutLine: {'line': b'[ 47%] \x1b[32mBuilding CXX object CMakeFiles/webots_ros2_msgs__rosidl_typesupport_cpp.dir/rosidl_typesupport_cpp/webots_ros2_msgs/srv/spawn_node_from_string__type_support.cpp.o\x1b[0m\n'}
[1.906201] (webots_ros2_msgs) StdoutLine: {'line': b'[ 48%] \x1b[32mBuilding CXX object CMakeFiles/webots_ros2_msgs__rosidl_typesupport_cpp.dir/rosidl_typesupport_cpp/webots_ros2_msgs/msg/camera_recognition_objects__type_support.cpp.o\x1b[0m\n'}
[1.943904] (webots_ros2_msgs) StdoutLine: {'line': b'[ 48%] \x1b[1m\x1b[32mLinking CXX shared library libwebots_ros2_msgs__rosidl_typesupport_c.so\x1b[0m\n'}
[1.991044] (webots_ros2_msgs) StdoutLine: {'line': b'[ 48%] Built target webots_ros2_msgs__rosidl_typesupport_c\n'}
[1.997404] (webots_ros2_msgs) StdoutLine: {'line': b'[ 48%] \x1b[32mBuilding CXX object CMakeFiles/webots_ros2_msgs__rosidl_typesupport_cpp.dir/rosidl_typesupport_cpp/webots_ros2_msgs/srv/spawn_urdf_robot__type_support.cpp.o\x1b[0m\n'}
[2.003541] (-) TimerEvent: {}
[2.103926] (-) TimerEvent: {}
[2.204171] (-) TimerEvent: {}
[2.269974] (webots_ros2_msgs) StdoutLine: {'line': b'[ 48%] \x1b[32mBuilding CXX object CMakeFiles/webots_ros2_msgs__rosidl_typesupport_introspection_cpp.dir/rosidl_typesupport_introspection_cpp/webots_ros2_msgs/msg/detail/bool_stamped__type_support.cpp.o\x1b[0m\n'}
[2.304934] (-) TimerEvent: {}
[2.386142] (webots_ros2_msgs) StdoutLine: {'line': b'[ 49%] \x1b[32mBuilding C object CMakeFiles/webots_ros2_msgs__rosidl_typesupport_introspection_c.dir/rosidl_typesupport_introspection_c/webots_ros2_msgs/msg/detail/bool_stamped__type_support.c.o\x1b[0m\n'}
[2.405093] (-) TimerEvent: {}
[2.407939] (webots_ros2_msgs) StdoutLine: {'line': b'[ 49%] \x1b[32mBuilding C object CMakeFiles/webots_ros2_msgs__rosidl_typesupport_introspection_c.dir/rosidl_typesupport_introspection_c/webots_ros2_msgs/msg/detail/float_stamped__type_support.c.o\x1b[0m\n'}
[2.419942] (webots_ros2_msgs) StdoutLine: {'line': b'[ 50%] \x1b[32mBuilding C object CMakeFiles/webots_ros2_msgs__rosidl_typesupport_introspection_c.dir/rosidl_typesupport_introspection_c/webots_ros2_msgs/msg/detail/string_stamped__type_support.c.o\x1b[0m\n'}
[2.445319] (webots_ros2_msgs) StdoutLine: {'line': b'[ 52%] \x1b[32mBuilding CXX object CMakeFiles/webots_ros2_msgs__rosidl_typesupport_introspection_cpp.dir/rosidl_typesupport_introspection_cpp/webots_ros2_msgs/msg/detail/float_stamped__type_support.cpp.o\x1b[0m\n'}
[2.445473] (webots_ros2_msgs) StdoutLine: {'line': b'[ 52%] \x1b[32mBuilding CXX object CMakeFiles/webots_ros2_msgs__rosidl_typesupport_introspection_cpp.dir/rosidl_typesupport_introspection_cpp/webots_ros2_msgs/msg/detail/string_stamped__type_support.cpp.o\x1b[0m\n'}
[2.445814] (webots_ros2_msgs) StdoutLine: {'line': b'[ 53%] \x1b[32mBuilding C object CMakeFiles/webots_ros2_msgs__rosidl_typesupport_introspection_c.dir/rosidl_typesupport_introspection_c/webots_ros2_msgs/msg/detail/camera_recognition_object__type_support.c.o\x1b[0m\n'}
[2.447728] (webots_ros2_msgs) StdoutLine: {'line': b'[ 53%] \x1b[32mBuilding CXX object CMakeFiles/webots_ros2_msgs__rosidl_typesupport_introspection_cpp.dir/rosidl_typesupport_introspection_cpp/webots_ros2_msgs/msg/detail/camera_recognition_object__type_support.cpp.o\x1b[0m\n'}
[2.462683] (webots_ros2_msgs) StdoutLine: {'line': b'[ 54%] \x1b[32mBuilding CXX object CMakeFiles/webots_ros2_msgs__rosidl_typesupport_introspection_cpp.dir/rosidl_typesupport_introspection_cpp/webots_ros2_msgs/msg/detail/camera_recognition_objects__type_support.cpp.o\x1b[0m\n'}
[2.490463] (webots_ros2_msgs) StdoutLine: {'line': b'[ 56%] \x1b[32mBuilding CXX object CMakeFiles/webots_ros2_msgs__rosidl_typesupport_introspection_cpp.dir/rosidl_typesupport_introspection_cpp/webots_ros2_msgs/msg/detail/urdf_robot__type_support.cpp.o\x1b[0m\n'}
[2.490620] (webots_ros2_msgs) StdoutLine: {'line': b'[ 56%] \x1b[32mBuilding C object CMakeFiles/webots_ros2_msgs__rosidl_typesupport_introspection_c.dir/rosidl_typesupport_introspection_c/webots_ros2_msgs/msg/detail/camera_recognition_objects__type_support.c.o\x1b[0m\n'}
[2.505939] (-) TimerEvent: {}
[2.521873] (webots_ros2_msgs) StdoutLine: {'line': b'[ 56%] \x1b[32mBuilding C object CMakeFiles/webots_ros2_msgs__rosidl_typesupport_introspection_c.dir/rosidl_typesupport_introspection_c/webots_ros2_msgs/msg/detail/urdf_robot__type_support.c.o\x1b[0m\n'}
[2.522966] (webots_ros2_msgs) StdoutLine: {'line': b'[ 57%] \x1b[32mBuilding C object CMakeFiles/webots_ros2_msgs__rosidl_typesupport_introspection_c.dir/rosidl_typesupport_introspection_c/webots_ros2_msgs/msg/detail/pen_ink_properties__type_support.c.o\x1b[0m\n'}
[2.538043] (webots_ros2_msgs) StdoutLine: {'line': b'[ 58%] \x1b[32mBuilding C object CMakeFiles/webots_ros2_msgs__rosidl_typesupport_introspection_c.dir/rosidl_typesupport_introspection_c/webots_ros2_msgs/srv/detail/emitter_send_string__type_support.c.o\x1b[0m\n'}
[2.543998] (webots_ros2_msgs) StdoutLine: {'line': b'[ 58%] \x1b[32mBuilding C object CMakeFiles/webots_ros2_msgs__rosidl_typesupport_introspection_c.dir/rosidl_typesupport_introspection_c/webots_ros2_msgs/srv/detail/get_bool__type_support.c.o\x1b[0m\n'}
[2.557989] (webots_ros2_msgs) StdoutLine: {'line': b'[ 59%] \x1b[32mBuilding CXX object CMakeFiles/webots_ros2_msgs__rosidl_typesupport_introspection_cpp.dir/rosidl_typesupport_introspection_cpp/webots_ros2_msgs/srv/detail/get_bool__type_support.cpp.o\x1b[0m\n'}
[2.558156] (webots_ros2_msgs) StdoutLine: {'line': b'[ 59%] \x1b[32mBuilding CXX object CMakeFiles/webots_ros2_msgs__rosidl_typesupport_introspection_cpp.dir/rosidl_typesupport_introspection_cpp/webots_ros2_msgs/srv/detail/emitter_send_string__type_support.cpp.o\x1b[0m\n'}
[2.558235] (webots_ros2_msgs) StdoutLine: {'line': b'[ 60%] \x1b[32mBuilding CXX object CMakeFiles/webots_ros2_msgs__rosidl_typesupport_introspection_cpp.dir/rosidl_typesupport_introspection_cpp/webots_ros2_msgs/msg/detail/pen_ink_properties__type_support.cpp.o\x1b[0m\n'}
[2.558580] (webots_ros2_msgs) StdoutLine: {'line': b'[ 61%] \x1b[32mBuilding C object CMakeFiles/webots_ros2_msgs__rosidl_typesupport_introspection_c.dir/rosidl_typesupport_introspection_c/webots_ros2_msgs/srv/detail/set_string__type_support.c.o\x1b[0m\n'}
[2.589933] (webots_ros2_msgs) StdoutLine: {'line': b'[ 63%] \x1b[32mBuilding CXX object CMakeFiles/webots_ros2_msgs__rosidl_typesupport_introspection_cpp.dir/rosidl_typesupport_introspection_cpp/webots_ros2_msgs/srv/detail/set_string__type_support.cpp.o\x1b[0m\n'}
[2.590090] (webots_ros2_msgs) StdoutLine: {'line': b'[ 63%] \x1b[32mBuilding C object CMakeFiles/webots_ros2_msgs__rosidl_typesupport_introspection_c.dir/rosidl_typesupport_introspection_c/webots_ros2_msgs/srv/detail/spawn_node_from_string__type_support.c.o\x1b[0m\n'}
[2.606092] (-) TimerEvent: {}
[2.636487] (webots_ros2_msgs) StdoutLine: {'line': b'[ 63%] \x1b[32mBuilding C object CMakeFiles/webots_ros2_msgs__rosidl_typesupport_introspection_c.dir/rosidl_typesupport_introspection_c/webots_ros2_msgs/srv/detail/spawn_urdf_robot__type_support.c.o\x1b[0m\n'}
[2.677446] (webots_ros2_msgs) StdoutLine: {'line': b'[ 64%] \x1b[1m\x1b[32mLinking CXX shared library libwebots_ros2_msgs__rosidl_typesupport_cpp.so\x1b[0m\n'}
[2.686954] (webots_ros2_msgs) StdoutLine: {'line': b'[ 65%] \x1b[1m\x1b[32mLinking C shared library libwebots_ros2_msgs__rosidl_typesupport_introspection_c.so\x1b[0m\n'}
[2.701942] (webots_ros2_msgs) StdoutLine: {'line': b'[ 66%] \x1b[32mBuilding CXX object CMakeFiles/webots_ros2_msgs__rosidl_typesupport_fastrtps_cpp.dir/rosidl_typesupport_fastrtps_cpp/webots_ros2_msgs/msg/detail/dds_fastrtps/bool_stamped__type_support.cpp.o\x1b[0m\n'}
[2.706962] (-) TimerEvent: {}
[2.729508] (webots_ros2_msgs) StdoutLine: {'line': b'[ 66%] Built target webots_ros2_msgs__rosidl_typesupport_introspection_c\n'}
[2.738249] (webots_ros2_msgs) StdoutLine: {'line': b'[ 67%] \x1b[32mBuilding CXX object CMakeFiles/webots_ros2_msgs__rosidl_typesupport_fastrtps_cpp.dir/rosidl_typesupport_fastrtps_cpp/webots_ros2_msgs/msg/detail/dds_fastrtps/float_stamped__type_support.cpp.o\x1b[0m\n'}
[2.767984] (webots_ros2_msgs) StdoutLine: {'line': b'[ 67%] Built target webots_ros2_msgs__rosidl_typesupport_cpp\n'}
[2.771725] (webots_ros2_msgs) StdoutLine: {'line': b'[ 68%] \x1b[32mBuilding CXX object CMakeFiles/webots_ros2_msgs__rosidl_typesupport_introspection_cpp.dir/rosidl_typesupport_introspection_cpp/webots_ros2_msgs/srv/detail/spawn_urdf_robot__type_support.cpp.o\x1b[0m\n'}
[2.775200] (webots_ros2_msgs) StdoutLine: {'line': b'[ 68%] \x1b[32mBuilding CXX object CMakeFiles/webots_ros2_msgs__rosidl_typesupport_fastrtps_cpp.dir/rosidl_typesupport_fastrtps_cpp/webots_ros2_msgs/msg/detail/dds_fastrtps/string_stamped__type_support.cpp.o\x1b[0m\n'}
[2.783651] (webots_ros2_msgs) StdoutLine: {'line': b'[ 69%] \x1b[32mBuilding CXX object CMakeFiles/webots_ros2_msgs__rosidl_typesupport_fastrtps_cpp.dir/rosidl_typesupport_fastrtps_cpp/webots_ros2_msgs/msg/detail/dds_fastrtps/camera_recognition_object__type_support.cpp.o\x1b[0m\n'}
[2.807057] (-) TimerEvent: {}
[2.880731] (webots_ros2_msgs) StdoutLine: {'line': b'[ 69%] \x1b[32mBuilding CXX object CMakeFiles/webots_ros2_msgs__rosidl_typesupport_fastrtps_c.dir/rosidl_typesupport_fastrtps_c/webots_ros2_msgs/msg/detail/bool_stamped__type_support_c.cpp.o\x1b[0m\n'}
[2.907710] (-) TimerEvent: {}
[2.911424] (webots_ros2_msgs) StdoutLine: {'line': b'[ 70%] \x1b[32mBuilding CXX object CMakeFiles/webots_ros2_msgs__rosidl_typesupport_fastrtps_c.dir/rosidl_typesupport_fastrtps_c/webots_ros2_msgs/msg/detail/float_stamped__type_support_c.cpp.o\x1b[0m\n'}
[3.007828] (-) TimerEvent: {}
[3.015944] (webots_ros2_msgs) StdoutLine: {'line': b'[ 70%] \x1b[32mBuilding CXX object CMakeFiles/webots_ros2_msgs__rosidl_typesupport_introspection_cpp.dir/rosidl_typesupport_introspection_cpp/webots_ros2_msgs/srv/detail/spawn_node_from_string__type_support.cpp.o\x1b[0m\n'}
[3.038876] (webots_ros2_msgs) StdoutLine: {'line': b'[ 72%] \x1b[32mBuilding CXX object CMakeFiles/webots_ros2_msgs__rosidl_typesupport_fastrtps_c.dir/rosidl_typesupport_fastrtps_c/webots_ros2_msgs/msg/detail/string_stamped__type_support_c.cpp.o\x1b[0m\n'}
[3.039090] (webots_ros2_msgs) StdoutLine: {'line': b'[ 72%] \x1b[32mBuilding CXX object CMakeFiles/webots_ros2_msgs__rosidl_typesupport_fastrtps_c.dir/rosidl_typesupport_fastrtps_c/webots_ros2_msgs/msg/detail/camera_recognition_object__type_support_c.cpp.o\x1b[0m\n'}
[3.107938] (-) TimerEvent: {}
[3.191170] (webots_ros2_msgs) StdoutLine: {'line': b'[ 73%] \x1b[32mBuilding CXX object CMakeFiles/webots_ros2_msgs__rosidl_typesupport_fastrtps_cpp.dir/rosidl_typesupport_fastrtps_cpp/webots_ros2_msgs/msg/detail/dds_fastrtps/urdf_robot__type_support.cpp.o\x1b[0m\n'}
[3.192686] (webots_ros2_msgs) StdoutLine: {'line': b'[ 74%] \x1b[32mBuilding CXX object CMakeFiles/webots_ros2_msgs__rosidl_typesupport_fastrtps_cpp.dir/rosidl_typesupport_fastrtps_cpp/webots_ros2_msgs/msg/detail/dds_fastrtps/camera_recognition_objects__type_support.cpp.o\x1b[0m\n'}
[3.208040] (-) TimerEvent: {}
[3.215799] (webots_ros2_msgs) StdoutLine: {'line': b'[ 74%] \x1b[32mBuilding CXX object CMakeFiles/webots_ros2_msgs__rosidl_typesupport_fastrtps_cpp.dir/rosidl_typesupport_fastrtps_cpp/webots_ros2_msgs/msg/detail/dds_fastrtps/pen_ink_properties__type_support.cpp.o\x1b[0m\n'}
[3.305617] (webots_ros2_msgs) StdoutLine: {'line': b'[ 75%] \x1b[32mBuilding CXX object CMakeFiles/webots_ros2_msgs__rosidl_typesupport_fastrtps_cpp.dir/rosidl_typesupport_fastrtps_cpp/webots_ros2_msgs/srv/detail/dds_fastrtps/emitter_send_string__type_support.cpp.o\x1b[0m\n'}
[3.308136] (-) TimerEvent: {}
[3.314554] (webots_ros2_msgs) StdoutLine: {'line': b'[ 76%] \x1b[32mBuilding CXX object CMakeFiles/webots_ros2_msgs__rosidl_typesupport_fastrtps_c.dir/rosidl_typesupport_fastrtps_c/webots_ros2_msgs/msg/detail/pen_ink_properties__type_support_c.cpp.o\x1b[0m\n'}
[3.314742] (webots_ros2_msgs) StdoutLine: {'line': b'[ 77%] \x1b[32mBuilding CXX object CMakeFiles/webots_ros2_msgs__rosidl_typesupport_fastrtps_c.dir/rosidl_typesupport_fastrtps_c/webots_ros2_msgs/msg/detail/urdf_robot__type_support_c.cpp.o\x1b[0m\n'}
[3.315354] (webots_ros2_msgs) StdoutLine: {'line': b'[ 77%] \x1b[32mBuilding CXX object CMakeFiles/webots_ros2_msgs__rosidl_typesupport_fastrtps_c.dir/rosidl_typesupport_fastrtps_c/webots_ros2_msgs/msg/detail/camera_recognition_objects__type_support_c.cpp.o\x1b[0m\n'}
[3.408238] (-) TimerEvent: {}
[3.465919] (webots_ros2_msgs) StdoutLine: {'line': b'[ 77%] \x1b[32mBuilding CXX object CMakeFiles/webots_ros2_msgs__rosidl_typesupport_fastrtps_c.dir/rosidl_typesupport_fastrtps_c/webots_ros2_msgs/srv/detail/emitter_send_string__type_support_c.cpp.o\x1b[0m\n'}
[3.467221] (webots_ros2_msgs) StdoutLine: {'line': b'[ 78%] \x1b[32mBuilding CXX object CMakeFiles/webots_ros2_msgs__rosidl_typesupport_fastrtps_c.dir/rosidl_typesupport_fastrtps_c/webots_ros2_msgs/srv/detail/get_bool__type_support_c.cpp.o\x1b[0m\n'}
[3.493911] (webots_ros2_msgs) StdoutLine: {'line': b'[ 79%] \x1b[32mBuilding CXX object CMakeFiles/webots_ros2_msgs__rosidl_typesupport_fastrtps_cpp.dir/rosidl_typesupport_fastrtps_cpp/webots_ros2_msgs/srv/detail/dds_fastrtps/get_bool__type_support.cpp.o\x1b[0m\n'}
[3.508389] (-) TimerEvent: {}
[3.608684] (-) TimerEvent: {}
[3.671583] (webots_ros2_msgs) StdoutLine: {'line': b'[ 79%] \x1b[32mBuilding CXX object CMakeFiles/webots_ros2_msgs__rosidl_typesupport_fastrtps_cpp.dir/rosidl_typesupport_fastrtps_cpp/webots_ros2_msgs/srv/detail/dds_fastrtps/set_string__type_support.cpp.o\x1b[0m\n'}
[3.671776] (webots_ros2_msgs) StdoutLine: {'line': b'[ 79%] \x1b[32mBuilding CXX object CMakeFiles/webots_ros2_msgs__rosidl_typesupport_fastrtps_c.dir/rosidl_typesupport_fastrtps_c/webots_ros2_msgs/srv/detail/spawn_node_from_string__type_support_c.cpp.o\x1b[0m\n'}
[3.692576] (webots_ros2_msgs) StdoutLine: {'line': b'[ 81%] \x1b[32mBuilding CXX object CMakeFiles/webots_ros2_msgs__rosidl_typesupport_fastrtps_c.dir/rosidl_typesupport_fastrtps_c/webots_ros2_msgs/srv/detail/set_string__type_support_c.cpp.o\x1b[0m\n'}
[3.692755] (webots_ros2_msgs) StdoutLine: {'line': b'[ 81%] \x1b[32mBuilding CXX object CMakeFiles/webots_ros2_msgs__rosidl_typesupport_fastrtps_cpp.dir/rosidl_typesupport_fastrtps_cpp/webots_ros2_msgs/srv/detail/dds_fastrtps/spawn_node_from_string__type_support.cpp.o\x1b[0m\n'}
[3.710117] (-) TimerEvent: {}
[3.776001] (webots_ros2_msgs) StdoutLine: {'line': b'[ 82%] \x1b[1m\x1b[32mLinking CXX shared library libwebots_ros2_msgs__rosidl_typesupport_introspection_cpp.so\x1b[0m\n'}
[3.796208] (webots_ros2_msgs) StdoutLine: {'line': b'[ 83%] \x1b[32mBuilding CXX object CMakeFiles/webots_ros2_msgs__rosidl_typesupport_fastrtps_cpp.dir/rosidl_typesupport_fastrtps_cpp/webots_ros2_msgs/srv/detail/dds_fastrtps/spawn_urdf_robot__type_support.cpp.o\x1b[0m\n'}
[3.797867] (webots_ros2_msgs) StdoutLine: {'line': b'[ 84%] \x1b[32mBuilding CXX object CMakeFiles/webots_ros2_msgs__rosidl_typesupport_fastrtps_c.dir/rosidl_typesupport_fastrtps_c/webots_ros2_msgs/srv/detail/spawn_urdf_robot__type_support_c.cpp.o\x1b[0m\n'}
[3.810938] (-) TimerEvent: {}
[3.891237] (webots_ros2_msgs) StdoutLine: {'line': b'[ 84%] Built target webots_ros2_msgs__rosidl_typesupport_introspection_cpp\n'}
[3.911041] (-) TimerEvent: {}
[4.012440] (-) TimerEvent: {}
[4.113701] (-) TimerEvent: {}
[4.213943] (-) TimerEvent: {}
[4.314217] (-) TimerEvent: {}
[4.380905] (webots_ros2_msgs) StdoutLine: {'line': b'[ 85%] \x1b[1m\x1b[32mLinking CXX shared library libwebots_ros2_msgs__rosidl_typesupport_fastrtps_c.so\x1b[0m\n'}
[4.414303] (-) TimerEvent: {}
[4.426484] (webots_ros2_msgs) StdoutLine: {'line': b'[ 85%] \x1b[1m\x1b[32mLinking CXX shared library libwebots_ros2_msgs__rosidl_typesupport_fastrtps_cpp.so\x1b[0m\n'}
[4.455355] (webots_ros2_msgs) StdoutLine: {'line': b'[ 85%] Built target webots_ros2_msgs__rosidl_typesupport_fastrtps_c\n'}
[4.501074] (webots_ros2_msgs) StdoutLine: {'line': b'[ 85%] Built target webots_ros2_msgs__rosidl_typesupport_fastrtps_cpp\n'}
[4.514460] (-) TimerEvent: {}
[4.526080] (webots_ros2_msgs) StdoutLine: {'line': b'[ 85%] Built target webots_ros2_msgs\n'}
[4.557502] (webots_ros2_msgs) StdoutLine: {'line': b'[ 86%] \x1b[1m\x1b[34mGenerating Python code for ROS interfaces\x1b[0m\n'}
[4.614586] (-) TimerEvent: {}
[4.714912] (-) TimerEvent: {}
[4.815180] (-) TimerEvent: {}
[4.915538] (-) TimerEvent: {}
[5.015980] (-) TimerEvent: {}
[5.116172] (-) TimerEvent: {}
[5.216343] (-) TimerEvent: {}
[5.316555] (-) TimerEvent: {}
[5.416769] (-) TimerEvent: {}
[5.516946] (-) TimerEvent: {}
[5.617143] (-) TimerEvent: {}
[5.717326] (-) TimerEvent: {}
[5.801501] (webots_ros2_msgs) StdoutLine: {'line': b'[ 86%] Built target webots_ros2_msgs__py\n'}
[5.817474] (-) TimerEvent: {}
[5.823689] (webots_ros2_msgs) StdoutLine: {'line': b'[ 86%] \x1b[32mBuilding C object CMakeFiles/webots_ros2_msgs__rosidl_generator_py.dir/rosidl_generator_py/webots_ros2_msgs/msg/_float_stamped_s.c.o\x1b[0m\n'}
[5.824330] (webots_ros2_msgs) StdoutLine: {'line': b'[ 87%] \x1b[32mBuilding C object CMakeFiles/webots_ros2_msgs__rosidl_generator_py.dir/rosidl_generator_py/webots_ros2_msgs/msg/_string_stamped_s.c.o\x1b[0m\n'}
[5.824682] (webots_ros2_msgs) StdoutLine: {'line': b'[ 89%] \x1b[32mBuilding C object CMakeFiles/webots_ros2_msgs__rosidl_generator_py.dir/rosidl_generator_py/webots_ros2_msgs/msg/_camera_recognition_object_s.c.o\x1b[0m\n'}
[5.825005] (webots_ros2_msgs) StdoutLine: {'line': b'[ 89%] \x1b[32mBuilding C object CMakeFiles/webots_ros2_msgs__rosidl_generator_py.dir/rosidl_generator_py/webots_ros2_msgs/msg/_pen_ink_properties_s.c.o\x1b[0m\n'}
[5.826485] (webots_ros2_msgs) StdoutLine: {'line': b'[ 89%] \x1b[32mBuilding C object CMakeFiles/webots_ros2_msgs__rosidl_generator_py.dir/rosidl_generator_py/webots_ros2_msgs/msg/_urdf_robot_s.c.o\x1b[0m\n'}
[5.826841] (webots_ros2_msgs) StdoutLine: {'line': b'[ 90%] \x1b[32mBuilding C object CMakeFiles/webots_ros2_msgs__rosidl_generator_py.dir/rosidl_generator_py/webots_ros2_msgs/msg/_bool_stamped_s.c.o\x1b[0m\n'}
[5.827594] (webots_ros2_msgs) StdoutLine: {'line': b'[ 91%] \x1b[32mBuilding C object CMakeFiles/webots_ros2_msgs__rosidl_generator_py.dir/rosidl_generator_py/webots_ros2_msgs/srv/_emitter_send_string_s.c.o\x1b[0m\n'}
[5.828340] (webots_ros2_msgs) StdoutLine: {'line': b'[ 91%] \x1b[32mBuilding C object CMakeFiles/webots_ros2_msgs__rosidl_generator_py.dir/rosidl_generator_py/webots_ros2_msgs/srv/_get_bool_s.c.o\x1b[0m\n'}
[5.829023] (webots_ros2_msgs) StdoutLine: {'line': b'[ 94%] \x1b[32mBuilding C object CMakeFiles/webots_ros2_msgs__rosidl_generator_py.dir/rosidl_generator_py/webots_ros2_msgs/srv/_set_string_s.c.o\x1b[0m\n'}
[5.829247] (webots_ros2_msgs) StdoutLine: {'line': b'[ 94%] \x1b[32mBuilding C object CMakeFiles/webots_ros2_msgs__rosidl_generator_py.dir/rosidl_generator_py/webots_ros2_msgs/srv/_spawn_node_from_string_s.c.o\x1b[0m\n'}
[5.829375] (webots_ros2_msgs) StdoutLine: {'line': b'[ 94%] \x1b[32mBuilding C object CMakeFiles/webots_ros2_msgs__rosidl_generator_py.dir/rosidl_generator_py/webots_ros2_msgs/msg/_camera_recognition_objects_s.c.o\x1b[0m\n'}
[5.829632] (webots_ros2_msgs) StdoutLine: {'line': b'[ 94%] \x1b[32mBuilding C object CMakeFiles/webots_ros2_msgs__rosidl_generator_py.dir/rosidl_generator_py/webots_ros2_msgs/srv/_spawn_urdf_robot_s.c.o\x1b[0m\n'}
[5.842770] (webots_ros2_msgs) StdoutLine: {'line': b'[ 94%] Built target ament_cmake_python_sync_webots_ros2_msgs\n'}
[5.917552] (-) TimerEvent: {}
[6.007609] (webots_ros2_msgs) StdoutLine: {'line': b'[ 95%] \x1b[1m\x1b[32mLinking C shared library libwebots_ros2_msgs__rosidl_generator_py.so\x1b[0m\n'}
[6.017663] (-) TimerEvent: {}
[6.028419] (webots_ros2_msgs) StdoutLine: {'line': b'running egg_info\n'}
[6.039911] (webots_ros2_msgs) StdoutLine: {'line': b'creating webots_ros2_msgs.egg-info\n'}
[6.039985] (webots_ros2_msgs) StdoutLine: {'line': b'writing webots_ros2_msgs.egg-info/PKG-INFO\n'}
[6.040111] (webots_ros2_msgs) StdoutLine: {'line': b'writing dependency_links to webots_ros2_msgs.egg-info/dependency_links.txt\n'}
[6.040243] (webots_ros2_msgs) StdoutLine: {'line': b'writing top-level names to webots_ros2_msgs.egg-info/top_level.txt\n'}
[6.040300] (webots_ros2_msgs) StdoutLine: {'line': b"writing manifest file 'webots_ros2_msgs.egg-info/SOURCES.txt'\n"}
[6.051051] (webots_ros2_msgs) StdoutLine: {'line': b'[ 95%] Built target webots_ros2_msgs__rosidl_generator_py\n'}
[6.065758] (webots_ros2_msgs) StdoutLine: {'line': b'[ 96%] \x1b[32mBuilding C object CMakeFiles/webots_ros2_msgs_s__rosidl_typesupport_c.dir/rosidl_generator_py/webots_ros2_msgs/_webots_ros2_msgs_s.ep.rosidl_typesupport_c.c.o\x1b[0m\n'}
[6.066328] (webots_ros2_msgs) StdoutLine: {'line': b'[ 96%] \x1b[32mBuilding C object CMakeFiles/webots_ros2_msgs_s__rosidl_typesupport_fastrtps_c.dir/rosidl_generator_py/webots_ros2_msgs/_webots_ros2_msgs_s.ep.rosidl_typesupport_fastrtps_c.c.o\x1b[0m\n'}
[6.070880] (webots_ros2_msgs) StdoutLine: {'line': b'[ 97%] \x1b[32mBuilding C object CMakeFiles/webots_ros2_msgs_s__rosidl_typesupport_introspection_c.dir/rosidl_generator_py/webots_ros2_msgs/_webots_ros2_msgs_s.ep.rosidl_typesupport_introspection_c.c.o\x1b[0m\n'}
[6.076438] (webots_ros2_msgs) StdoutLine: {'line': b"reading manifest file 'webots_ros2_msgs.egg-info/SOURCES.txt'\n"}
[6.076948] (webots_ros2_msgs) StdoutLine: {'line': b"writing manifest file 'webots_ros2_msgs.egg-info/SOURCES.txt'\n"}
[6.100081] (webots_ros2_msgs) StdoutLine: {'line': b'[ 97%] Built target ament_cmake_python_build_webots_ros2_msgs_egg\n'}
[6.117759] (-) TimerEvent: {}
[6.178637] (webots_ros2_msgs) StdoutLine: {'line': b'[ 98%] \x1b[1m\x1b[32mLinking C shared module rosidl_generator_py/webots_ros2_msgs/webots_ros2_msgs_s__rosidl_typesupport_fastrtps_c.so\x1b[0m\n'}
[6.179412] (webots_ros2_msgs) StdoutLine: {'line': b'[ 99%] \x1b[1m\x1b[32mLinking C shared module rosidl_generator_py/webots_ros2_msgs/webots_ros2_msgs_s__rosidl_typesupport_c.so\x1b[0m\n'}
[6.186384] (webots_ros2_msgs) StdoutLine: {'line': b'[100%] \x1b[1m\x1b[32mLinking C shared module rosidl_generator_py/webots_ros2_msgs/webots_ros2_msgs_s__rosidl_typesupport_introspection_c.so\x1b[0m\n'}
[6.200396] (webots_ros2_msgs) StdoutLine: {'line': b'[100%] Built target webots_ros2_msgs_s__rosidl_typesupport_fastrtps_c\n'}
[6.209964] (webots_ros2_msgs) StdoutLine: {'line': b'[100%] Built target webots_ros2_msgs_s__rosidl_typesupport_c\n'}
[6.217866] (-) TimerEvent: {}
[6.223252] (webots_ros2_msgs) StdoutLine: {'line': b'[100%] Built target webots_ros2_msgs_s__rosidl_typesupport_introspection_c\n'}
[6.232829] (webots_ros2_msgs) CommandEnded: {'returncode': 0}
[6.233406] (webots_ros2_msgs) JobProgress: {'identifier': 'webots_ros2_msgs', 'progress': 'install'}
[6.240969] (webots_ros2_msgs) Command: {'cmd': ['/usr/bin/cmake', '--install', '/home/onur/autonomous_robot/build/webots_ros2_msgs'], 'cwd': '/home/onur/autonomous_robot/build/webots_ros2_msgs', 'env': OrderedDict({'LESSOPEN': '| /usr/bin/lesspipe %s', 'USER': 'onur', 'GZ_CONFIG_PATH': '/opt/ros/lyrical/opt/sdformat_vendor/share/gz', 'XDG_SESSION_TYPE': 'wayland', 'PTYXIS_VERSION': '50.1', 'SHLVL': '1', 'LD_LIBRARY_PATH': '/opt/ros/lyrical/opt/sdformat_vendor/lib:/opt/ros/lyrical/opt/gz_tools_vendor/lib:/opt/ros/lyrical/opt/gz_math_vendor/lib:/opt/ros/lyrical/opt/gz_utils_vendor/lib:/opt/ros/lyrical/opt/rviz_ogre_vendor/lib:/opt/ros/lyrical/lib/x86_64-linux-gnu:/opt/ros/lyrical/opt/gz_cmake_vendor/lib:/opt/ros/lyrical/lib', 'HOME': '/home/onur', 'OLDPWD': '/home/onur/autonomous_robot/src/webots_ros2', 'DESKTOP_SESSION': 'ubuntu', 'NVM_BIN': '/home/onur/.nvm/versions/node/v24.20.0/bin', 'NVM_INC': '/home/onur/.nvm/versions/node/v24.20.0/include/node', 'IM_CONFIG_ENTRY': 'profile', 'ROS_PYTHON_VERSION': '3', 'GTK_MODULES': 'gail:atk-bridge', 'MANAGERPID': '5622', 'DBUS_STARTER_BUS_TYPE': 'session', 'SYSTEMD_EXEC_PID': '5679', 'DBUS_SESSION_BUS_ADDRESS': 'unix:path=/run/user/1000/bus,guid=3e7ce15796779a58c58491916aa4375c', 'COLORTERM': 'truecolor', 'NVM_DIR': '/home/onur/.nvm', 'DEBUGINFOD_URLS': 'https://debuginfod.ubuntu.com', 'WAYLAND_DISPLAY': 'wayland-0', 'COLCON_PREFIX_PATH': '/home/onur/autonomous_robot/install', 'ROS_DISTRO': 'lyrical', 'LOGNAME': 'onur', 'MANAGERPIDFDID': '12827', '_': '/usr/bin/colcon', 'ROS_VERSION': '2', 'MEMORY_PRESSURE_WATCH': '/sys/fs/cgroup/user.slice/user-1000.slice/user@1000.service/session.slice/dbus.service/memory.pressure', 'XDG_SESSION_CLASS': 'user', 'USERNAME': 'onur', 'TERM': 'xterm-256color', 'GNOME_DESKTOP_SESSION_ID': 'this-is-deprecated', 'FLATPAK_TTY_PROGRESS': '1', 'PATH': '/opt/ros/lyrical/opt/gz_tools_vendor/bin:/opt/ros/lyrical/bin:/home/onur/.opencode/bin:/home/onur/.nvm/versions/node/v24.20.0/bin:/home/onur/.local/bin:/home/onur/.local/bin:/home/onur/.local/bin:/home/onur/.local/bin:/usr/local/sbin:/usr/local/bin:/usr/sbin:/usr/bin:/sbin:/bin:/usr/games:/usr/local/games:/snap/bin:/snap/bin:/home/onur/webots', 'INVOCATION_ID': '83eb2fbf06af433aae37214d63a74bec', 'XDG_MENU_PREFIX': 'gnome-', 'PTYXIS_PROFILE': '82a4d075e8ab3fd0d3bfb7fa6a8dfdba', 'GNOME_SETUP_DISPLAY': 'unix:/tmp/.X11-unix/X1', 'XDG_RUNTIME_DIR': '/run/user/1000', 'DISPLAY': ':0', 'LANG': 'en_US.UTF-8', 'XDG_CURRENT_DESKTOP': 'ubuntu:GNOME', 'XMODIFIERS': '@im=ibus', 'XDG_SESSION_DESKTOP': 'ubuntu', 'XAUTHORITY': '/run/user/1000/.mutter-Xwaylandauth.H8PHV3', 'LS_COLORS': 'rs=0:di=01;34:ln=01;36:mh=00:pi=40;33:so=01;35:do=01;35:bd=40;33;01:cd=40;33;01:or=40;31;01:mi=00:su=37;41:sg=30;43:ca=00:tw=30;42:ow=34;42:st=37;44:ex=01;32:*.tar=01;31:*.tgz=01;31:*.arc=01;31:*.arj=01;31:*.taz=01;31:*.lha=01;31:*.lz4=01;31:*.lzh=01;31:*.lzma=01;31:*.tlz=01;31:*.txz=01;31:*.tzo=01;31:*.t7z=01;31:*.zip=01;31:*.z=01;31:*.dz=01;31:*.gz=01;31:*.lrz=01;31:*.lz=01;31:*.lzo=01;31:*.xz=01;31:*.zst=01;31:*.tzst=01;31:*.bz2=01;31:*.bz=01;31:*.tbz=01;31:*.tbz2=01;31:*.tz=01;31:*.deb=01;31:*.rpm=01;31:*.jar=01;31:*.war=01;31:*.ear=01;31:*.sar=01;31:*.rar=01;31:*.alz=01;31:*.ace=01;31:*.zoo=01;31:*.cpio=01;31:*.7z=01;31:*.rz=01;31:*.cab=01;31:*.wim=01;31:*.swm=01;31:*.dwm=01;31:*.esd=01;31:*.avif=01;35:*.jpg=01;35:*.jpeg=01;35:*.mjpg=01;35:*.mjpeg=01;35:*.gif=01;35:*.bmp=01;35:*.pbm=01;35:*.pgm=01;35:*.ppm=01;35:*.tga=01;35:*.xbm=01;35:*.xpm=01;35:*.tif=01;35:*.tiff=01;35:*.png=01;35:*.svg=01;35:*.svgz=01;35:*.mng=01;35:*.pcx=01;35:*.mov=01;35:*.mpg=01;35:*.mpeg=01;35:*.m2v=01;35:*.mkv=01;35:*.webm=01;35:*.webp=01;35:*.ogm=01;35:*.mp4=01;35:*.m4v=01;35:*.mp4v=01;35:*.vob=01;35:*.qt=01;35:*.nuv=01;35:*.wmv=01;35:*.asf=01;35:*.rm=01;35:*.rmvb=01;35:*.flc=01;35:*.avi=01;35:*.fli=01;35:*.flv=01;35:*.gl=01;35:*.dl=01;35:*.xcf=01;35:*.xwd=01;35:*.yuv=01;35:*.cgm=01;35:*.emf=01;35:*.ogv=01;35:*.ogx=01;35:*.aac=00;36:*.au=00;36:*.flac=00;36:*.m4a=00;36:*.mid=00;36:*.midi=00;36:*.mka=00;36:*.mp3=00;36:*.mpc=00;36:*.ogg=00;36:*.ra=00;36:*.wav=00;36:*.oga=00;36:*.opus=00;36:*.spx=00;36:*.xspf=00;36:*~=00;90:*#=00;90:*.bak=00;90:*.old=00;90:*.orig=00;90:*.part=00;90:*.rej=00;90:*.swp=00;90:*.tmp=00;90:*.dpkg-dist=00;90:*.dpkg-old=00;90:*.ucf-dist=00;90:*.ucf-new=00;90:*.ucf-old=00;90:*.rpmnew=00;90:*.rpmorig=00;90:*.rpmsave=00;90:', 'SSH_AUTH_SOCK': '/run/user/1000/gcr/ssh', 'AMENT_PREFIX_PATH': '/opt/ros/lyrical', 'SHELL': '/bin/bash', 'QT_ACCESSIBILITY': '1', 'GDMSESSION': 'ubuntu', 'WEBOTS_HOME': '/home/onur/webots', 'LESSCLOSE': '/usr/bin/lesspipe %s %s', 'GPG_AGENT_INFO': '/run/user/1000/gnupg/S.gpg-agent:0:1', 'ROS_AUTOMATIC_DISCOVERY_RANGE': 'SUBNET', 'QT_IM_MODULE': 'ibus', 'PWD': '/home/onur/autonomous_robot/build/webots_ros2_msgs', 'XDG_CONFIG_DIRS': '/etc/xdg/xdg-ubuntu:/etc/xdg', 'NVM_CD_FLAGS': '', 'DBUS_STARTER_ADDRESS': 'unix:path=/run/user/1000/bus,guid=3e7ce15796779a58c58491916aa4375c', 'XDG_DATA_DIRS': '/usr/share/ubuntu:/usr/share/gnome:/usr/local/share/:/usr/share/:/var/lib/snapd/desktop', 'XDG_SESSION_EXTRA_DEVICE_ACCESS': 'render:accel', 'PYTHONPATH': '/opt/ros/lyrical/opt/sdformat_vendor/lib/python:/opt/ros/lyrical/opt/gz_math_vendor/lib/python:/opt/ros/lyrical/lib/python3.14/site-packages', 'COLCON': '1', 'QT_IM_MODULES': 'wayland;ibus', 'MEMORY_PRESSURE_WRITE': 'c29tZSAyMDAwMDAgMjAwMDAwMAA=', 'VTE_VERSION': '8400', 'CMAKE_PREFIX_PATH': '/opt/ros/lyrical/opt/sdformat_vendor:/opt/ros/lyrical/opt/gz_tools_vendor:/opt/ros/lyrical/opt/gz_math_vendor:/opt/ros/lyrical/opt/gz_utils_vendor:/opt/ros/lyrical/opt/gz_cmake_vendor:/opt/ros/lyrical'}), 'shell': False}
[6.252666] (webots_ros2_msgs) StdoutLine: {'line': b'-- Install configuration: ""\n'}
[6.252831] (webots_ros2_msgs) StdoutLine: {'line': b'-- Installing: /home/onur/autonomous_robot/install/webots_ros2_msgs/share/ament_index/resource_index/rosidl_interfaces/webots_ros2_msgs\n'}
[6.253014] (webots_ros2_msgs) StdoutLine: {'line': b'-- Installing: /home/onur/autonomous_robot/install/webots_ros2_msgs/share/webots_ros2_msgs/msg/BoolStamped.json\n'}
[6.253101] (webots_ros2_msgs) StdoutLine: {'line': b'-- Installing: /home/onur/autonomous_robot/install/webots_ros2_msgs/share/webots_ros2_msgs/msg/FloatStamped.json\n'}
[6.253176] (webots_ros2_msgs) StdoutLine: {'line': b'-- Installing: /home/onur/autonomous_robot/install/webots_ros2_msgs/share/webots_ros2_msgs/msg/StringStamped.json\n'}
[6.253252] (webots_ros2_msgs) StdoutLine: {'line': b'-- Installing: /home/onur/autonomous_robot/install/webots_ros2_msgs/share/webots_ros2_msgs/msg/CameraRecognitionObject.json\n'}
[6.253350] (webots_ros2_msgs) StdoutLine: {'line': b'-- Installing: /home/onur/autonomous_robot/install/webots_ros2_msgs/share/webots_ros2_msgs/msg/CameraRecognitionObjects.json\n'}
[6.253432] (webots_ros2_msgs) StdoutLine: {'line': b'-- Installing: /home/onur/autonomous_robot/install/webots_ros2_msgs/share/webots_ros2_msgs/msg/UrdfRobot.json\n'}
[6.253507] (webots_ros2_msgs) StdoutLine: {'line': b'-- Installing: /home/onur/autonomous_robot/install/webots_ros2_msgs/share/webots_ros2_msgs/msg/PenInkProperties.json\n'}
[6.253608] (webots_ros2_msgs) StdoutLine: {'line': b'-- Installing: /home/onur/autonomous_robot/install/webots_ros2_msgs/share/webots_ros2_msgs/srv/EmitterSendString.json\n'}
[6.253690] (webots_ros2_msgs) StdoutLine: {'line': b'-- Installing: /home/onur/autonomous_robot/install/webots_ros2_msgs/share/webots_ros2_msgs/srv/GetBool.json\n'}
[6.253766] (webots_ros2_msgs) StdoutLine: {'line': b'-- Installing: /home/onur/autonomous_robot/install/webots_ros2_msgs/share/webots_ros2_msgs/srv/SetString.json\n'}
[6.253862] (webots_ros2_msgs) StdoutLine: {'line': b'-- Installing: /home/onur/autonomous_robot/install/webots_ros2_msgs/share/webots_ros2_msgs/srv/SpawnNodeFromString.json\n'}
[6.253953] (webots_ros2_msgs) StdoutLine: {'line': b'-- Installing: /home/onur/autonomous_robot/install/webots_ros2_msgs/share/webots_ros2_msgs/srv/SpawnUrdfRobot.json\n'}
[6.254042] (webots_ros2_msgs) StdoutLine: {'line': b'-- Installing: /home/onur/autonomous_robot/install/webots_ros2_msgs/include/webots_ros2_msgs/webots_ros2_msgs\n'}
[6.254134] (webots_ros2_msgs) StdoutLine: {'line': b'-- Installing: /home/onur/autonomous_robot/install/webots_ros2_msgs/include/webots_ros2_msgs/webots_ros2_msgs/msg\n'}
[6.254210] (webots_ros2_msgs) StdoutLine: {'line': b'-- Installing: /home/onur/autonomous_robot/install/webots_ros2_msgs/include/webots_ros2_msgs/webots_ros2_msgs/msg/float_stamped.h\n'}
[6.254282] (webots_ros2_msgs) StdoutLine: {'line': b'-- Installing: /home/onur/autonomous_robot/install/webots_ros2_msgs/include/webots_ros2_msgs/webots_ros2_msgs/msg/detail\n'}
[6.254356] (webots_ros2_msgs) StdoutLine: {'line': b'-- Installing: /home/onur/autonomous_robot/install/webots_ros2_msgs/include/webots_ros2_msgs/webots_ros2_msgs/msg/detail/pen_ink_properties__functions.c\n'}
[6.254430] (webots_ros2_msgs) StdoutLine: {'line': b'-- Installing: /home/onur/autonomous_robot/install/webots_ros2_msgs/include/webots_ros2_msgs/webots_ros2_msgs/msg/detail/pen_ink_properties__description.c\n'}
[6.254516] (webots_ros2_msgs) StdoutLine: {'line': b'-- Installing: /home/onur/autonomous_robot/install/webots_ros2_msgs/include/webots_ros2_msgs/webots_ros2_msgs/msg/detail/camera_recognition_objects__functions.c\n'}
[6.254585] (webots_ros2_msgs) StdoutLine: {'line': b'-- Installing: /home/onur/autonomous_robot/install/webots_ros2_msgs/include/webots_ros2_msgs/webots_ros2_msgs/msg/detail/urdf_robot__struct.h\n'}
[6.254659] (webots_ros2_msgs) StdoutLine: {'line': b'-- Installing: /home/onur/autonomous_robot/install/webots_ros2_msgs/include/webots_ros2_msgs/webots_ros2_msgs/msg/detail/camera_recognition_objects__type_support.c\n'}
[6.254734] (webots_ros2_msgs) StdoutLine: {'line': b'-- Installing: /home/onur/autonomous_robot/install/webots_ros2_msgs/include/webots_ros2_msgs/webots_ros2_msgs/msg/detail/camera_recognition_objects__functions.h\n'}
[6.254811] (webots_ros2_msgs) StdoutLine: {'line': b'-- Installing: /home/onur/autonomous_robot/install/webots_ros2_msgs/include/webots_ros2_msgs/webots_ros2_msgs/msg/detail/camera_recognition_object__struct.h\n'}
[6.254887] (webots_ros2_msgs) StdoutLine: {'line': b'-- Installing: /home/onur/autonomous_robot/install/webots_ros2_msgs/include/webots_ros2_msgs/webots_ros2_msgs/msg/detail/urdf_robot__functions.h\n'}
[6.254976] (webots_ros2_msgs) StdoutLine: {'line': b'-- Installing: /home/onur/autonomous_robot/install/webots_ros2_msgs/include/webots_ros2_msgs/webots_ros2_msgs/msg/detail/string_stamped__type_support.h\n'}
[6.255034] (webots_ros2_msgs) StdoutLine: {'line': b'-- Installing: /home/onur/autonomous_robot/install/webots_ros2_msgs/include/webots_ros2_msgs/webots_ros2_msgs/msg/detail/pen_ink_properties__type_support.h\n'}
[6.255118] (webots_ros2_msgs) StdoutLine: {'line': b'-- Installing: /home/onur/autonomous_robot/install/webots_ros2_msgs/include/webots_ros2_msgs/webots_ros2_msgs/msg/detail/urdf_robot__type_support.c\n'}
[6.255178] (webots_ros2_msgs) StdoutLine: {'line': b'-- Installing: /home/onur/autonomous_robot/install/webots_ros2_msgs/include/webots_ros2_msgs/webots_ros2_msgs/msg/detail/bool_stamped__functions.c\n'}
[6.255265] (webots_ros2_msgs) StdoutLine: {'line': b'-- Installing: /home/onur/autonomous_robot/install/webots_ros2_msgs/include/webots_ros2_msgs/webots_ros2_msgs/msg/detail/string_stamped__type_support.c\n'}
[6.255323] (webots_ros2_msgs) StdoutLine: {'line': b'-- Installing: /home/onur/autonomous_robot/install/webots_ros2_msgs/include/webots_ros2_msgs/webots_ros2_msgs/msg/detail/float_stamped__type_support.h\n'}
[6.255409] (webots_ros2_msgs) StdoutLine: {'line': b'-- Installing: /home/onur/autonomous_robot/install/webots_ros2_msgs/include/webots_ros2_msgs/webots_ros2_msgs/msg/detail/string_stamped__description.c\n'}
[6.255470] (webots_ros2_msgs) StdoutLine: {'line': b'-- Installing: /home/onur/autonomous_robot/install/webots_ros2_msgs/include/webots_ros2_msgs/webots_ros2_msgs/msg/detail/urdf_robot__functions.c\n'}
[6.255544] (webots_ros2_msgs) StdoutLine: {'line': b'-- Installing: /home/onur/autonomous_robot/install/webots_ros2_msgs/include/webots_ros2_msgs/webots_ros2_msgs/msg/detail/camera_recognition_objects__struct.h\n'}
[6.255632] (webots_ros2_msgs) StdoutLine: {'line': b'-- Installing: /home/onur/autonomous_robot/install/webots_ros2_msgs/include/webots_ros2_msgs/webots_ros2_msgs/msg/detail/urdf_robot__description.c\n'}
[6.255691] (webots_ros2_msgs) StdoutLine: {'line': b'-- Installing: /home/onur/autonomous_robot/install/webots_ros2_msgs/include/webots_ros2_msgs/webots_ros2_msgs/msg/detail/bool_stamped__functions.h\n'}
[6.255779] (webots_ros2_msgs) StdoutLine: {'line': b'-- Installing: /home/onur/autonomous_robot/install/webots_ros2_msgs/include/webots_ros2_msgs/webots_ros2_msgs/msg/detail/bool_stamped__type_support.c\n'}
[6.255838] (webots_ros2_msgs) StdoutLine: {'line': b'-- Installing: /home/onur/autonomous_robot/install/webots_ros2_msgs/include/webots_ros2_msgs/webots_ros2_msgs/msg/detail/float_stamped__struct.h\n'}
[6.255933] (webots_ros2_msgs) StdoutLine: {'line': b'-- Installing: /home/onur/autonomous_robot/install/webots_ros2_msgs/include/webots_ros2_msgs/webots_ros2_msgs/msg/detail/camera_recognition_object__type_support.h\n'}
[6.255993] (webots_ros2_msgs) StdoutLine: {'line': b'-- Installing: /home/onur/autonomous_robot/install/webots_ros2_msgs/include/webots_ros2_msgs/webots_ros2_msgs/msg/detail/urdf_robot__type_support.h\n'}
[6.256085] (webots_ros2_msgs) StdoutLine: {'line': b'-- Installing: /home/onur/autonomous_robot/install/webots_ros2_msgs/include/webots_ros2_msgs/webots_ros2_msgs/msg/detail/float_stamped__functions.h\n'}
[6.256143] (webots_ros2_msgs) StdoutLine: {'line': b'-- Installing: /home/onur/autonomous_robot/install/webots_ros2_msgs/include/webots_ros2_msgs/webots_ros2_msgs/msg/detail/pen_ink_properties__type_support.c\n'}
[6.256233] (webots_ros2_msgs) StdoutLine: {'line': b'-- Installing: /home/onur/autonomous_robot/install/webots_ros2_msgs/include/webots_ros2_msgs/webots_ros2_msgs/msg/detail/string_stamped__struct.h\n'}
[6.256295] (webots_ros2_msgs) StdoutLine: {'line': b'-- Installing: /home/onur/autonomous_robot/install/webots_ros2_msgs/include/webots_ros2_msgs/webots_ros2_msgs/msg/detail/bool_stamped__struct.h\n'}
[6.256367] (webots_ros2_msgs) StdoutLine: {'line': b'-- Installing: /home/onur/autonomous_robot/install/webots_ros2_msgs/include/webots_ros2_msgs/webots_ros2_msgs/msg/detail/camera_recognition_object__type_support.c\n'}
[6.256447] (webots_ros2_msgs) StdoutLine: {'line': b'-- Installing: /home/onur/autonomous_robot/install/webots_ros2_msgs/include/webots_ros2_msgs/webots_ros2_msgs/msg/detail/float_stamped__type_support.c\n'}
[6.256531] (webots_ros2_msgs) StdoutLine: {'line': b'-- Installing: /home/onur/autonomous_robot/install/webots_ros2_msgs/include/webots_ros2_msgs/webots_ros2_msgs/msg/detail/float_stamped__functions.c\n'}
[6.256615] (webots_ros2_msgs) StdoutLine: {'line': b'-- Installing: /home/onur/autonomous_robot/install/webots_ros2_msgs/include/webots_ros2_msgs/webots_ros2_msgs/msg/detail/camera_recognition_object__functions.h\n'}
[6.256689] (webots_ros2_msgs) StdoutLine: {'line': b'-- Installing: /home/onur/autonomous_robot/install/webots_ros2_msgs/include/webots_ros2_msgs/webots_ros2_msgs/msg/detail/camera_recognition_object__description.c\n'}
[6.256769] (webots_ros2_msgs) StdoutLine: {'line': b'-- Installing: /home/onur/autonomous_robot/install/webots_ros2_msgs/include/webots_ros2_msgs/webots_ros2_msgs/msg/detail/string_stamped__functions.h\n'}
[6.256850] (webots_ros2_msgs) StdoutLine: {'line': b'-- Installing: /home/onur/autonomous_robot/install/webots_ros2_msgs/include/webots_ros2_msgs/webots_ros2_msgs/msg/detail/bool_stamped__type_support.h\n'}
[6.257003] (webots_ros2_msgs) StdoutLine: {'line': b'-- Installing: /home/onur/autonomous_robot/install/webots_ros2_msgs/include/webots_ros2_msgs/webots_ros2_msgs/msg/detail/camera_recognition_objects__description.c\n'}
[6.257068] (webots_ros2_msgs) StdoutLine: {'line': b'-- Installing: /home/onur/autonomous_robot/install/webots_ros2_msgs/include/webots_ros2_msgs/webots_ros2_msgs/msg/detail/camera_recognition_objects__type_support.h\n'}
[6.257154] (webots_ros2_msgs) StdoutLine: {'line': b'-- Installing: /home/onur/autonomous_robot/install/webots_ros2_msgs/include/webots_ros2_msgs/webots_ros2_msgs/msg/detail/bool_stamped__description.c\n'}
[6.257240] (webots_ros2_msgs) StdoutLine: {'line': b'-- Installing: /home/onur/autonomous_robot/install/webots_ros2_msgs/include/webots_ros2_msgs/webots_ros2_msgs/msg/detail/pen_ink_properties__functions.h\n'}
[6.257316] (webots_ros2_msgs) StdoutLine: {'line': b'-- Installing: /home/onur/autonomous_robot/install/webots_ros2_msgs/include/webots_ros2_msgs/webots_ros2_msgs/msg/detail/float_stamped__description.c\n'}
[6.257397] (webots_ros2_msgs) StdoutLine: {'line': b'-- Installing: /home/onur/autonomous_robot/install/webots_ros2_msgs/include/webots_ros2_msgs/webots_ros2_msgs/msg/detail/string_stamped__functions.c\n'}
[6.257477] (webots_ros2_msgs) StdoutLine: {'line': b'-- Installing: /home/onur/autonomous_robot/install/webots_ros2_msgs/include/webots_ros2_msgs/webots_ros2_msgs/msg/detail/camera_recognition_object__functions.c\n'}
[6.257555] (webots_ros2_msgs) StdoutLine: {'line': b'-- Installing: /home/onur/autonomous_robot/install/webots_ros2_msgs/include/webots_ros2_msgs/webots_ros2_msgs/msg/detail/pen_ink_properties__struct.h\n'}
[6.257633] (webots_ros2_msgs) StdoutLine: {'line': b'-- Installing: /home/onur/autonomous_robot/install/webots_ros2_msgs/include/webots_ros2_msgs/webots_ros2_msgs/msg/camera_recognition_object.h\n'}
[6.257713] (webots_ros2_msgs) StdoutLine: {'line': b'-- Installing: /home/onur/autonomous_robot/install/webots_ros2_msgs/include/webots_ros2_msgs/webots_ros2_msgs/msg/camera_recognition_objects.h\n'}
[6.257799] (webots_ros2_msgs) StdoutLine: {'line': b'-- Installing: /home/onur/autonomous_robot/install/webots_ros2_msgs/include/webots_ros2_msgs/webots_ros2_msgs/msg/rosidl_generator_c__visibility_control.h\n'}
[6.257856] (webots_ros2_msgs) StdoutLine: {'line': b'-- Installing: /home/onur/autonomous_robot/install/webots_ros2_msgs/include/webots_ros2_msgs/webots_ros2_msgs/msg/string_stamped.h\n'}
[6.257941] (webots_ros2_msgs) StdoutLine: {'line': b'-- Installing: /home/onur/autonomous_robot/install/webots_ros2_msgs/include/webots_ros2_msgs/webots_ros2_msgs/msg/urdf_robot.h\n'}
[6.258010] (webots_ros2_msgs) StdoutLine: {'line': b'-- Installing: /home/onur/autonomous_robot/install/webots_ros2_msgs/include/webots_ros2_msgs/webots_ros2_msgs/msg/bool_stamped.h\n'}
[6.258066] (webots_ros2_msgs) StdoutLine: {'line': b'-- Installing: /home/onur/autonomous_robot/install/webots_ros2_msgs/include/webots_ros2_msgs/webots_ros2_msgs/msg/pen_ink_properties.h\n'}
[6.258150] (webots_ros2_msgs) StdoutLine: {'line': b'-- Installing: /home/onur/autonomous_robot/install/webots_ros2_msgs/include/webots_ros2_msgs/webots_ros2_msgs/srv\n'}
[6.258211] (webots_ros2_msgs) StdoutLine: {'line': b'-- Installing: /home/onur/autonomous_robot/install/webots_ros2_msgs/include/webots_ros2_msgs/webots_ros2_msgs/srv/detail\n'}
[6.258297] (webots_ros2_msgs) StdoutLine: {'line': b'-- Installing: /home/onur/autonomous_robot/install/webots_ros2_msgs/include/webots_ros2_msgs/webots_ros2_msgs/srv/detail/spawn_urdf_robot__description.c\n'}
[6.258358] (webots_ros2_msgs) StdoutLine: {'line': b'-- Installing: /home/onur/autonomous_robot/install/webots_ros2_msgs/include/webots_ros2_msgs/webots_ros2_msgs/srv/detail/spawn_node_from_string__struct.h\n'}
[6.258444] (webots_ros2_msgs) StdoutLine: {'line': b'-- Installing: /home/onur/autonomous_robot/install/webots_ros2_msgs/include/webots_ros2_msgs/webots_ros2_msgs/srv/detail/get_bool__type_support.h\n'}
[6.258521] (webots_ros2_msgs) StdoutLine: {'line': b'-- Installing: /home/onur/autonomous_robot/install/webots_ros2_msgs/include/webots_ros2_msgs/webots_ros2_msgs/srv/detail/spawn_node_from_string__description.c\n'}
[6.258612] (webots_ros2_msgs) StdoutLine: {'line': b'-- Installing: /home/onur/autonomous_robot/install/webots_ros2_msgs/include/webots_ros2_msgs/webots_ros2_msgs/srv/detail/spawn_node_from_string__type_support.h\n'}
[6.258670] (webots_ros2_msgs) StdoutLine: {'line': b'-- Installing: /home/onur/autonomous_robot/install/webots_ros2_msgs/include/webots_ros2_msgs/webots_ros2_msgs/srv/detail/emitter_send_string__functions.c\n'}
[6.258772] (webots_ros2_msgs) StdoutLine: {'line': b'-- Installing: /home/onur/autonomous_robot/install/webots_ros2_msgs/include/webots_ros2_msgs/webots_ros2_msgs/srv/detail/spawn_node_from_string__type_support.c\n'}
[6.258834] (webots_ros2_msgs) StdoutLine: {'line': b'-- Installing: /home/onur/autonomous_robot/install/webots_ros2_msgs/include/webots_ros2_msgs/webots_ros2_msgs/srv/detail/get_bool__functions.h\n'}
[6.258934] (webots_ros2_msgs) StdoutLine: {'line': b'-- Installing: /home/onur/autonomous_robot/install/webots_ros2_msgs/include/webots_ros2_msgs/webots_ros2_msgs/srv/detail/spawn_urdf_robot__type_support.c\n'}
[6.258994] (webots_ros2_msgs) StdoutLine: {'line': b'-- Installing: /home/onur/autonomous_robot/install/webots_ros2_msgs/include/webots_ros2_msgs/webots_ros2_msgs/srv/detail/spawn_node_from_string__functions.c\n'}
[6.259066] (webots_ros2_msgs) StdoutLine: {'line': b'-- Installing: /home/onur/autonomous_robot/install/webots_ros2_msgs/include/webots_ros2_msgs/webots_ros2_msgs/srv/detail/emitter_send_string__functions.h\n'}
[6.259142] (webots_ros2_msgs) StdoutLine: {'line': b'-- Installing: /home/onur/autonomous_robot/install/webots_ros2_msgs/include/webots_ros2_msgs/webots_ros2_msgs/srv/detail/set_string__type_support.h\n'}
[6.259223] (webots_ros2_msgs) StdoutLine: {'line': b'-- Installing: /home/onur/autonomous_robot/install/webots_ros2_msgs/include/webots_ros2_msgs/webots_ros2_msgs/srv/detail/spawn_urdf_robot__type_support.h\n'}
[6.259302] (webots_ros2_msgs) StdoutLine: {'line': b'-- Installing: /home/onur/autonomous_robot/install/webots_ros2_msgs/include/webots_ros2_msgs/webots_ros2_msgs/srv/detail/emitter_send_string__description.c\n'}
[6.259383] (webots_ros2_msgs) StdoutLine: {'line': b'-- Installing: /home/onur/autonomous_robot/install/webots_ros2_msgs/include/webots_ros2_msgs/webots_ros2_msgs/srv/detail/get_bool__struct.h\n'}
[6.259471] (webots_ros2_msgs) StdoutLine: {'line': b'-- Installing: /home/onur/autonomous_robot/install/webots_ros2_msgs/include/webots_ros2_msgs/webots_ros2_msgs/srv/detail/get_bool__type_support.c\n'}
[6.259528] (webots_ros2_msgs) StdoutLine: {'line': b'-- Installing: /home/onur/autonomous_robot/install/webots_ros2_msgs/include/webots_ros2_msgs/webots_ros2_msgs/srv/detail/spawn_urdf_robot__functions.c\n'}
[6.259599] (webots_ros2_msgs) StdoutLine: {'line': b'-- Installing: /home/onur/autonomous_robot/install/webots_ros2_msgs/include/webots_ros2_msgs/webots_ros2_msgs/srv/detail/set_string__functions.h\n'}
[6.259676] (webots_ros2_msgs) StdoutLine: {'line': b'-- Installing: /home/onur/autonomous_robot/install/webots_ros2_msgs/include/webots_ros2_msgs/webots_ros2_msgs/srv/detail/set_string__type_support.c\n'}
[6.259755] (webots_ros2_msgs) StdoutLine: {'line': b'-- Installing: /home/onur/autonomous_robot/install/webots_ros2_msgs/include/webots_ros2_msgs/webots_ros2_msgs/srv/detail/spawn_urdf_robot__struct.h\n'}
[6.259832] (webots_ros2_msgs) StdoutLine: {'line': b'-- Installing: /home/onur/autonomous_robot/install/webots_ros2_msgs/include/webots_ros2_msgs/webots_ros2_msgs/srv/detail/emitter_send_string__type_support.c\n'}
[6.259933] (webots_ros2_msgs) StdoutLine: {'line': b'-- Installing: /home/onur/autonomous_robot/install/webots_ros2_msgs/include/webots_ros2_msgs/webots_ros2_msgs/srv/detail/spawn_urdf_robot__functions.h\n'}
[6.260016] (webots_ros2_msgs) StdoutLine: {'line': b'-- Installing: /home/onur/autonomous_robot/install/webots_ros2_msgs/include/webots_ros2_msgs/webots_ros2_msgs/srv/detail/set_string__description.c\n'}
[6.260098] (webots_ros2_msgs) StdoutLine: {'line': b'-- Installing: /home/onur/autonomous_robot/install/webots_ros2_msgs/include/webots_ros2_msgs/webots_ros2_msgs/srv/detail/get_bool__functions.c\n'}
[6.260170] (webots_ros2_msgs) StdoutLine: {'line': b'-- Installing: /home/onur/autonomous_robot/install/webots_ros2_msgs/include/webots_ros2_msgs/webots_ros2_msgs/srv/detail/set_string__struct.h\n'}
[6.260249] (webots_ros2_msgs) StdoutLine: {'line': b'-- Installing: /home/onur/autonomous_robot/install/webots_ros2_msgs/include/webots_ros2_msgs/webots_ros2_msgs/srv/detail/spawn_node_from_string__functions.h\n'}
[6.260327] (webots_ros2_msgs) StdoutLine: {'line': b'-- Installing: /home/onur/autonomous_robot/install/webots_ros2_msgs/include/webots_ros2_msgs/webots_ros2_msgs/srv/detail/emitter_send_string__struct.h\n'}
[6.260405] (webots_ros2_msgs) StdoutLine: {'line': b'-- Installing: /home/onur/autonomous_robot/install/webots_ros2_msgs/include/webots_ros2_msgs/webots_ros2_msgs/srv/detail/get_bool__description.c\n'}
[6.260481] (webots_ros2_msgs) StdoutLine: {'line': b'-- Installing: /home/onur/autonomous_robot/install/webots_ros2_msgs/include/webots_ros2_msgs/webots_ros2_msgs/srv/detail/set_string__functions.c\n'}
[6.260558] (webots_ros2_msgs) StdoutLine: {'line': b'-- Installing: /home/onur/autonomous_robot/install/webots_ros2_msgs/include/webots_ros2_msgs/webots_ros2_msgs/srv/detail/emitter_send_string__type_support.h\n'}
[6.260633] (webots_ros2_msgs) StdoutLine: {'line': b'-- Installing: /home/onur/autonomous_robot/install/webots_ros2_msgs/include/webots_ros2_msgs/webots_ros2_msgs/srv/spawn_urdf_robot.h\n'}
[6.260711] (webots_ros2_msgs) StdoutLine: {'line': b'-- Installing: /home/onur/autonomous_robot/install/webots_ros2_msgs/include/webots_ros2_msgs/webots_ros2_msgs/srv/emitter_send_string.h\n'}
[6.260790] (webots_ros2_msgs) StdoutLine: {'line': b'-- Installing: /home/onur/autonomous_robot/install/webots_ros2_msgs/include/webots_ros2_msgs/webots_ros2_msgs/srv/get_bool.h\n'}
[6.260868] (webots_ros2_msgs) StdoutLine: {'line': b'-- Installing: /home/onur/autonomous_robot/install/webots_ros2_msgs/include/webots_ros2_msgs/webots_ros2_msgs/srv/set_string.h\n'}
[6.261000] (webots_ros2_msgs) StdoutLine: {'line': b'-- Installing: /home/onur/autonomous_robot/install/webots_ros2_msgs/include/webots_ros2_msgs/webots_ros2_msgs/srv/spawn_node_from_string.h\n'}
[6.261148] (webots_ros2_msgs) StdoutLine: {'line': b'-- Installing: /home/onur/autonomous_robot/install/webots_ros2_msgs/share/webots_ros2_msgs/environment/library_path.sh\n'}
[6.261224] (webots_ros2_msgs) StdoutLine: {'line': b'-- Installing: /home/onur/autonomous_robot/install/webots_ros2_msgs/share/webots_ros2_msgs/environment/library_path.dsv\n'}
[6.261304] (webots_ros2_msgs) StdoutLine: {'line': b'-- Installing: /home/onur/autonomous_robot/install/webots_ros2_msgs/lib/libwebots_ros2_msgs__rosidl_generator_c.so\n'}
[6.261792] (webots_ros2_msgs) StdoutLine: {'line': b'-- Set non-toolchain portion of runtime path of "/home/onur/autonomous_robot/install/webots_ros2_msgs/lib/libwebots_ros2_msgs__rosidl_generator_c.so" to ""\n'}
[6.261891] (webots_ros2_msgs) StdoutLine: {'line': b'-- Up-to-date: /home/onur/autonomous_robot/install/webots_ros2_msgs/include/webots_ros2_msgs/webots_ros2_msgs\n'}
[6.261956] (webots_ros2_msgs) StdoutLine: {'line': b'-- Up-to-date: /home/onur/autonomous_robot/install/webots_ros2_msgs/include/webots_ros2_msgs/webots_ros2_msgs/msg\n'}
[6.262020] (webots_ros2_msgs) StdoutLine: {'line': b'-- Up-to-date: /home/onur/autonomous_robot/install/webots_ros2_msgs/include/webots_ros2_msgs/webots_ros2_msgs/msg/detail\n'}
[6.262114] (webots_ros2_msgs) StdoutLine: {'line': b'-- Installing: /home/onur/autonomous_robot/install/webots_ros2_msgs/include/webots_ros2_msgs/webots_ros2_msgs/msg/detail/float_stamped__rosidl_typesupport_fastrtps_c.h\n'}
[6.262182] (webots_ros2_msgs) StdoutLine: {'line': b'-- Installing: /home/onur/autonomous_robot/install/webots_ros2_msgs/include/webots_ros2_msgs/webots_ros2_msgs/msg/detail/string_stamped__rosidl_typesupport_fastrtps_c.h\n'}
[6.262272] (webots_ros2_msgs) StdoutLine: {'line': b'-- Installing: /home/onur/autonomous_robot/install/webots_ros2_msgs/include/webots_ros2_msgs/webots_ros2_msgs/msg/detail/pen_ink_properties__rosidl_typesupport_fastrtps_c.h\n'}
[6.262334] (webots_ros2_msgs) StdoutLine: {'line': b'-- Installing: /home/onur/autonomous_robot/install/webots_ros2_msgs/include/webots_ros2_msgs/webots_ros2_msgs/msg/detail/camera_recognition_objects__rosidl_typesupport_fastrtps_c.h\n'}
[6.262395] (webots_ros2_msgs) StdoutLine: {'line': b'-- Installing: /home/onur/autonomous_robot/install/webots_ros2_msgs/include/webots_ros2_msgs/webots_ros2_msgs/msg/detail/bool_stamped__rosidl_typesupport_fastrtps_c.h\n'}
[6.262486] (webots_ros2_msgs) StdoutLine: {'line': b'-- Installing: /home/onur/autonomous_robot/install/webots_ros2_msgs/include/webots_ros2_msgs/webots_ros2_msgs/msg/detail/camera_recognition_object__rosidl_typesupport_fastrtps_c.h\n'}
[6.262550] (webots_ros2_msgs) StdoutLine: {'line': b'-- Installing: /home/onur/autonomous_robot/install/webots_ros2_msgs/include/webots_ros2_msgs/webots_ros2_msgs/msg/detail/urdf_robot__rosidl_typesupport_fastrtps_c.h\n'}
[6.262614] (webots_ros2_msgs) StdoutLine: {'line': b'-- Installing: /home/onur/autonomous_robot/install/webots_ros2_msgs/include/webots_ros2_msgs/webots_ros2_msgs/msg/rosidl_typesupport_fastrtps_c__visibility_control.h\n'}
[6.262706] (webots_ros2_msgs) StdoutLine: {'line': b'-- Up-to-date: /home/onur/autonomous_robot/install/webots_ros2_msgs/include/webots_ros2_msgs/webots_ros2_msgs/srv\n'}
[6.262767] (webots_ros2_msgs) StdoutLine: {'line': b'-- Up-to-date: /home/onur/autonomous_robot/install/webots_ros2_msgs/include/webots_ros2_msgs/webots_ros2_msgs/srv/detail\n'}
[6.262823] (webots_ros2_msgs) StdoutLine: {'line': b'-- Installing: /home/onur/autonomous_robot/install/webots_ros2_msgs/include/webots_ros2_msgs/webots_ros2_msgs/srv/detail/get_bool__rosidl_typesupport_fastrtps_c.h\n'}
[6.262895] (webots_ros2_msgs) StdoutLine: {'line': b'-- Installing: /home/onur/autonomous_robot/install/webots_ros2_msgs/include/webots_ros2_msgs/webots_ros2_msgs/srv/detail/set_string__rosidl_typesupport_fastrtps_c.h\n'}
[6.262987] (webots_ros2_msgs) StdoutLine: {'line': b'-- Installing: /home/onur/autonomous_robot/install/webots_ros2_msgs/include/webots_ros2_msgs/webots_ros2_msgs/srv/detail/spawn_urdf_robot__rosidl_typesupport_fastrtps_c.h\n'}
[6.263042] (webots_ros2_msgs) StdoutLine: {'line': b'-- Installing: /home/onur/autonomous_robot/install/webots_ros2_msgs/include/webots_ros2_msgs/webots_ros2_msgs/srv/detail/spawn_node_from_string__rosidl_typesupport_fastrtps_c.h\n'}
[6.263168] (webots_ros2_msgs) StdoutLine: {'line': b'-- Installing: /home/onur/autonomous_robot/install/webots_ros2_msgs/include/webots_ros2_msgs/webots_ros2_msgs/srv/detail/emitter_send_string__rosidl_typesupport_fastrtps_c.h\n'}
[6.263298] (webots_ros2_msgs) StdoutLine: {'line': b'-- Installing: /home/onur/autonomous_robot/install/webots_ros2_msgs/lib/libwebots_ros2_msgs__rosidl_typesupport_fastrtps_c.so\n'}
[6.263721] (webots_ros2_msgs) StdoutLine: {'line': b'-- Set non-toolchain portion of runtime path of "/home/onur/autonomous_robot/install/webots_ros2_msgs/lib/libwebots_ros2_msgs__rosidl_typesupport_fastrtps_c.so" to ""\n'}
[6.263807] (webots_ros2_msgs) StdoutLine: {'line': b'-- Up-to-date: /home/onur/autonomous_robot/install/webots_ros2_msgs/include/webots_ros2_msgs/webots_ros2_msgs\n'}
[6.263866] (webots_ros2_msgs) StdoutLine: {'line': b'-- Up-to-date: /home/onur/autonomous_robot/install/webots_ros2_msgs/include/webots_ros2_msgs/webots_ros2_msgs/msg\n'}
[6.263933] (webots_ros2_msgs) StdoutLine: {'line': b'-- Installing: /home/onur/autonomous_robot/install/webots_ros2_msgs/include/webots_ros2_msgs/webots_ros2_msgs/msg/urdf_robot.hpp\n'}
[6.264015] (webots_ros2_msgs) StdoutLine: {'line': b'-- Up-to-date: /home/onur/autonomous_robot/install/webots_ros2_msgs/include/webots_ros2_msgs/webots_ros2_msgs/msg/detail\n'}
[6.264074] (webots_ros2_msgs) StdoutLine: {'line': b'-- Installing: /home/onur/autonomous_robot/install/webots_ros2_msgs/include/webots_ros2_msgs/webots_ros2_msgs/msg/detail/camera_recognition_objects__traits.hpp\n'}
[6.264142] (webots_ros2_msgs) StdoutLine: {'line': b'-- Installing: /home/onur/autonomous_robot/install/webots_ros2_msgs/include/webots_ros2_msgs/webots_ros2_msgs/msg/detail/string_stamped__struct.hpp\n'}
[6.264199] (webots_ros2_msgs) StdoutLine: {'line': b'-- Installing: /home/onur/autonomous_robot/install/webots_ros2_msgs/include/webots_ros2_msgs/webots_ros2_msgs/msg/detail/pen_ink_properties__traits.hpp\n'}
[6.264278] (webots_ros2_msgs) StdoutLine: {'line': b'-- Installing: /home/onur/autonomous_robot/install/webots_ros2_msgs/include/webots_ros2_msgs/webots_ros2_msgs/msg/detail/float_stamped__builder.hpp\n'}
[6.264331] (webots_ros2_msgs) StdoutLine: {'line': b'-- Installing: /home/onur/autonomous_robot/install/webots_ros2_msgs/include/webots_ros2_msgs/webots_ros2_msgs/msg/detail/float_stamped__traits.hpp\n'}
[6.264384] (webots_ros2_msgs) StdoutLine: {'line': b'-- Installing: /home/onur/autonomous_robot/install/webots_ros2_msgs/include/webots_ros2_msgs/webots_ros2_msgs/msg/detail/bool_stamped__type_support.hpp\n'}
[6.264461] (webots_ros2_msgs) StdoutLine: {'line': b'-- Installing: /home/onur/autonomous_robot/install/webots_ros2_msgs/include/webots_ros2_msgs/webots_ros2_msgs/msg/detail/pen_ink_properties__type_support.hpp\n'}
[6.264522] (webots_ros2_msgs) StdoutLine: {'line': b'-- Installing: /home/onur/autonomous_robot/install/webots_ros2_msgs/include/webots_ros2_msgs/webots_ros2_msgs/msg/detail/float_stamped__struct.hpp\n'}
[6.264571] (webots_ros2_msgs) StdoutLine: {'line': b'-- Installing: /home/onur/autonomous_robot/install/webots_ros2_msgs/include/webots_ros2_msgs/webots_ros2_msgs/msg/detail/camera_recognition_object__builder.hpp\n'}
[6.264624] (webots_ros2_msgs) StdoutLine: {'line': b'-- Installing: /home/onur/autonomous_robot/install/webots_ros2_msgs/include/webots_ros2_msgs/webots_ros2_msgs/msg/detail/camera_recognition_object__traits.hpp\n'}
[6.264703] (webots_ros2_msgs) StdoutLine: {'line': b'-- Installing: /home/onur/autonomous_robot/install/webots_ros2_msgs/include/webots_ros2_msgs/webots_ros2_msgs/msg/detail/camera_recognition_object__struct.hpp\n'}
[6.264758] (webots_ros2_msgs) StdoutLine: {'line': b'-- Installing: /home/onur/autonomous_robot/install/webots_ros2_msgs/include/webots_ros2_msgs/webots_ros2_msgs/msg/detail/urdf_robot__traits.hpp\n'}
[6.264835] (webots_ros2_msgs) StdoutLine: {'line': b'-- Installing: /home/onur/autonomous_robot/install/webots_ros2_msgs/include/webots_ros2_msgs/webots_ros2_msgs/msg/detail/float_stamped__type_support.hpp\n'}
[6.264894] (webots_ros2_msgs) StdoutLine: {'line': b'-- Installing: /home/onur/autonomous_robot/install/webots_ros2_msgs/include/webots_ros2_msgs/webots_ros2_msgs/msg/detail/string_stamped__traits.hpp\n'}
[6.264968] (webots_ros2_msgs) StdoutLine: {'line': b'-- Installing: /home/onur/autonomous_robot/install/webots_ros2_msgs/include/webots_ros2_msgs/webots_ros2_msgs/msg/detail/bool_stamped__builder.hpp\n'}
[6.265022] (webots_ros2_msgs) StdoutLine: {'line': b'-- Installing: /home/onur/autonomous_robot/install/webots_ros2_msgs/include/webots_ros2_msgs/webots_ros2_msgs/msg/detail/bool_stamped__traits.hpp\n'}
[6.265095] (webots_ros2_msgs) StdoutLine: {'line': b'-- Installing: /home/onur/autonomous_robot/install/webots_ros2_msgs/include/webots_ros2_msgs/webots_ros2_msgs/msg/detail/string_stamped__builder.hpp\n'}
[6.265147] (webots_ros2_msgs) StdoutLine: {'line': b'-- Installing: /home/onur/autonomous_robot/install/webots_ros2_msgs/include/webots_ros2_msgs/webots_ros2_msgs/msg/detail/pen_ink_properties__builder.hpp\n'}
[6.265221] (webots_ros2_msgs) StdoutLine: {'line': b'-- Installing: /home/onur/autonomous_robot/install/webots_ros2_msgs/include/webots_ros2_msgs/webots_ros2_msgs/msg/detail/camera_recognition_objects__type_support.hpp\n'}
[6.265270] (webots_ros2_msgs) StdoutLine: {'line': b'-- Installing: /home/onur/autonomous_robot/install/webots_ros2_msgs/include/webots_ros2_msgs/webots_ros2_msgs/msg/detail/pen_ink_properties__struct.hpp\n'}
[6.265338] (webots_ros2_msgs) StdoutLine: {'line': b'-- Installing: /home/onur/autonomous_robot/install/webots_ros2_msgs/include/webots_ros2_msgs/webots_ros2_msgs/msg/detail/urdf_robot__struct.hpp\n'}
[6.265412] (webots_ros2_msgs) StdoutLine: {'line': b'-- Installing: /home/onur/autonomous_robot/install/webots_ros2_msgs/include/webots_ros2_msgs/webots_ros2_msgs/msg/detail/camera_recognition_object__type_support.hpp\n'}
[6.265495] (webots_ros2_msgs) StdoutLine: {'line': b'-- Installing: /home/onur/autonomous_robot/install/webots_ros2_msgs/include/webots_ros2_msgs/webots_ros2_msgs/msg/detail/bool_stamped__struct.hpp\n'}
[6.265555] (webots_ros2_msgs) StdoutLine: {'line': b'-- Installing: /home/onur/autonomous_robot/install/webots_ros2_msgs/include/webots_ros2_msgs/webots_ros2_msgs/msg/detail/camera_recognition_objects__struct.hpp\n'}
[6.265629] (webots_ros2_msgs) StdoutLine: {'line': b'-- Installing: /home/onur/autonomous_robot/install/webots_ros2_msgs/include/webots_ros2_msgs/webots_ros2_msgs/msg/detail/urdf_robot__type_support.hpp\n'}
[6.265689] (webots_ros2_msgs) StdoutLine: {'line': b'-- Installing: /home/onur/autonomous_robot/install/webots_ros2_msgs/include/webots_ros2_msgs/webots_ros2_msgs/msg/detail/camera_recognition_objects__builder.hpp\n'}
[6.265751] (webots_ros2_msgs) StdoutLine: {'line': b'-- Installing: /home/onur/autonomous_robot/install/webots_ros2_msgs/include/webots_ros2_msgs/webots_ros2_msgs/msg/detail/urdf_robot__builder.hpp\n'}
[6.265811] (webots_ros2_msgs) StdoutLine: {'line': b'-- Installing: /home/onur/autonomous_robot/install/webots_ros2_msgs/include/webots_ros2_msgs/webots_ros2_msgs/msg/detail/string_stamped__type_support.hpp\n'}
[6.265874] (webots_ros2_msgs) StdoutLine: {'line': b'-- Installing: /home/onur/autonomous_robot/install/webots_ros2_msgs/include/webots_ros2_msgs/webots_ros2_msgs/msg/camera_recognition_object.hpp\n'}
[6.265922] (webots_ros2_msgs) StdoutLine: {'line': b'-- Installing: /home/onur/autonomous_robot/install/webots_ros2_msgs/include/webots_ros2_msgs/webots_ros2_msgs/msg/float_stamped.hpp\n'}
[6.265984] (webots_ros2_msgs) StdoutLine: {'line': b'-- Installing: /home/onur/autonomous_robot/install/webots_ros2_msgs/include/webots_ros2_msgs/webots_ros2_msgs/msg/camera_recognition_objects.hpp\n'}
[6.266039] (webots_ros2_msgs) StdoutLine: {'line': b'-- Installing: /home/onur/autonomous_robot/install/webots_ros2_msgs/include/webots_ros2_msgs/webots_ros2_msgs/msg/rosidl_generator_cpp__visibility_control.hpp\n'}
[6.266080] (webots_ros2_msgs) StdoutLine: {'line': b'-- Installing: /home/onur/autonomous_robot/install/webots_ros2_msgs/include/webots_ros2_msgs/webots_ros2_msgs/msg/pen_ink_properties.hpp\n'}
[6.266141] (webots_ros2_msgs) StdoutLine: {'line': b'-- Installing: /home/onur/autonomous_robot/install/webots_ros2_msgs/include/webots_ros2_msgs/webots_ros2_msgs/msg/bool_stamped.hpp\n'}
[6.266184] (webots_ros2_msgs) StdoutLine: {'line': b'-- Installing: /home/onur/autonomous_robot/install/webots_ros2_msgs/include/webots_ros2_msgs/webots_ros2_msgs/msg/string_stamped.hpp\n'}
[6.266238] (webots_ros2_msgs) StdoutLine: {'line': b'-- Up-to-date: /home/onur/autonomous_robot/install/webots_ros2_msgs/include/webots_ros2_msgs/webots_ros2_msgs/srv\n'}
[6.266299] (webots_ros2_msgs) StdoutLine: {'line': b'-- Up-to-date: /home/onur/autonomous_robot/install/webots_ros2_msgs/include/webots_ros2_msgs/webots_ros2_msgs/srv/detail\n'}
[6.266345] (webots_ros2_msgs) StdoutLine: {'line': b'-- Installing: /home/onur/autonomous_robot/install/webots_ros2_msgs/include/webots_ros2_msgs/webots_ros2_msgs/srv/detail/emitter_send_string__type_support.hpp\n'}
[6.266407] (webots_ros2_msgs) StdoutLine: {'line': b'-- Installing: /home/onur/autonomous_robot/install/webots_ros2_msgs/include/webots_ros2_msgs/webots_ros2_msgs/srv/detail/emitter_send_string__struct.hpp\n'}
[6.266448] (webots_ros2_msgs) StdoutLine: {'line': b'-- Installing: /home/onur/autonomous_robot/install/webots_ros2_msgs/include/webots_ros2_msgs/webots_ros2_msgs/srv/detail/emitter_send_string__traits.hpp\n'}
[6.266490] (webots_ros2_msgs) StdoutLine: {'line': b'-- Installing: /home/onur/autonomous_robot/install/webots_ros2_msgs/include/webots_ros2_msgs/webots_ros2_msgs/srv/detail/spawn_urdf_robot__struct.hpp\n'}
[6.266548] (webots_ros2_msgs) StdoutLine: {'line': b'-- Installing: /home/onur/autonomous_robot/install/webots_ros2_msgs/include/webots_ros2_msgs/webots_ros2_msgs/srv/detail/spawn_node_from_string__builder.hpp\n'}
[6.266589] (webots_ros2_msgs) StdoutLine: {'line': b'-- Installing: /home/onur/autonomous_robot/install/webots_ros2_msgs/include/webots_ros2_msgs/webots_ros2_msgs/srv/detail/get_bool__struct.hpp\n'}
[6.266648] (webots_ros2_msgs) StdoutLine: {'line': b'-- Installing: /home/onur/autonomous_robot/install/webots_ros2_msgs/include/webots_ros2_msgs/webots_ros2_msgs/srv/detail/spawn_node_from_string__struct.hpp\n'}
[6.266689] (webots_ros2_msgs) StdoutLine: {'line': b'-- Installing: /home/onur/autonomous_robot/install/webots_ros2_msgs/include/webots_ros2_msgs/webots_ros2_msgs/srv/detail/emitter_send_string__builder.hpp\n'}
[6.266743] (webots_ros2_msgs) StdoutLine: {'line': b'-- Installing: /home/onur/autonomous_robot/install/webots_ros2_msgs/include/webots_ros2_msgs/webots_ros2_msgs/srv/detail/spawn_node_from_string__type_support.hpp\n'}
[6.266800] (webots_ros2_msgs) StdoutLine: {'line': b'-- Installing: /home/onur/autonomous_robot/install/webots_ros2_msgs/include/webots_ros2_msgs/webots_ros2_msgs/srv/detail/set_string__builder.hpp\n'}
[6.266856] (webots_ros2_msgs) StdoutLine: {'line': b'-- Installing: /home/onur/autonomous_robot/install/webots_ros2_msgs/include/webots_ros2_msgs/webots_ros2_msgs/srv/detail/spawn_node_from_string__traits.hpp\n'}
[6.266924] (webots_ros2_msgs) StdoutLine: {'line': b'-- Installing: /home/onur/autonomous_robot/install/webots_ros2_msgs/include/webots_ros2_msgs/webots_ros2_msgs/srv/detail/set_string__type_support.hpp\n'}
[6.266982] (webots_ros2_msgs) StdoutLine: {'line': b'-- Installing: /home/onur/autonomous_robot/install/webots_ros2_msgs/include/webots_ros2_msgs/webots_ros2_msgs/srv/detail/get_bool__traits.hpp\n'}
[6.267037] (webots_ros2_msgs) StdoutLine: {'line': b'-- Installing: /home/onur/autonomous_robot/install/webots_ros2_msgs/include/webots_ros2_msgs/webots_ros2_msgs/srv/detail/set_string__traits.hpp\n'}
[6.267092] (webots_ros2_msgs) StdoutLine: {'line': b'-- Installing: /home/onur/autonomous_robot/install/webots_ros2_msgs/include/webots_ros2_msgs/webots_ros2_msgs/srv/detail/spawn_urdf_robot__type_support.hpp\n'}
[6.267148] (webots_ros2_msgs) StdoutLine: {'line': b'-- Installing: /home/onur/autonomous_robot/install/webots_ros2_msgs/include/webots_ros2_msgs/webots_ros2_msgs/srv/detail/set_string__struct.hpp\n'}
[6.267202] (webots_ros2_msgs) StdoutLine: {'line': b'-- Installing: /home/onur/autonomous_robot/install/webots_ros2_msgs/include/webots_ros2_msgs/webots_ros2_msgs/srv/detail/spawn_urdf_robot__builder.hpp\n'}
[6.267254] (webots_ros2_msgs) StdoutLine: {'line': b'-- Installing: /home/onur/autonomous_robot/install/webots_ros2_msgs/include/webots_ros2_msgs/webots_ros2_msgs/srv/detail/get_bool__type_support.hpp\n'}
[6.267303] (webots_ros2_msgs) StdoutLine: {'line': b'-- Installing: /home/onur/autonomous_robot/install/webots_ros2_msgs/include/webots_ros2_msgs/webots_ros2_msgs/srv/detail/get_bool__builder.hpp\n'}
[6.267346] (webots_ros2_msgs) StdoutLine: {'line': b'-- Installing: /home/onur/autonomous_robot/install/webots_ros2_msgs/include/webots_ros2_msgs/webots_ros2_msgs/srv/detail/spawn_urdf_robot__traits.hpp\n'}
[6.267391] (webots_ros2_msgs) StdoutLine: {'line': b'-- Installing: /home/onur/autonomous_robot/install/webots_ros2_msgs/include/webots_ros2_msgs/webots_ros2_msgs/srv/get_bool.hpp\n'}
[6.267434] (webots_ros2_msgs) StdoutLine: {'line': b'-- Installing: /home/onur/autonomous_robot/install/webots_ros2_msgs/include/webots_ros2_msgs/webots_ros2_msgs/srv/emitter_send_string.hpp\n'}
[6.267483] (webots_ros2_msgs) StdoutLine: {'line': b'-- Installing: /home/onur/autonomous_robot/install/webots_ros2_msgs/include/webots_ros2_msgs/webots_ros2_msgs/srv/set_string.hpp\n'}
[6.267528] (webots_ros2_msgs) StdoutLine: {'line': b'-- Installing: /home/onur/autonomous_robot/install/webots_ros2_msgs/include/webots_ros2_msgs/webots_ros2_msgs/srv/spawn_urdf_robot.hpp\n'}
[6.267577] (webots_ros2_msgs) StdoutLine: {'line': b'-- Installing: /home/onur/autonomous_robot/install/webots_ros2_msgs/include/webots_ros2_msgs/webots_ros2_msgs/srv/spawn_node_from_string.hpp\n'}
[6.267630] (webots_ros2_msgs) StdoutLine: {'line': b'-- Up-to-date: /home/onur/autonomous_robot/install/webots_ros2_msgs/include/webots_ros2_msgs/webots_ros2_msgs\n'}
[6.267682] (webots_ros2_msgs) StdoutLine: {'line': b'-- Up-to-date: /home/onur/autonomous_robot/install/webots_ros2_msgs/include/webots_ros2_msgs/webots_ros2_msgs/msg\n'}
[6.267717] (webots_ros2_msgs) StdoutLine: {'line': b'-- Up-to-date: /home/onur/autonomous_robot/install/webots_ros2_msgs/include/webots_ros2_msgs/webots_ros2_msgs/msg/detail\n'}
[6.267768] (webots_ros2_msgs) StdoutLine: {'line': b'-- Installing: /home/onur/autonomous_robot/install/webots_ros2_msgs/include/webots_ros2_msgs/webots_ros2_msgs/msg/detail/string_stamped__rosidl_typesupport_fastrtps_cpp.hpp\n'}
[6.267818] (webots_ros2_msgs) StdoutLine: {'line': b'-- Installing: /home/onur/autonomous_robot/install/webots_ros2_msgs/include/webots_ros2_msgs/webots_ros2_msgs/msg/detail/camera_recognition_objects__rosidl_typesupport_fastrtps_cpp.hpp\n'}
[6.267868] (webots_ros2_msgs) StdoutLine: {'line': b'-- Installing: /home/onur/autonomous_robot/install/webots_ros2_msgs/include/webots_ros2_msgs/webots_ros2_msgs/msg/detail/pen_ink_properties__rosidl_typesupport_fastrtps_cpp.hpp\n'}
[6.267922] (webots_ros2_msgs) StdoutLine: {'line': b'-- Installing: /home/onur/autonomous_robot/install/webots_ros2_msgs/include/webots_ros2_msgs/webots_ros2_msgs/msg/detail/bool_stamped__rosidl_typesupport_fastrtps_cpp.hpp\n'}
[6.267972] (webots_ros2_msgs) StdoutLine: {'line': b'-- Installing: /home/onur/autonomous_robot/install/webots_ros2_msgs/include/webots_ros2_msgs/webots_ros2_msgs/msg/detail/dds_fastrtps\n'}
[6.268021] (webots_ros2_msgs) StdoutLine: {'line': b'-- Installing: /home/onur/autonomous_robot/install/webots_ros2_msgs/include/webots_ros2_msgs/webots_ros2_msgs/msg/detail/camera_recognition_object__rosidl_typesupport_fastrtps_cpp.hpp\n'}
[6.268069] (webots_ros2_msgs) StdoutLine: {'line': b'-- Installing: /home/onur/autonomous_robot/install/webots_ros2_msgs/include/webots_ros2_msgs/webots_ros2_msgs/msg/detail/urdf_robot__rosidl_typesupport_fastrtps_cpp.hpp\n'}
[6.268115] (webots_ros2_msgs) StdoutLine: {'line': b'-- Installing: /home/onur/autonomous_robot/install/webots_ros2_msgs/include/webots_ros2_msgs/webots_ros2_msgs/msg/detail/float_stamped__rosidl_typesupport_fastrtps_cpp.hpp\n'}
[6.268165] (webots_ros2_msgs) StdoutLine: {'line': b'-- Installing: /home/onur/autonomous_robot/install/webots_ros2_msgs/include/webots_ros2_msgs/webots_ros2_msgs/msg/rosidl_typesupport_fastrtps_cpp__visibility_control.h\n'}
[6.268213] (webots_ros2_msgs) StdoutLine: {'line': b'-- Up-to-date: /home/onur/autonomous_robot/install/webots_ros2_msgs/include/webots_ros2_msgs/webots_ros2_msgs/srv\n'}
[6.268257] (webots_ros2_msgs) StdoutLine: {'line': b'-- Up-to-date: /home/onur/autonomous_robot/install/webots_ros2_msgs/include/webots_ros2_msgs/webots_ros2_msgs/srv/detail\n'}
[6.268312] (webots_ros2_msgs) StdoutLine: {'line': b'-- Installing: /home/onur/autonomous_robot/install/webots_ros2_msgs/include/webots_ros2_msgs/webots_ros2_msgs/srv/detail/emitter_send_string__rosidl_typesupport_fastrtps_cpp.hpp\n'}
[6.268349] (webots_ros2_msgs) StdoutLine: {'line': b'-- Installing: /home/onur/autonomous_robot/install/webots_ros2_msgs/include/webots_ros2_msgs/webots_ros2_msgs/srv/detail/spawn_urdf_robot__rosidl_typesupport_fastrtps_cpp.hpp\n'}
[6.268392] (webots_ros2_msgs) StdoutLine: {'line': b'-- Installing: /home/onur/autonomous_robot/install/webots_ros2_msgs/include/webots_ros2_msgs/webots_ros2_msgs/srv/detail/spawn_node_from_string__rosidl_typesupport_fastrtps_cpp.hpp\n'}
[6.268434] (webots_ros2_msgs) StdoutLine: {'line': b'-- Installing: /home/onur/autonomous_robot/install/webots_ros2_msgs/include/webots_ros2_msgs/webots_ros2_msgs/srv/detail/get_bool__rosidl_typesupport_fastrtps_cpp.hpp\n'}
[6.268481] (webots_ros2_msgs) StdoutLine: {'line': b'-- Installing: /home/onur/autonomous_robot/install/webots_ros2_msgs/include/webots_ros2_msgs/webots_ros2_msgs/srv/detail/dds_fastrtps\n'}
[6.268531] (webots_ros2_msgs) StdoutLine: {'line': b'-- Installing: /home/onur/autonomous_robot/install/webots_ros2_msgs/include/webots_ros2_msgs/webots_ros2_msgs/srv/detail/set_string__rosidl_typesupport_fastrtps_cpp.hpp\n'}
[6.268585] (webots_ros2_msgs) StdoutLine: {'line': b'-- Installing: /home/onur/autonomous_robot/install/webots_ros2_msgs/lib/libwebots_ros2_msgs__rosidl_typesupport_fastrtps_cpp.so\n'}
[6.268991] (webots_ros2_msgs) StdoutLine: {'line': b'-- Set non-toolchain portion of runtime path of "/home/onur/autonomous_robot/install/webots_ros2_msgs/lib/libwebots_ros2_msgs__rosidl_typesupport_fastrtps_cpp.so" to ""\n'}
[6.269035] (webots_ros2_msgs) StdoutLine: {'line': b'-- Up-to-date: /home/onur/autonomous_robot/install/webots_ros2_msgs/include/webots_ros2_msgs/webots_ros2_msgs\n'}
[6.269066] (webots_ros2_msgs) StdoutLine: {'line': b'-- Up-to-date: /home/onur/autonomous_robot/install/webots_ros2_msgs/include/webots_ros2_msgs/webots_ros2_msgs/msg\n'}
[6.269109] (webots_ros2_msgs) StdoutLine: {'line': b'-- Up-to-date: /home/onur/autonomous_robot/install/webots_ros2_msgs/include/webots_ros2_msgs/webots_ros2_msgs/msg/detail\n'}
[6.269144] (webots_ros2_msgs) StdoutLine: {'line': b'-- Installing: /home/onur/autonomous_robot/install/webots_ros2_msgs/include/webots_ros2_msgs/webots_ros2_msgs/msg/detail/camera_recognition_objects__type_support.c\n'}
[6.269176] (webots_ros2_msgs) StdoutLine: {'line': b'-- Installing: /home/onur/autonomous_robot/install/webots_ros2_msgs/include/webots_ros2_msgs/webots_ros2_msgs/msg/detail/urdf_robot__type_support.c\n'}
[6.269221] (webots_ros2_msgs) StdoutLine: {'line': b'-- Installing: /home/onur/autonomous_robot/install/webots_ros2_msgs/include/webots_ros2_msgs/webots_ros2_msgs/msg/detail/string_stamped__type_support.c\n'}
[6.269253] (webots_ros2_msgs) StdoutLine: {'line': b'-- Installing: /home/onur/autonomous_robot/install/webots_ros2_msgs/include/webots_ros2_msgs/webots_ros2_msgs/msg/detail/camera_recognition_object__rosidl_typesupport_introspection_c.h\n'}
[6.269295] (webots_ros2_msgs) StdoutLine: {'line': b'-- Installing: /home/onur/autonomous_robot/install/webots_ros2_msgs/include/webots_ros2_msgs/webots_ros2_msgs/msg/detail/pen_ink_properties__rosidl_typesupport_introspection_c.h\n'}
[6.269338] (webots_ros2_msgs) StdoutLine: {'line': b'-- Installing: /home/onur/autonomous_robot/install/webots_ros2_msgs/include/webots_ros2_msgs/webots_ros2_msgs/msg/detail/bool_stamped__rosidl_typesupport_introspection_c.h\n'}
[6.269375] (webots_ros2_msgs) StdoutLine: {'line': b'-- Installing: /home/onur/autonomous_robot/install/webots_ros2_msgs/include/webots_ros2_msgs/webots_ros2_msgs/msg/detail/camera_recognition_objects__rosidl_typesupport_introspection_c.h\n'}
[6.269413] (webots_ros2_msgs) StdoutLine: {'line': b'-- Installing: /home/onur/autonomous_robot/install/webots_ros2_msgs/include/webots_ros2_msgs/webots_ros2_msgs/msg/detail/urdf_robot__rosidl_typesupport_introspection_c.h\n'}
[6.269449] (webots_ros2_msgs) StdoutLine: {'line': b'-- Installing: /home/onur/autonomous_robot/install/webots_ros2_msgs/include/webots_ros2_msgs/webots_ros2_msgs/msg/detail/bool_stamped__type_support.c\n'}
[6.269489] (webots_ros2_msgs) StdoutLine: {'line': b'-- Installing: /home/onur/autonomous_robot/install/webots_ros2_msgs/include/webots_ros2_msgs/webots_ros2_msgs/msg/detail/pen_ink_properties__type_support.c\n'}
[6.269532] (webots_ros2_msgs) StdoutLine: {'line': b'-- Installing: /home/onur/autonomous_robot/install/webots_ros2_msgs/include/webots_ros2_msgs/webots_ros2_msgs/msg/detail/camera_recognition_object__type_support.c\n'}
[6.269580] (webots_ros2_msgs) StdoutLine: {'line': b'-- Installing: /home/onur/autonomous_robot/install/webots_ros2_msgs/include/webots_ros2_msgs/webots_ros2_msgs/msg/detail/float_stamped__type_support.c\n'}
[6.269623] (webots_ros2_msgs) StdoutLine: {'line': b'-- Installing: /home/onur/autonomous_robot/install/webots_ros2_msgs/include/webots_ros2_msgs/webots_ros2_msgs/msg/detail/float_stamped__rosidl_typesupport_introspection_c.h\n'}
[6.269689] (webots_ros2_msgs) StdoutLine: {'line': b'-- Installing: /home/onur/autonomous_robot/install/webots_ros2_msgs/include/webots_ros2_msgs/webots_ros2_msgs/msg/detail/string_stamped__rosidl_typesupport_introspection_c.h\n'}
[6.269728] (webots_ros2_msgs) StdoutLine: {'line': b'-- Installing: /home/onur/autonomous_robot/install/webots_ros2_msgs/include/webots_ros2_msgs/webots_ros2_msgs/msg/rosidl_typesupport_introspection_c__visibility_control.h\n'}
[6.269765] (webots_ros2_msgs) StdoutLine: {'line': b'-- Up-to-date: /home/onur/autonomous_robot/install/webots_ros2_msgs/include/webots_ros2_msgs/webots_ros2_msgs/srv\n'}
[6.269807] (webots_ros2_msgs) StdoutLine: {'line': b'-- Up-to-date: /home/onur/autonomous_robot/install/webots_ros2_msgs/include/webots_ros2_msgs/webots_ros2_msgs/srv/detail\n'}
[6.269835] (webots_ros2_msgs) StdoutLine: {'line': b'-- Installing: /home/onur/autonomous_robot/install/webots_ros2_msgs/include/webots_ros2_msgs/webots_ros2_msgs/srv/detail/spawn_node_from_string__rosidl_typesupport_introspection_c.h\n'}
[6.269872] (webots_ros2_msgs) StdoutLine: {'line': b'-- Installing: /home/onur/autonomous_robot/install/webots_ros2_msgs/include/webots_ros2_msgs/webots_ros2_msgs/srv/detail/spawn_urdf_robot__rosidl_typesupport_introspection_c.h\n'}
[6.269911] (webots_ros2_msgs) StdoutLine: {'line': b'-- Installing: /home/onur/autonomous_robot/install/webots_ros2_msgs/include/webots_ros2_msgs/webots_ros2_msgs/srv/detail/spawn_node_from_string__type_support.c\n'}
[6.269945] (webots_ros2_msgs) StdoutLine: {'line': b'-- Installing: /home/onur/autonomous_robot/install/webots_ros2_msgs/include/webots_ros2_msgs/webots_ros2_msgs/srv/detail/set_string__rosidl_typesupport_introspection_c.h\n'}
[6.269981] (webots_ros2_msgs) StdoutLine: {'line': b'-- Installing: /home/onur/autonomous_robot/install/webots_ros2_msgs/include/webots_ros2_msgs/webots_ros2_msgs/srv/detail/spawn_urdf_robot__type_support.c\n'}
[6.270027] (webots_ros2_msgs) StdoutLine: {'line': b'-- Installing: /home/onur/autonomous_robot/install/webots_ros2_msgs/include/webots_ros2_msgs/webots_ros2_msgs/srv/detail/get_bool__rosidl_typesupport_introspection_c.h\n'}
[6.270063] (webots_ros2_msgs) StdoutLine: {'line': b'-- Installing: /home/onur/autonomous_robot/install/webots_ros2_msgs/include/webots_ros2_msgs/webots_ros2_msgs/srv/detail/get_bool__type_support.c\n'}
[6.270109] (webots_ros2_msgs) StdoutLine: {'line': b'-- Installing: /home/onur/autonomous_robot/install/webots_ros2_msgs/include/webots_ros2_msgs/webots_ros2_msgs/srv/detail/set_string__type_support.c\n'}
[6.270157] (webots_ros2_msgs) StdoutLine: {'line': b'-- Installing: /home/onur/autonomous_robot/install/webots_ros2_msgs/include/webots_ros2_msgs/webots_ros2_msgs/srv/detail/emitter_send_string__type_support.c\n'}
[6.270209] (webots_ros2_msgs) StdoutLine: {'line': b'-- Installing: /home/onur/autonomous_robot/install/webots_ros2_msgs/include/webots_ros2_msgs/webots_ros2_msgs/srv/detail/emitter_send_string__rosidl_typesupport_introspection_c.h\n'}
[6.270269] (webots_ros2_msgs) StdoutLine: {'line': b'-- Installing: /home/onur/autonomous_robot/install/webots_ros2_msgs/lib/libwebots_ros2_msgs__rosidl_typesupport_introspection_c.so\n'}
[6.270439] (webots_ros2_msgs) StdoutLine: {'line': b'-- Set non-toolchain portion of runtime path of "/home/onur/autonomous_robot/install/webots_ros2_msgs/lib/libwebots_ros2_msgs__rosidl_typesupport_introspection_c.so" to ""\n'}
[6.270478] (webots_ros2_msgs) StdoutLine: {'line': b'-- Installing: /home/onur/autonomous_robot/install/webots_ros2_msgs/lib/libwebots_ros2_msgs__rosidl_typesupport_c.so\n'}
[6.270594] (webots_ros2_msgs) StdoutLine: {'line': b'-- Set non-toolchain portion of runtime path of "/home/onur/autonomous_robot/install/webots_ros2_msgs/lib/libwebots_ros2_msgs__rosidl_typesupport_c.so" to ""\n'}
[6.270644] (webots_ros2_msgs) StdoutLine: {'line': b'-- Up-to-date: /home/onur/autonomous_robot/install/webots_ros2_msgs/include/webots_ros2_msgs/webots_ros2_msgs\n'}
[6.270676] (webots_ros2_msgs) StdoutLine: {'line': b'-- Up-to-date: /home/onur/autonomous_robot/install/webots_ros2_msgs/include/webots_ros2_msgs/webots_ros2_msgs/msg\n'}
[6.270706] (webots_ros2_msgs) StdoutLine: {'line': b'-- Up-to-date: /home/onur/autonomous_robot/install/webots_ros2_msgs/include/webots_ros2_msgs/webots_ros2_msgs/msg/detail\n'}
[6.270749] (webots_ros2_msgs) StdoutLine: {'line': b'-- Installing: /home/onur/autonomous_robot/install/webots_ros2_msgs/include/webots_ros2_msgs/webots_ros2_msgs/msg/detail/bool_stamped__rosidl_typesupport_introspection_cpp.hpp\n'}
[6.270778] (webots_ros2_msgs) StdoutLine: {'line': b'-- Installing: /home/onur/autonomous_robot/install/webots_ros2_msgs/include/webots_ros2_msgs/webots_ros2_msgs/msg/detail/pen_ink_properties__rosidl_typesupport_introspection_cpp.hpp\n'}
[6.270806] (webots_ros2_msgs) StdoutLine: {'line': b'-- Installing: /home/onur/autonomous_robot/install/webots_ros2_msgs/include/webots_ros2_msgs/webots_ros2_msgs/msg/detail/float_stamped__rosidl_typesupport_introspection_cpp.hpp\n'}
[6.270848] (webots_ros2_msgs) StdoutLine: {'line': b'-- Installing: /home/onur/autonomous_robot/install/webots_ros2_msgs/include/webots_ros2_msgs/webots_ros2_msgs/msg/detail/urdf_robot__type_support.cpp\n'}
[6.270878] (webots_ros2_msgs) StdoutLine: {'line': b'-- Installing: /home/onur/autonomous_robot/install/webots_ros2_msgs/include/webots_ros2_msgs/webots_ros2_msgs/msg/detail/pen_ink_properties__type_support.cpp\n'}
[6.270916] (webots_ros2_msgs) StdoutLine: {'line': b'-- Installing: /home/onur/autonomous_robot/install/webots_ros2_msgs/include/webots_ros2_msgs/webots_ros2_msgs/msg/detail/camera_recognition_object__rosidl_typesupport_introspection_cpp.hpp\n'}
[6.270956] (webots_ros2_msgs) StdoutLine: {'line': b'-- Installing: /home/onur/autonomous_robot/install/webots_ros2_msgs/include/webots_ros2_msgs/webots_ros2_msgs/msg/detail/urdf_robot__rosidl_typesupport_introspection_cpp.hpp\n'}
[6.270984] (webots_ros2_msgs) StdoutLine: {'line': b'-- Installing: /home/onur/autonomous_robot/install/webots_ros2_msgs/include/webots_ros2_msgs/webots_ros2_msgs/msg/detail/string_stamped__type_support.cpp\n'}
[6.271015] (webots_ros2_msgs) StdoutLine: {'line': b'-- Installing: /home/onur/autonomous_robot/install/webots_ros2_msgs/include/webots_ros2_msgs/webots_ros2_msgs/msg/detail/bool_stamped__type_support.cpp\n'}
[6.271052] (webots_ros2_msgs) StdoutLine: {'line': b'-- Installing: /home/onur/autonomous_robot/install/webots_ros2_msgs/include/webots_ros2_msgs/webots_ros2_msgs/msg/detail/float_stamped__type_support.cpp\n'}
[6.271087] (webots_ros2_msgs) StdoutLine: {'line': b'-- Installing: /home/onur/autonomous_robot/install/webots_ros2_msgs/include/webots_ros2_msgs/webots_ros2_msgs/msg/detail/camera_recognition_objects__type_support.cpp\n'}
[6.271123] (webots_ros2_msgs) StdoutLine: {'line': b'-- Installing: /home/onur/autonomous_robot/install/webots_ros2_msgs/include/webots_ros2_msgs/webots_ros2_msgs/msg/detail/camera_recognition_object__type_support.cpp\n'}
[6.271161] (webots_ros2_msgs) StdoutLine: {'line': b'-- Installing: /home/onur/autonomous_robot/install/webots_ros2_msgs/include/webots_ros2_msgs/webots_ros2_msgs/msg/detail/camera_recognition_objects__rosidl_typesupport_introspection_cpp.hpp\n'}
[6.271198] (webots_ros2_msgs) StdoutLine: {'line': b'-- Installing: /home/onur/autonomous_robot/install/webots_ros2_msgs/include/webots_ros2_msgs/webots_ros2_msgs/msg/detail/string_stamped__rosidl_typesupport_introspection_cpp.hpp\n'}
[6.271235] (webots_ros2_msgs) StdoutLine: {'line': b'-- Up-to-date: /home/onur/autonomous_robot/install/webots_ros2_msgs/include/webots_ros2_msgs/webots_ros2_msgs/srv\n'}
[6.271277] (webots_ros2_msgs) StdoutLine: {'line': b'-- Up-to-date: /home/onur/autonomous_robot/install/webots_ros2_msgs/include/webots_ros2_msgs/webots_ros2_msgs/srv/detail\n'}
[6.271304] (webots_ros2_msgs) StdoutLine: {'line': b'-- Installing: /home/onur/autonomous_robot/install/webots_ros2_msgs/include/webots_ros2_msgs/webots_ros2_msgs/srv/detail/spawn_node_from_string__type_support.cpp\n'}
[6.271337] (webots_ros2_msgs) StdoutLine: {'line': b'-- Installing: /home/onur/autonomous_robot/install/webots_ros2_msgs/include/webots_ros2_msgs/webots_ros2_msgs/srv/detail/spawn_urdf_robot__rosidl_typesupport_introspection_cpp.hpp\n'}
[6.271375] (webots_ros2_msgs) StdoutLine: {'line': b'-- Installing: /home/onur/autonomous_robot/install/webots_ros2_msgs/include/webots_ros2_msgs/webots_ros2_msgs/srv/detail/emitter_send_string__rosidl_typesupport_introspection_cpp.hpp\n'}
[6.271414] (webots_ros2_msgs) StdoutLine: {'line': b'-- Installing: /home/onur/autonomous_robot/install/webots_ros2_msgs/include/webots_ros2_msgs/webots_ros2_msgs/srv/detail/get_bool__rosidl_typesupport_introspection_cpp.hpp\n'}
[6.271446] (webots_ros2_msgs) StdoutLine: {'line': b'-- Installing: /home/onur/autonomous_robot/install/webots_ros2_msgs/include/webots_ros2_msgs/webots_ros2_msgs/srv/detail/get_bool__type_support.cpp\n'}
[6.271482] (webots_ros2_msgs) StdoutLine: {'line': b'-- Installing: /home/onur/autonomous_robot/install/webots_ros2_msgs/include/webots_ros2_msgs/webots_ros2_msgs/srv/detail/set_string__rosidl_typesupport_introspection_cpp.hpp\n'}
[6.271517] (webots_ros2_msgs) StdoutLine: {'line': b'-- Installing: /home/onur/autonomous_robot/install/webots_ros2_msgs/include/webots_ros2_msgs/webots_ros2_msgs/srv/detail/set_string__type_support.cpp\n'}
[6.271562] (webots_ros2_msgs) StdoutLine: {'line': b'-- Installing: /home/onur/autonomous_robot/install/webots_ros2_msgs/include/webots_ros2_msgs/webots_ros2_msgs/srv/detail/spawn_urdf_robot__type_support.cpp\n'}
[6.271608] (webots_ros2_msgs) StdoutLine: {'line': b'-- Installing: /home/onur/autonomous_robot/install/webots_ros2_msgs/include/webots_ros2_msgs/webots_ros2_msgs/srv/detail/emitter_send_string__type_support.cpp\n'}
[6.271662] (webots_ros2_msgs) StdoutLine: {'line': b'-- Installing: /home/onur/autonomous_robot/install/webots_ros2_msgs/include/webots_ros2_msgs/webots_ros2_msgs/srv/detail/spawn_node_from_string__rosidl_typesupport_introspection_cpp.hpp\n'}
[6.271721] (webots_ros2_msgs) StdoutLine: {'line': b'-- Installing: /home/onur/autonomous_robot/install/webots_ros2_msgs/lib/libwebots_ros2_msgs__rosidl_typesupport_introspection_cpp.so\n'}
[6.272057] (webots_ros2_msgs) StdoutLine: {'line': b'-- Set non-toolchain portion of runtime path of "/home/onur/autonomous_robot/install/webots_ros2_msgs/lib/libwebots_ros2_msgs__rosidl_typesupport_introspection_cpp.so" to ""\n'}
[6.272097] (webots_ros2_msgs) StdoutLine: {'line': b'-- Installing: /home/onur/autonomous_robot/install/webots_ros2_msgs/lib/libwebots_ros2_msgs__rosidl_typesupport_cpp.so\n'}
[6.272330] (webots_ros2_msgs) StdoutLine: {'line': b'-- Set non-toolchain portion of runtime path of "/home/onur/autonomous_robot/install/webots_ros2_msgs/lib/libwebots_ros2_msgs__rosidl_typesupport_cpp.so" to ""\n'}
[6.272368] (webots_ros2_msgs) StdoutLine: {'line': b'-- Installing: /home/onur/autonomous_robot/install/webots_ros2_msgs/share/webots_ros2_msgs/environment/pythonpath.sh\n'}
[6.272412] (webots_ros2_msgs) StdoutLine: {'line': b'-- Installing: /home/onur/autonomous_robot/install/webots_ros2_msgs/share/webots_ros2_msgs/environment/pythonpath.dsv\n'}
[6.272477] (webots_ros2_msgs) StdoutLine: {'line': b'-- Installing: /home/onur/autonomous_robot/install/webots_ros2_msgs/lib/python3.14/site-packages/webots_ros2_msgs/webots_ros2_msgs_s__rosidl_typesupport_fastrtps_c.so\n'}
[6.272622] (webots_ros2_msgs) StdoutLine: {'line': b'-- Set non-toolchain portion of runtime path of "/home/onur/autonomous_robot/install/webots_ros2_msgs/lib/python3.14/site-packages/webots_ros2_msgs/webots_ros2_msgs_s__rosidl_typesupport_fastrtps_c.so" to ""\n'}
[6.272662] (webots_ros2_msgs) StdoutLine: {'line': b'-- Installing: /home/onur/autonomous_robot/install/webots_ros2_msgs/lib/python3.14/site-packages/webots_ros2_msgs/webots_ros2_msgs_s__rosidl_typesupport_introspection_c.so\n'}
[6.272789] (webots_ros2_msgs) StdoutLine: {'line': b'-- Set non-toolchain portion of runtime path of "/home/onur/autonomous_robot/install/webots_ros2_msgs/lib/python3.14/site-packages/webots_ros2_msgs/webots_ros2_msgs_s__rosidl_typesupport_introspection_c.so" to ""\n'}
[6.272828] (webots_ros2_msgs) StdoutLine: {'line': b'-- Installing: /home/onur/autonomous_robot/install/webots_ros2_msgs/lib/python3.14/site-packages/webots_ros2_msgs/webots_ros2_msgs_s__rosidl_typesupport_c.so\n'}
[6.272963] (webots_ros2_msgs) StdoutLine: {'line': b'-- Set non-toolchain portion of runtime path of "/home/onur/autonomous_robot/install/webots_ros2_msgs/lib/python3.14/site-packages/webots_ros2_msgs/webots_ros2_msgs_s__rosidl_typesupport_c.so" to ""\n'}
[6.272997] (webots_ros2_msgs) StdoutLine: {'line': b'-- Installing: /home/onur/autonomous_robot/install/webots_ros2_msgs/lib/libwebots_ros2_msgs__rosidl_generator_py.so\n'}
[6.273164] (webots_ros2_msgs) StdoutLine: {'line': b'-- Set non-toolchain portion of runtime path of "/home/onur/autonomous_robot/install/webots_ros2_msgs/lib/libwebots_ros2_msgs__rosidl_generator_py.so" to ""\n'}
[6.273206] (webots_ros2_msgs) StdoutLine: {'line': b'-- Installing: /home/onur/autonomous_robot/install/webots_ros2_msgs/share/webots_ros2_msgs/rust\n'}
[6.273235] (webots_ros2_msgs) StdoutLine: {'line': b'-- Installing: /home/onur/autonomous_robot/install/webots_ros2_msgs/share/webots_ros2_msgs/rust/src\n'}
[6.273274] (webots_ros2_msgs) StdoutLine: {'line': b'-- Installing: /home/onur/autonomous_robot/install/webots_ros2_msgs/share/webots_ros2_msgs/rust/src/lib.rs\n'}
[6.273302] (webots_ros2_msgs) StdoutLine: {'line': b'-- Installing: /home/onur/autonomous_robot/install/webots_ros2_msgs/share/webots_ros2_msgs/rust/src/srv.rs\n'}
[6.273339] (webots_ros2_msgs) StdoutLine: {'line': b'-- Installing: /home/onur/autonomous_robot/install/webots_ros2_msgs/share/webots_ros2_msgs/rust/src/msg\n'}
[6.273365] (webots_ros2_msgs) StdoutLine: {'line': b'-- Installing: /home/onur/autonomous_robot/install/webots_ros2_msgs/share/webots_ros2_msgs/rust/src/msg/rmw.rs\n'}
[6.273399] (webots_ros2_msgs) StdoutLine: {'line': b'-- Installing: /home/onur/autonomous_robot/install/webots_ros2_msgs/share/webots_ros2_msgs/rust/src/msg.rs\n'}
[6.273439] (webots_ros2_msgs) StdoutLine: {'line': b'-- Installing: /home/onur/autonomous_robot/install/webots_ros2_msgs/share/webots_ros2_msgs/rust/src/srv\n'}
[6.273464] (webots_ros2_msgs) StdoutLine: {'line': b'-- Installing: /home/onur/autonomous_robot/install/webots_ros2_msgs/share/webots_ros2_msgs/rust/src/srv/rmw.rs\n'}
[6.273504] (webots_ros2_msgs) StdoutLine: {'line': b'-- Installing: /home/onur/autonomous_robot/install/webots_ros2_msgs/share/webots_ros2_msgs/rust/build.rs\n'}
[6.273531] (webots_ros2_msgs) StdoutLine: {'line': b'-- Installing: /home/onur/autonomous_robot/install/webots_ros2_msgs/share/webots_ros2_msgs/rust/Cargo.toml\n'}
[6.273560] (webots_ros2_msgs) StdoutLine: {'line': b'-- Installing: /home/onur/autonomous_robot/install/webots_ros2_msgs/share/webots_ros2_msgs/msg/BoolStamped.idl\n'}
[6.273595] (webots_ros2_msgs) StdoutLine: {'line': b'-- Installing: /home/onur/autonomous_robot/install/webots_ros2_msgs/share/webots_ros2_msgs/msg/FloatStamped.idl\n'}
[6.273640] (webots_ros2_msgs) StdoutLine: {'line': b'-- Installing: /home/onur/autonomous_robot/install/webots_ros2_msgs/share/webots_ros2_msgs/msg/StringStamped.idl\n'}
[6.273683] (webots_ros2_msgs) StdoutLine: {'line': b'-- Installing: /home/onur/autonomous_robot/install/webots_ros2_msgs/share/webots_ros2_msgs/msg/CameraRecognitionObject.idl\n'}
[6.273734] (webots_ros2_msgs) StdoutLine: {'line': b'-- Installing: /home/onur/autonomous_robot/install/webots_ros2_msgs/share/webots_ros2_msgs/msg/CameraRecognitionObjects.idl\n'}
[6.273776] (webots_ros2_msgs) StdoutLine: {'line': b'-- Installing: /home/onur/autonomous_robot/install/webots_ros2_msgs/share/webots_ros2_msgs/msg/UrdfRobot.idl\n'}
[6.273823] (webots_ros2_msgs) StdoutLine: {'line': b'-- Installing: /home/onur/autonomous_robot/install/webots_ros2_msgs/share/webots_ros2_msgs/msg/PenInkProperties.idl\n'}
[6.273876] (webots_ros2_msgs) StdoutLine: {'line': b'-- Installing: /home/onur/autonomous_robot/install/webots_ros2_msgs/share/webots_ros2_msgs/srv/EmitterSendString.idl\n'}
[6.273926] (webots_ros2_msgs) StdoutLine: {'line': b'-- Installing: /home/onur/autonomous_robot/install/webots_ros2_msgs/share/webots_ros2_msgs/srv/GetBool.idl\n'}
[6.273966] (webots_ros2_msgs) StdoutLine: {'line': b'-- Installing: /home/onur/autonomous_robot/install/webots_ros2_msgs/share/webots_ros2_msgs/srv/SetString.idl\n'}
[6.274013] (webots_ros2_msgs) StdoutLine: {'line': b'-- Installing: /home/onur/autonomous_robot/install/webots_ros2_msgs/share/webots_ros2_msgs/srv/SpawnNodeFromString.idl\n'}
[6.274056] (webots_ros2_msgs) StdoutLine: {'line': b'-- Installing: /home/onur/autonomous_robot/install/webots_ros2_msgs/share/webots_ros2_msgs/srv/SpawnUrdfRobot.idl\n'}
[6.274105] (webots_ros2_msgs) StdoutLine: {'line': b'-- Installing: /home/onur/autonomous_robot/install/webots_ros2_msgs/share/webots_ros2_msgs/msg/BoolStamped.msg\n'}
[6.274149] (webots_ros2_msgs) StdoutLine: {'line': b'-- Installing: /home/onur/autonomous_robot/install/webots_ros2_msgs/share/webots_ros2_msgs/msg/FloatStamped.msg\n'}
[6.274194] (webots_ros2_msgs) StdoutLine: {'line': b'-- Installing: /home/onur/autonomous_robot/install/webots_ros2_msgs/share/webots_ros2_msgs/msg/StringStamped.msg\n'}
[6.274238] (webots_ros2_msgs) StdoutLine: {'line': b'-- Installing: /home/onur/autonomous_robot/install/webots_ros2_msgs/share/webots_ros2_msgs/msg/CameraRecognitionObject.msg\n'}
[6.274286] (webots_ros2_msgs) StdoutLine: {'line': b'-- Installing: /home/onur/autonomous_robot/install/webots_ros2_msgs/share/webots_ros2_msgs/msg/CameraRecognitionObjects.msg\n'}
[6.274327] (webots_ros2_msgs) StdoutLine: {'line': b'-- Installing: /home/onur/autonomous_robot/install/webots_ros2_msgs/share/webots_ros2_msgs/msg/UrdfRobot.msg\n'}
[6.274370] (webots_ros2_msgs) StdoutLine: {'line': b'-- Installing: /home/onur/autonomous_robot/install/webots_ros2_msgs/share/webots_ros2_msgs/msg/PenInkProperties.msg\n'}
[6.274414] (webots_ros2_msgs) StdoutLine: {'line': b'-- Installing: /home/onur/autonomous_robot/install/webots_ros2_msgs/share/webots_ros2_msgs/srv/EmitterSendString.srv\n'}
[6.274466] (webots_ros2_msgs) StdoutLine: {'line': b'-- Installing: /home/onur/autonomous_robot/install/webots_ros2_msgs/share/webots_ros2_msgs/srv/GetBool.srv\n'}
[6.274510] (webots_ros2_msgs) StdoutLine: {'line': b'-- Installing: /home/onur/autonomous_robot/install/webots_ros2_msgs/share/webots_ros2_msgs/srv/SetString.srv\n'}
[6.274555] (webots_ros2_msgs) StdoutLine: {'line': b'-- Installing: /home/onur/autonomous_robot/install/webots_ros2_msgs/share/webots_ros2_msgs/srv/SpawnNodeFromString.srv\n'}
[6.274598] (webots_ros2_msgs) StdoutLine: {'line': b'-- Installing: /home/onur/autonomous_robot/install/webots_ros2_msgs/share/webots_ros2_msgs/srv/SpawnUrdfRobot.srv\n'}
[6.274662] (webots_ros2_msgs) StdoutLine: {'line': b'-- Installing: /home/onur/autonomous_robot/install/webots_ros2_msgs/share/ament_index/resource_index/package_run_dependencies/webots_ros2_msgs\n'}
[6.274719] (webots_ros2_msgs) StdoutLine: {'line': b'-- Installing: /home/onur/autonomous_robot/install/webots_ros2_msgs/share/ament_index/resource_index/parent_prefix_path/webots_ros2_msgs\n'}
[6.274767] (webots_ros2_msgs) StdoutLine: {'line': b'-- Installing: /home/onur/autonomous_robot/install/webots_ros2_msgs/share/webots_ros2_msgs/environment/ament_prefix_path.sh\n'}
[6.274815] (webots_ros2_msgs) StdoutLine: {'line': b'-- Installing: /home/onur/autonomous_robot/install/webots_ros2_msgs/share/webots_ros2_msgs/environment/ament_prefix_path.dsv\n'}
[6.274868] (webots_ros2_msgs) StdoutLine: {'line': b'-- Installing: /home/onur/autonomous_robot/install/webots_ros2_msgs/share/webots_ros2_msgs/environment/path.sh\n'}
[6.274914] (webots_ros2_msgs) StdoutLine: {'line': b'-- Installing: /home/onur/autonomous_robot/install/webots_ros2_msgs/share/webots_ros2_msgs/environment/path.dsv\n'}
[6.274957] (webots_ros2_msgs) StdoutLine: {'line': b'-- Installing: /home/onur/autonomous_robot/install/webots_ros2_msgs/share/webots_ros2_msgs/local_setup.bash\n'}
[6.275002] (webots_ros2_msgs) StdoutLine: {'line': b'-- Installing: /home/onur/autonomous_robot/install/webots_ros2_msgs/share/webots_ros2_msgs/local_setup.fish\n'}
[6.275050] (webots_ros2_msgs) StdoutLine: {'line': b'-- Installing: /home/onur/autonomous_robot/install/webots_ros2_msgs/share/webots_ros2_msgs/local_setup.sh\n'}
[6.275093] (webots_ros2_msgs) StdoutLine: {'line': b'-- Installing: /home/onur/autonomous_robot/install/webots_ros2_msgs/share/webots_ros2_msgs/local_setup.zsh\n'}
[6.275142] (webots_ros2_msgs) StdoutLine: {'line': b'-- Installing: /home/onur/autonomous_robot/install/webots_ros2_msgs/share/webots_ros2_msgs/local_setup.dsv\n'}
[6.275187] (webots_ros2_msgs) StdoutLine: {'line': b'-- Installing: /home/onur/autonomous_robot/install/webots_ros2_msgs/share/webots_ros2_msgs/package.dsv\n'}
[6.275251] (webots_ros2_msgs) StdoutLine: {'line': b'-- Installing: /home/onur/autonomous_robot/install/webots_ros2_msgs/share/ament_index/resource_index/packages/webots_ros2_msgs\n'}
[6.275310] (webots_ros2_msgs) StdoutLine: {'line': b'-- Installing: /home/onur/autonomous_robot/install/webots_ros2_msgs/share/webots_ros2_msgs/cmake/export_webots_ros2_msgs__rosidl_generator_cExport.cmake\n'}
[6.275364] (webots_ros2_msgs) StdoutLine: {'line': b'-- Installing: /home/onur/autonomous_robot/install/webots_ros2_msgs/share/webots_ros2_msgs/cmake/export_webots_ros2_msgs__rosidl_generator_cExport-noconfig.cmake\n'}
[6.275425] (webots_ros2_msgs) StdoutLine: {'line': b'-- Installing: /home/onur/autonomous_robot/install/webots_ros2_msgs/share/webots_ros2_msgs/cmake/export_webots_ros2_msgs__rosidl_typesupport_fastrtps_cExport.cmake\n'}
[6.275475] (webots_ros2_msgs) StdoutLine: {'line': b'-- Installing: /home/onur/autonomous_robot/install/webots_ros2_msgs/share/webots_ros2_msgs/cmake/export_webots_ros2_msgs__rosidl_typesupport_fastrtps_cExport-noconfig.cmake\n'}
[6.275521] (webots_ros2_msgs) StdoutLine: {'line': b'-- Installing: /home/onur/autonomous_robot/install/webots_ros2_msgs/share/webots_ros2_msgs/cmake/export_webots_ros2_msgs__rosidl_generator_cppExport.cmake\n'}
[6.275571] (webots_ros2_msgs) StdoutLine: {'line': b'-- Installing: /home/onur/autonomous_robot/install/webots_ros2_msgs/share/webots_ros2_msgs/cmake/export_webots_ros2_msgs__rosidl_typesupport_fastrtps_cppExport.cmake\n'}
[6.275621] (webots_ros2_msgs) StdoutLine: {'line': b'-- Installing: /home/onur/autonomous_robot/install/webots_ros2_msgs/share/webots_ros2_msgs/cmake/export_webots_ros2_msgs__rosidl_typesupport_fastrtps_cppExport-noconfig.cmake\n'}
[6.275678] (webots_ros2_msgs) StdoutLine: {'line': b'-- Installing: /home/onur/autonomous_robot/install/webots_ros2_msgs/share/webots_ros2_msgs/cmake/webots_ros2_msgs__rosidl_typesupport_introspection_cExport.cmake\n'}
[6.275723] (webots_ros2_msgs) StdoutLine: {'line': b'-- Installing: /home/onur/autonomous_robot/install/webots_ros2_msgs/share/webots_ros2_msgs/cmake/webots_ros2_msgs__rosidl_typesupport_introspection_cExport-noconfig.cmake\n'}
[6.275774] (webots_ros2_msgs) StdoutLine: {'line': b'-- Installing: /home/onur/autonomous_robot/install/webots_ros2_msgs/share/webots_ros2_msgs/cmake/webots_ros2_msgs__rosidl_typesupport_cExport.cmake\n'}
[6.275823] (webots_ros2_msgs) StdoutLine: {'line': b'-- Installing: /home/onur/autonomous_robot/install/webots_ros2_msgs/share/webots_ros2_msgs/cmake/webots_ros2_msgs__rosidl_typesupport_cExport-noconfig.cmake\n'}
[6.275879] (webots_ros2_msgs) StdoutLine: {'line': b'-- Installing: /home/onur/autonomous_robot/install/webots_ros2_msgs/share/webots_ros2_msgs/cmake/webots_ros2_msgs__rosidl_typesupport_introspection_cppExport.cmake\n'}
[6.275953] (webots_ros2_msgs) StdoutLine: {'line': b'-- Installing: /home/onur/autonomous_robot/install/webots_ros2_msgs/share/webots_ros2_msgs/cmake/webots_ros2_msgs__rosidl_typesupport_introspection_cppExport-noconfig.cmake\n'}
[6.276002] (webots_ros2_msgs) StdoutLine: {'line': b'-- Installing: /home/onur/autonomous_robot/install/webots_ros2_msgs/share/webots_ros2_msgs/cmake/webots_ros2_msgs__rosidl_typesupport_cppExport.cmake\n'}
[6.276055] (webots_ros2_msgs) StdoutLine: {'line': b'-- Installing: /home/onur/autonomous_robot/install/webots_ros2_msgs/share/webots_ros2_msgs/cmake/webots_ros2_msgs__rosidl_typesupport_cppExport-noconfig.cmake\n'}
[6.276107] (webots_ros2_msgs) StdoutLine: {'line': b'-- Installing: /home/onur/autonomous_robot/install/webots_ros2_msgs/share/webots_ros2_msgs/cmake/export_webots_ros2_msgs__rosidl_generator_pyExport.cmake\n'}
[6.276153] (webots_ros2_msgs) StdoutLine: {'line': b'-- Installing: /home/onur/autonomous_robot/install/webots_ros2_msgs/share/webots_ros2_msgs/cmake/export_webots_ros2_msgs__rosidl_generator_pyExport-noconfig.cmake\n'}
[6.276199] (webots_ros2_msgs) StdoutLine: {'line': b'-- Installing: /home/onur/autonomous_robot/install/webots_ros2_msgs/lib/python3.14/site-packages/webots_ros2_msgs-2025.0.1-py3.14.egg-info\n'}
[6.276230] (webots_ros2_msgs) StdoutLine: {'line': b'-- Installing: /home/onur/autonomous_robot/install/webots_ros2_msgs/lib/python3.14/site-packages/webots_ros2_msgs-2025.0.1-py3.14.egg-info/dependency_links.txt\n'}
[6.276264] (webots_ros2_msgs) StdoutLine: {'line': b'-- Installing: /home/onur/autonomous_robot/install/webots_ros2_msgs/lib/python3.14/site-packages/webots_ros2_msgs-2025.0.1-py3.14.egg-info/PKG-INFO\n'}
[6.276303] (webots_ros2_msgs) StdoutLine: {'line': b'-- Installing: /home/onur/autonomous_robot/install/webots_ros2_msgs/lib/python3.14/site-packages/webots_ros2_msgs-2025.0.1-py3.14.egg-info/SOURCES.txt\n'}
[6.276334] (webots_ros2_msgs) StdoutLine: {'line': b'-- Installing: /home/onur/autonomous_robot/install/webots_ros2_msgs/lib/python3.14/site-packages/webots_ros2_msgs-2025.0.1-py3.14.egg-info/top_level.txt\n'}
[6.276381] (webots_ros2_msgs) StdoutLine: {'line': b'-- Up-to-date: /home/onur/autonomous_robot/install/webots_ros2_msgs/lib/python3.14/site-packages/webots_ros2_msgs\n'}
[6.276416] (webots_ros2_msgs) StdoutLine: {'line': b'-- Installing: /home/onur/autonomous_robot/install/webots_ros2_msgs/lib/python3.14/site-packages/webots_ros2_msgs/_webots_ros2_msgs_s.ep.rosidl_typesupport_fastrtps_c.c\n'}
[6.276480] (webots_ros2_msgs) StdoutLine: {'line': b'-- Up-to-date: /home/onur/autonomous_robot/install/webots_ros2_msgs/lib/python3.14/site-packages/webots_ros2_msgs/webots_ros2_msgs_s__rosidl_typesupport_fastrtps_c.so\n'}
[6.276521] (webots_ros2_msgs) StdoutLine: {'line': b'-- Installing: /home/onur/autonomous_robot/install/webots_ros2_msgs/lib/python3.14/site-packages/webots_ros2_msgs/msg\n'}
[6.276548] (webots_ros2_msgs) StdoutLine: {'line': b'-- Installing: /home/onur/autonomous_robot/install/webots_ros2_msgs/lib/python3.14/site-packages/webots_ros2_msgs/msg/_pen_ink_properties_s.c\n'}
[6.276588] (webots_ros2_msgs) StdoutLine: {'line': b'-- Installing: /home/onur/autonomous_robot/install/webots_ros2_msgs/lib/python3.14/site-packages/webots_ros2_msgs/msg/_float_stamped.py\n'}
[6.276615] (webots_ros2_msgs) StdoutLine: {'line': b'-- Installing: /home/onur/autonomous_robot/install/webots_ros2_msgs/lib/python3.14/site-packages/webots_ros2_msgs/msg/_camera_recognition_objects_s.c\n'}
[6.276654] (webots_ros2_msgs) StdoutLine: {'line': b'-- Installing: /home/onur/autonomous_robot/install/webots_ros2_msgs/lib/python3.14/site-packages/webots_ros2_msgs/msg/_string_stamped.py\n'}
[6.276681] (webots_ros2_msgs) StdoutLine: {'line': b'-- Installing: /home/onur/autonomous_robot/install/webots_ros2_msgs/lib/python3.14/site-packages/webots_ros2_msgs/msg/_camera_recognition_object.py\n'}
[6.276716] (webots_ros2_msgs) StdoutLine: {'line': b'-- Installing: /home/onur/autonomous_robot/install/webots_ros2_msgs/lib/python3.14/site-packages/webots_ros2_msgs/msg/_camera_recognition_objects.py\n'}
[6.276752] (webots_ros2_msgs) StdoutLine: {'line': b'-- Installing: /home/onur/autonomous_robot/install/webots_ros2_msgs/lib/python3.14/site-packages/webots_ros2_msgs/msg/_pen_ink_properties.py\n'}
[6.276789] (webots_ros2_msgs) StdoutLine: {'line': b'-- Installing: /home/onur/autonomous_robot/install/webots_ros2_msgs/lib/python3.14/site-packages/webots_ros2_msgs/msg/_float_stamped_s.c\n'}
[6.276826] (webots_ros2_msgs) StdoutLine: {'line': b'-- Installing: /home/onur/autonomous_robot/install/webots_ros2_msgs/lib/python3.14/site-packages/webots_ros2_msgs/msg/_urdf_robot.py\n'}
[6.276861] (webots_ros2_msgs) StdoutLine: {'line': b'-- Installing: /home/onur/autonomous_robot/install/webots_ros2_msgs/lib/python3.14/site-packages/webots_ros2_msgs/msg/_bool_stamped.py\n'}
[6.276902] (webots_ros2_msgs) StdoutLine: {'line': b'-- Installing: /home/onur/autonomous_robot/install/webots_ros2_msgs/lib/python3.14/site-packages/webots_ros2_msgs/msg/_bool_stamped_s.c\n'}
[6.276937] (webots_ros2_msgs) StdoutLine: {'line': b'-- Installing: /home/onur/autonomous_robot/install/webots_ros2_msgs/lib/python3.14/site-packages/webots_ros2_msgs/msg/_camera_recognition_object_s.c\n'}
[6.276975] (webots_ros2_msgs) StdoutLine: {'line': b'-- Installing: /home/onur/autonomous_robot/install/webots_ros2_msgs/lib/python3.14/site-packages/webots_ros2_msgs/msg/_string_stamped_s.c\n'}
[6.277007] (webots_ros2_msgs) StdoutLine: {'line': b'-- Installing: /home/onur/autonomous_robot/install/webots_ros2_msgs/lib/python3.14/site-packages/webots_ros2_msgs/msg/__init__.py\n'}
[6.277042] (webots_ros2_msgs) StdoutLine: {'line': b'-- Installing: /home/onur/autonomous_robot/install/webots_ros2_msgs/lib/python3.14/site-packages/webots_ros2_msgs/msg/_urdf_robot_s.c\n'}
[6.277079] (webots_ros2_msgs) StdoutLine: {'line': b'-- Installing: /home/onur/autonomous_robot/install/webots_ros2_msgs/lib/python3.14/site-packages/webots_ros2_msgs/_webots_ros2_msgs_s.ep.rosidl_typesupport_introspection_c.c\n'}
[6.277129] (webots_ros2_msgs) StdoutLine: {'line': b'-- Up-to-date: /home/onur/autonomous_robot/install/webots_ros2_msgs/lib/python3.14/site-packages/webots_ros2_msgs/webots_ros2_msgs_s__rosidl_typesupport_c.so\n'}
[6.277163] (webots_ros2_msgs) StdoutLine: {'line': b'-- Up-to-date: /home/onur/autonomous_robot/install/webots_ros2_msgs/lib/python3.14/site-packages/webots_ros2_msgs/webots_ros2_msgs_s__rosidl_typesupport_introspection_c.so\n'}
[6.277198] (webots_ros2_msgs) StdoutLine: {'line': b'-- Installing: /home/onur/autonomous_robot/install/webots_ros2_msgs/lib/python3.14/site-packages/webots_ros2_msgs/_webots_ros2_msgs_s.ep.rosidl_typesupport_c.c\n'}
[6.277233] (webots_ros2_msgs) StdoutLine: {'line': b'-- Installing: /home/onur/autonomous_robot/install/webots_ros2_msgs/lib/python3.14/site-packages/webots_ros2_msgs/__init__.py\n'}
[6.277268] (webots_ros2_msgs) StdoutLine: {'line': b'-- Installing: /home/onur/autonomous_robot/install/webots_ros2_msgs/lib/python3.14/site-packages/webots_ros2_msgs/srv\n'}
[6.277305] (webots_ros2_msgs) StdoutLine: {'line': b'-- Installing: /home/onur/autonomous_robot/install/webots_ros2_msgs/lib/python3.14/site-packages/webots_ros2_msgs/srv/_spawn_node_from_string.py\n'}
[6.277339] (webots_ros2_msgs) StdoutLine: {'line': b'-- Installing: /home/onur/autonomous_robot/install/webots_ros2_msgs/lib/python3.14/site-packages/webots_ros2_msgs/srv/_emitter_send_string_s.c\n'}
[6.277370] (webots_ros2_msgs) StdoutLine: {'line': b'-- Installing: /home/onur/autonomous_robot/install/webots_ros2_msgs/lib/python3.14/site-packages/webots_ros2_msgs/srv/_spawn_node_from_string_s.c\n'}
[6.277404] (webots_ros2_msgs) StdoutLine: {'line': b'-- Installing: /home/onur/autonomous_robot/install/webots_ros2_msgs/lib/python3.14/site-packages/webots_ros2_msgs/srv/_get_bool.py\n'}
[6.277442] (webots_ros2_msgs) StdoutLine: {'line': b'-- Installing: /home/onur/autonomous_robot/install/webots_ros2_msgs/lib/python3.14/site-packages/webots_ros2_msgs/srv/_set_string.py\n'}
[6.277482] (webots_ros2_msgs) StdoutLine: {'line': b'-- Installing: /home/onur/autonomous_robot/install/webots_ros2_msgs/lib/python3.14/site-packages/webots_ros2_msgs/srv/_spawn_urdf_robot_s.c\n'}
[6.277520] (webots_ros2_msgs) StdoutLine: {'line': b'-- Installing: /home/onur/autonomous_robot/install/webots_ros2_msgs/lib/python3.14/site-packages/webots_ros2_msgs/srv/_set_string_s.c\n'}
[6.277557] (webots_ros2_msgs) StdoutLine: {'line': b'-- Installing: /home/onur/autonomous_robot/install/webots_ros2_msgs/lib/python3.14/site-packages/webots_ros2_msgs/srv/_get_bool_s.c\n'}
[6.277594] (webots_ros2_msgs) StdoutLine: {'line': b'-- Installing: /home/onur/autonomous_robot/install/webots_ros2_msgs/lib/python3.14/site-packages/webots_ros2_msgs/srv/__init__.py\n'}
[6.277627] (webots_ros2_msgs) StdoutLine: {'line': b'-- Installing: /home/onur/autonomous_robot/install/webots_ros2_msgs/lib/python3.14/site-packages/webots_ros2_msgs/srv/_emitter_send_string.py\n'}
[6.277669] (webots_ros2_msgs) StdoutLine: {'line': b'-- Installing: /home/onur/autonomous_robot/install/webots_ros2_msgs/lib/python3.14/site-packages/webots_ros2_msgs/srv/_spawn_urdf_robot.py\n'}
[6.277710] (webots_ros2_msgs) StdoutLine: {'line': b'-- Installing: /home/onur/autonomous_robot/install/webots_ros2_msgs/lib/python3.14/site-packages/webots_ros2_msgs/py.typed\n'}
[6.317934] (-) TimerEvent: {}
[6.332358] (webots_ros2_msgs) StdoutLine: {'line': b"Listing '/home/onur/autonomous_robot/install/webots_ros2_msgs/lib/python3.14/site-packages/webots_ros2_msgs'...\n"}
[6.332432] (webots_ros2_msgs) StdoutLine: {'line': b"Compiling '/home/onur/autonomous_robot/install/webots_ros2_msgs/lib/python3.14/site-packages/webots_ros2_msgs/__init__.py'...\n"}
[6.332462] (webots_ros2_msgs) StdoutLine: {'line': b"Listing '/home/onur/autonomous_robot/install/webots_ros2_msgs/lib/python3.14/site-packages/webots_ros2_msgs/msg'...\n"}
[6.332488] (webots_ros2_msgs) StdoutLine: {'line': b"Compiling '/home/onur/autonomous_robot/install/webots_ros2_msgs/lib/python3.14/site-packages/webots_ros2_msgs/msg/__init__.py'...\n"}
[6.332513] (webots_ros2_msgs) StdoutLine: {'line': b"Compiling '/home/onur/autonomous_robot/install/webots_ros2_msgs/lib/python3.14/site-packages/webots_ros2_msgs/msg/_bool_stamped.py'...\n"}
[6.332536] (webots_ros2_msgs) StdoutLine: {'line': b"Compiling '/home/onur/autonomous_robot/install/webots_ros2_msgs/lib/python3.14/site-packages/webots_ros2_msgs/msg/_camera_recognition_object.py'...\n"}
[6.332565] (webots_ros2_msgs) StdoutLine: {'line': b"Compiling '/home/onur/autonomous_robot/install/webots_ros2_msgs/lib/python3.14/site-packages/webots_ros2_msgs/msg/_camera_recognition_objects.py'...\n"}
[6.332590] (webots_ros2_msgs) StdoutLine: {'line': b"Compiling '/home/onur/autonomous_robot/install/webots_ros2_msgs/lib/python3.14/site-packages/webots_ros2_msgs/msg/_float_stamped.py'...\n"}
[6.332616] (webots_ros2_msgs) StdoutLine: {'line': b"Compiling '/home/onur/autonomous_robot/install/webots_ros2_msgs/lib/python3.14/site-packages/webots_ros2_msgs/msg/_pen_ink_properties.py'...\n"}
[6.332641] (webots_ros2_msgs) StdoutLine: {'line': b"Compiling '/home/onur/autonomous_robot/install/webots_ros2_msgs/lib/python3.14/site-packages/webots_ros2_msgs/msg/_string_stamped.py'...\n"}
[6.332665] (webots_ros2_msgs) StdoutLine: {'line': b"Compiling '/home/onur/autonomous_robot/install/webots_ros2_msgs/lib/python3.14/site-packages/webots_ros2_msgs/msg/_urdf_robot.py'...\n"}
[6.332689] (webots_ros2_msgs) StdoutLine: {'line': b"Listing '/home/onur/autonomous_robot/install/webots_ros2_msgs/lib/python3.14/site-packages/webots_ros2_msgs/srv'...\n"}
[6.332713] (webots_ros2_msgs) StdoutLine: {'line': b"Compiling '/home/onur/autonomous_robot/install/webots_ros2_msgs/lib/python3.14/site-packages/webots_ros2_msgs/srv/__init__.py'...\n"}
[6.332738] (webots_ros2_msgs) StdoutLine: {'line': b"Compiling '/home/onur/autonomous_robot/install/webots_ros2_msgs/lib/python3.14/site-packages/webots_ros2_msgs/srv/_emitter_send_string.py'...\n"}
[6.332766] (webots_ros2_msgs) StdoutLine: {'line': b"Compiling '/home/onur/autonomous_robot/install/webots_ros2_msgs/lib/python3.14/site-packages/webots_ros2_msgs/srv/_get_bool.py'...\n"}
[6.332790] (webots_ros2_msgs) StdoutLine: {'line': b"Compiling '/home/onur/autonomous_robot/install/webots_ros2_msgs/lib/python3.14/site-packages/webots_ros2_msgs/srv/_set_string.py'...\n"}
[6.332813] (webots_ros2_msgs) StdoutLine: {'line': b"Compiling '/home/onur/autonomous_robot/install/webots_ros2_msgs/lib/python3.14/site-packages/webots_ros2_msgs/srv/_spawn_node_from_string.py'...\n"}
[6.332834] (webots_ros2_msgs) StdoutLine: {'line': b"Compiling '/home/onur/autonomous_robot/install/webots_ros2_msgs/lib/python3.14/site-packages/webots_ros2_msgs/srv/_spawn_urdf_robot.py'...\n"}
[6.337074] (webots_ros2_msgs) StdoutLine: {'line': b'-- Installing: /home/onur/autonomous_robot/install/webots_ros2_msgs/share/webots_ros2_msgs/cmake/rosidl_cmake-extras.cmake\n'}
[6.337176] (webots_ros2_msgs) StdoutLine: {'line': b'-- Installing: /home/onur/autonomous_robot/install/webots_ros2_msgs/share/webots_ros2_msgs/cmake/ament_cmake_export_dependencies-extras.cmake\n'}
[6.337256] (webots_ros2_msgs) StdoutLine: {'line': b'-- Installing: /home/onur/autonomous_robot/install/webots_ros2_msgs/share/webots_ros2_msgs/cmake/ament_cmake_export_include_directories-extras.cmake\n'}
[6.337317] (webots_ros2_msgs) StdoutLine: {'line': b'-- Installing: /home/onur/autonomous_robot/install/webots_ros2_msgs/share/webots_ros2_msgs/cmake/ament_cmake_export_libraries-extras.cmake\n'}
[6.337421] (webots_ros2_msgs) StdoutLine: {'line': b'-- Installing: /home/onur/autonomous_robot/install/webots_ros2_msgs/share/webots_ros2_msgs/cmake/ament_cmake_export_targets-extras.cmake\n'}
[6.337462] (webots_ros2_msgs) StdoutLine: {'line': b'-- Installing: /home/onur/autonomous_robot/install/webots_ros2_msgs/share/webots_ros2_msgs/cmake/rosidl_cmake_export_typesupport_targets-extras.cmake\n'}
[6.337500] (webots_ros2_msgs) StdoutLine: {'line': b'-- Installing: /home/onur/autonomous_robot/install/webots_ros2_msgs/share/webots_ros2_msgs/cmake/rosidl_cmake_export_typesupport_libraries-extras.cmake\n'}
[6.337547] (webots_ros2_msgs) StdoutLine: {'line': b'-- Installing: /home/onur/autonomous_robot/install/webots_ros2_msgs/share/webots_ros2_msgs/cmake/rosidl_cmake_aggregate_target-extras.cmake\n'}
[6.337605] (webots_ros2_msgs) StdoutLine: {'line': b'-- Installing: /home/onur/autonomous_robot/install/webots_ros2_msgs/share/webots_ros2_msgs/cmake/webots_ros2_msgsConfig.cmake\n'}
[6.337645] (webots_ros2_msgs) StdoutLine: {'line': b'-- Installing: /home/onur/autonomous_robot/install/webots_ros2_msgs/share/webots_ros2_msgs/cmake/webots_ros2_msgsConfig-version.cmake\n'}
[6.337693] (webots_ros2_msgs) StdoutLine: {'line': b'-- Installing: /home/onur/autonomous_robot/install/webots_ros2_msgs/share/webots_ros2_msgs/package.xml\n'}
[6.339520] (webots_ros2_msgs) CommandEnded: {'returncode': 0}
[6.353583] (webots_ros2_msgs) JobEnded: {'identifier': 'webots_ros2_msgs', 'rc': 0}
[6.354246] (webots_ros2_driver) JobStarted: {'identifier': 'webots_ros2_driver'}
[6.365270] (webots_ros2_driver) JobProgress: {'identifier': 'webots_ros2_driver', 'progress': 'cmake'}
[6.365539] (webots_ros2_driver) Command: {'cmd': ['/usr/bin/cmake', '/home/onur/autonomous_robot/src/webots_ros2/webots_ros2_driver', '-DCMAKE_INSTALL_PREFIX=/home/onur/autonomous_robot/install/webots_ros2_driver'], 'cwd': '/home/onur/autonomous_robot/build/webots_ros2_driver', 'env': OrderedDict({'LESSOPEN': '| /usr/bin/lesspipe %s', 'USER': 'onur', 'GZ_CONFIG_PATH': '/opt/ros/lyrical/opt/sdformat_vendor/share/gz', 'XDG_SESSION_TYPE': 'wayland', 'PTYXIS_VERSION': '50.1', 'SHLVL': '1', 'LD_LIBRARY_PATH': '/home/onur/autonomous_robot/install/webots_ros2_msgs/lib:/opt/ros/lyrical/opt/sdformat_vendor/lib:/opt/ros/lyrical/opt/gz_tools_vendor/lib:/opt/ros/lyrical/opt/gz_math_vendor/lib:/opt/ros/lyrical/opt/gz_utils_vendor/lib:/opt/ros/lyrical/opt/rviz_ogre_vendor/lib:/opt/ros/lyrical/lib/x86_64-linux-gnu:/opt/ros/lyrical/opt/gz_cmake_vendor/lib:/opt/ros/lyrical/lib', 'HOME': '/home/onur', 'OLDPWD': '/home/onur/autonomous_robot/src/webots_ros2', 'DESKTOP_SESSION': 'ubuntu', 'NVM_BIN': '/home/onur/.nvm/versions/node/v24.20.0/bin', 'NVM_INC': '/home/onur/.nvm/versions/node/v24.20.0/include/node', 'IM_CONFIG_ENTRY': 'profile', 'ROS_PYTHON_VERSION': '3', 'GTK_MODULES': 'gail:atk-bridge', 'MANAGERPID': '5622', 'DBUS_STARTER_BUS_TYPE': 'session', 'SYSTEMD_EXEC_PID': '5679', 'DBUS_SESSION_BUS_ADDRESS': 'unix:path=/run/user/1000/bus,guid=3e7ce15796779a58c58491916aa4375c', 'COLORTERM': 'truecolor', 'NVM_DIR': '/home/onur/.nvm', 'DEBUGINFOD_URLS': 'https://debuginfod.ubuntu.com', 'WAYLAND_DISPLAY': 'wayland-0', 'COLCON_PREFIX_PATH': '/home/onur/autonomous_robot/install', 'ROS_DISTRO': 'lyrical', 'LOGNAME': 'onur', 'MANAGERPIDFDID': '12827', '_': '/usr/bin/colcon', 'ROS_VERSION': '2', 'MEMORY_PRESSURE_WATCH': '/sys/fs/cgroup/user.slice/user-1000.slice/user@1000.service/session.slice/dbus.service/memory.pressure', 'XDG_SESSION_CLASS': 'user', 'USERNAME': 'onur', 'TERM': 'xterm-256color', 'GNOME_DESKTOP_SESSION_ID': 'this-is-deprecated', 'FLATPAK_TTY_PROGRESS': '1', 'PATH': '/opt/ros/lyrical/opt/gz_tools_vendor/bin:/opt/ros/lyrical/bin:/home/onur/.opencode/bin:/home/onur/.nvm/versions/node/v24.20.0/bin:/home/onur/.local/bin:/home/onur/.local/bin:/home/onur/.local/bin:/home/onur/.local/bin:/usr/local/sbin:/usr/local/bin:/usr/sbin:/usr/bin:/sbin:/bin:/usr/games:/usr/local/games:/snap/bin:/snap/bin:/home/onur/webots', 'INVOCATION_ID': '83eb2fbf06af433aae37214d63a74bec', 'XDG_MENU_PREFIX': 'gnome-', 'PTYXIS_PROFILE': '82a4d075e8ab3fd0d3bfb7fa6a8dfdba', 'GNOME_SETUP_DISPLAY': 'unix:/tmp/.X11-unix/X1', 'XDG_RUNTIME_DIR': '/run/user/1000', 'DISPLAY': ':0', 'LANG': 'en_US.UTF-8', 'XDG_CURRENT_DESKTOP': 'ubuntu:GNOME', 'XMODIFIERS': '@im=ibus', 'XDG_SESSION_DESKTOP': 'ubuntu', 'XAUTHORITY': '/run/user/1000/.mutter-Xwaylandauth.H8PHV3', 'LS_COLORS': 'rs=0:di=01;34:ln=01;36:mh=00:pi=40;33:so=01;35:do=01;35:bd=40;33;01:cd=40;33;01:or=40;31;01:mi=00:su=37;41:sg=30;43:ca=00:tw=30;42:ow=34;42:st=37;44:ex=01;32:*.tar=01;31:*.tgz=01;31:*.arc=01;31:*.arj=01;31:*.taz=01;31:*.lha=01;31:*.lz4=01;31:*.lzh=01;31:*.lzma=01;31:*.tlz=01;31:*.txz=01;31:*.tzo=01;31:*.t7z=01;31:*.zip=01;31:*.z=01;31:*.dz=01;31:*.gz=01;31:*.lrz=01;31:*.lz=01;31:*.lzo=01;31:*.xz=01;31:*.zst=01;31:*.tzst=01;31:*.bz2=01;31:*.bz=01;31:*.tbz=01;31:*.tbz2=01;31:*.tz=01;31:*.deb=01;31:*.rpm=01;31:*.jar=01;31:*.war=01;31:*.ear=01;31:*.sar=01;31:*.rar=01;31:*.alz=01;31:*.ace=01;31:*.zoo=01;31:*.cpio=01;31:*.7z=01;31:*.rz=01;31:*.cab=01;31:*.wim=01;31:*.swm=01;31:*.dwm=01;31:*.esd=01;31:*.avif=01;35:*.jpg=01;35:*.jpeg=01;35:*.mjpg=01;35:*.mjpeg=01;35:*.gif=01;35:*.bmp=01;35:*.pbm=01;35:*.pgm=01;35:*.ppm=01;35:*.tga=01;35:*.xbm=01;35:*.xpm=01;35:*.tif=01;35:*.tiff=01;35:*.png=01;35:*.svg=01;35:*.svgz=01;35:*.mng=01;35:*.pcx=01;35:*.mov=01;35:*.mpg=01;35:*.mpeg=01;35:*.m2v=01;35:*.mkv=01;35:*.webm=01;35:*.webp=01;35:*.ogm=01;35:*.mp4=01;35:*.m4v=01;35:*.mp4v=01;35:*.vob=01;35:*.qt=01;35:*.nuv=01;35:*.wmv=01;35:*.asf=01;35:*.rm=01;35:*.rmvb=01;35:*.flc=01;35:*.avi=01;35:*.fli=01;35:*.flv=01;35:*.gl=01;35:*.dl=01;35:*.xcf=01;35:*.xwd=01;35:*.yuv=01;35:*.cgm=01;35:*.emf=01;35:*.ogv=01;35:*.ogx=01;35:*.aac=00;36:*.au=00;36:*.flac=00;36:*.m4a=00;36:*.mid=00;36:*.midi=00;36:*.mka=00;36:*.mp3=00;36:*.mpc=00;36:*.ogg=00;36:*.ra=00;36:*.wav=00;36:*.oga=00;36:*.opus=00;36:*.spx=00;36:*.xspf=00;36:*~=00;90:*#=00;90:*.bak=00;90:*.old=00;90:*.orig=00;90:*.part=00;90:*.rej=00;90:*.swp=00;90:*.tmp=00;90:*.dpkg-dist=00;90:*.dpkg-old=00;90:*.ucf-dist=00;90:*.ucf-new=00;90:*.ucf-old=00;90:*.rpmnew=00;90:*.rpmorig=00;90:*.rpmsave=00;90:', 'SSH_AUTH_SOCK': '/run/user/1000/gcr/ssh', 'AMENT_PREFIX_PATH': '/home/onur/autonomous_robot/install/webots_ros2_msgs:/home/onur/autonomous_robot/install/webots_ros2_importer:/opt/ros/lyrical', 'SHELL': '/bin/bash', 'QT_ACCESSIBILITY': '1', 'GDMSESSION': 'ubuntu', 'WEBOTS_HOME': '/home/onur/webots', 'LESSCLOSE': '/usr/bin/lesspipe %s %s', 'GPG_AGENT_INFO': '/run/user/1000/gnupg/S.gpg-agent:0:1', 'ROS_AUTOMATIC_DISCOVERY_RANGE': 'SUBNET', 'QT_IM_MODULE': 'ibus', 'PWD': '/home/onur/autonomous_robot/build/webots_ros2_driver', 'XDG_CONFIG_DIRS': '/etc/xdg/xdg-ubuntu:/etc/xdg', 'NVM_CD_FLAGS': '', 'DBUS_STARTER_ADDRESS': 'unix:path=/run/user/1000/bus,guid=3e7ce15796779a58c58491916aa4375c', 'XDG_DATA_DIRS': '/usr/share/ubuntu:/usr/share/gnome:/usr/local/share/:/usr/share/:/var/lib/snapd/desktop', 'XDG_SESSION_EXTRA_DEVICE_ACCESS': 'render:accel', 'PYTHONPATH': '/home/onur/autonomous_robot/install/webots_ros2_msgs/lib/python3.14/site-packages:/home/onur/autonomous_robot/install/webots_ros2_importer/lib/python3.14/site-packages:/opt/ros/lyrical/opt/sdformat_vendor/lib/python:/opt/ros/lyrical/opt/gz_math_vendor/lib/python:/opt/ros/lyrical/lib/python3.14/site-packages', 'COLCON': '1', 'QT_IM_MODULES': 'wayland;ibus', 'MEMORY_PRESSURE_WRITE': 'c29tZSAyMDAwMDAgMjAwMDAwMAA=', 'VTE_VERSION': '8400', 'CMAKE_PREFIX_PATH': '/home/onur/autonomous_robot/install/webots_ros2_msgs:/opt/ros/lyrical/opt/sdformat_vendor:/opt/ros/lyrical/opt/gz_tools_vendor:/opt/ros/lyrical/opt/gz_math_vendor:/opt/ros/lyrical/opt/gz_utils_vendor:/opt/ros/lyrical/opt/gz_cmake_vendor:/opt/ros/lyrical'}), 'shell': False}
[6.418062] (-) TimerEvent: {}
[6.468479] (webots_ros2_driver) StdoutLine: {'line': b'-- The C compiler identification is GNU 15.2.0\n'}
[6.518140] (-) TimerEvent: {}
[6.527257] (webots_ros2_driver) StdoutLine: {'line': b'-- The CXX compiler identification is GNU 15.2.0\n'}
[6.539010] (webots_ros2_driver) StdoutLine: {'line': b'-- Detecting C compiler ABI info\n'}
[6.618303] (-) TimerEvent: {}
[6.665299] (webots_ros2_driver) StdoutLine: {'line': b'-- Detecting C compiler ABI info - done\n'}
[6.678071] (webots_ros2_driver) StdoutLine: {'line': b'-- Check for working C compiler: /usr/bin/cc - skipped\n'}
[6.678175] (webots_ros2_driver) StdoutLine: {'line': b'-- Detecting C compile features\n'}
[6.678388] (webots_ros2_driver) StdoutLine: {'line': b'-- Detecting C compile features - done\n'}
[6.689613] (webots_ros2_driver) StdoutLine: {'line': b'-- Detecting CXX compiler ABI info\n'}
[6.718450] (-) TimerEvent: {}
[6.802854] (webots_ros2_driver) StdoutLine: {'line': b'-- Detecting CXX compiler ABI info - done\n'}
[6.818373] (webots_ros2_driver) StdoutLine: {'line': b'-- Check for working CXX compiler: /usr/bin/c++ - skipped\n'}
[6.818637] (-) TimerEvent: {}
[6.818985] (webots_ros2_driver) StdoutLine: {'line': b'-- Detecting CXX compile features\n'}
[6.820270] (webots_ros2_driver) StdoutLine: {'line': b'-- Detecting CXX compile features - done\n'}
[6.844631] (webots_ros2_driver) StdoutLine: {'line': b'-- Found ament_cmake: 2.8.8 (/opt/ros/lyrical/share/ament_cmake/cmake)\n'}
[6.918780] (-) TimerEvent: {}
[7.019124] (-) TimerEvent: {}
[7.107550] (webots_ros2_driver) StdoutLine: {'line': b'-- Found rosgraph_msgs: 2.4.5 (/opt/ros/lyrical/share/rosgraph_msgs/cmake)\n'}
[7.119198] (-) TimerEvent: {}
[7.131920] (webots_ros2_driver) StdoutLine: {'line': b'-- Found rosidl_generator_c: 5.2.1 (/opt/ros/lyrical/share/rosidl_generator_c/cmake)\n'}
[7.138488] (webots_ros2_driver) StdoutLine: {'line': b'-- Found rosidl_generator_cpp: 5.2.1 (/opt/ros/lyrical/share/rosidl_generator_cpp/cmake)\n'}
[7.149943] (webots_ros2_driver) StdoutLine: {'line': b'-- Using all available rosidl_typesupport_c: rosidl_typesupport_fastrtps_c;rosidl_typesupport_introspection_c\n'}
[7.159724] (webots_ros2_driver) StdoutLine: {'line': b'-- Using all available rosidl_typesupport_cpp: rosidl_typesupport_fastrtps_cpp;rosidl_typesupport_introspection_cpp\n'}
[7.219290] (-) TimerEvent: {}
[7.225306] (webots_ros2_driver) StdoutLine: {'line': b'-- Found rclcpp: 32.0.2 (/opt/ros/lyrical/share/rclcpp/cmake)\n'}
[7.256356] (webots_ros2_driver) StdoutLine: {'line': b'-- Found rmw_implementation_cmake: 7.10.1 (/opt/ros/lyrical/share/rmw_implementation_cmake/cmake)\n'}
[7.259798] (webots_ros2_driver) StdoutLine: {'line': b'-- Found rmw_fastrtps_cpp: 9.4.9 (/opt/ros/lyrical/share/rmw_fastrtps_cpp/cmake)\n'}
[7.293371] (webots_ros2_driver) StdoutLine: {'line': b"-- Using RMW implementation 'rmw_fastrtps_cpp' as default\n"}
[7.319358] (-) TimerEvent: {}
[7.343888] (webots_ros2_driver) StdoutLine: {'line': b'-- Found pluginlib: 5.8.4 (/opt/ros/lyrical/share/pluginlib/cmake)\n'}
[7.361764] (webots_ros2_driver) StdoutLine: {'line': b'-- Found sensor_msgs: 5.9.3 (/opt/ros/lyrical/share/sensor_msgs/cmake)\n'}
[7.409516] (webots_ros2_driver) StdoutLine: {'line': b'-- Found tf2_geometry_msgs: 0.45.9 (/opt/ros/lyrical/share/tf2_geometry_msgs/cmake)\n'}
[7.419430] (-) TimerEvent: {}
[7.519637] (-) TimerEvent: {}
[7.534363] (webots_ros2_driver) StdoutLine: {'line': b'-- Found vision_msgs: 4.2.0 (/opt/ros/lyrical/share/vision_msgs/cmake)\n'}
[7.546587] (webots_ros2_driver) StdoutLine: {'line': b'-- Found webots_ros2_msgs: 2025.0.1 (/home/onur/autonomous_robot/install/webots_ros2_msgs/share/webots_ros2_msgs/cmake)\n'}
[7.568194] (webots_ros2_driver) StdoutLine: {'line': b'-- Found tinyxml2_vendor: 0.11.3 (/opt/ros/lyrical/share/tinyxml2_vendor/cmake)\n'}
[7.568261] (webots_ros2_driver) StderrLine: {'line': b'\x1b[0mCMake Deprecation Warning at /opt/ros/lyrical/share/tinyxml2_vendor/cmake/tinyxml2_vendorConfig.cmake:34 (message):\n'}
[7.568305] (webots_ros2_driver) StderrLine: {'line': b"  Package 'tinyxml2_vendor' is deprecated (This package will be removed in\n"}
[7.568341] (webots_ros2_driver) StderrLine: {'line': b'  ROS 2 Lyrical Luth.  Instead, use\n'}
[7.568367] (webots_ros2_driver) StderrLine: {'line': b'\n'}
[7.568392] (webots_ros2_driver) StderrLine: {'line': b'        distributed package which provides same functionality.)\n'}
[7.568416] (webots_ros2_driver) StderrLine: {'line': b'Call Stack (most recent call first):\n'}
[7.568439] (webots_ros2_driver) StderrLine: {'line': b'  CMakeLists.txt:33 (find_package)\n'}
[7.568465] (webots_ros2_driver) StderrLine: {'line': b'\n'}
[7.568491] (webots_ros2_driver) StderrLine: {'line': b'\x1b[0m\n'}
[7.568530] (webots_ros2_driver) StdoutLine: {'line': b'-- Found TinyXML2 via Config file: /usr/lib/x86_64-linux-gnu/cmake/tinyxml2\n'}
[7.619736] (-) TimerEvent: {}
[7.720014] (-) TimerEvent: {}
[7.787531] (webots_ros2_driver) StdoutLine: {'line': b'-- Found Python: /usr/include/python3.14 (found suitable exact version "3.14.4") found components: Development Development.Module Development.Embed\n'}
[7.820094] (-) TimerEvent: {}
[7.920299] (-) TimerEvent: {}
[8.020508] (-) TimerEvent: {}
[8.101031] (webots_ros2_driver) StdoutLine: {'line': b'-- Configuring done (1.7s)\n'}
[8.120614] (-) TimerEvent: {}
[8.123573] (webots_ros2_driver) StdoutLine: {'line': b'-- Generating done (0.0s)\n'}
[8.151738] (webots_ros2_driver) StdoutLine: {'line': b'-- Build files have been written to: /home/onur/autonomous_robot/build/webots_ros2_driver\n'}
[8.157960] (webots_ros2_driver) CommandEnded: {'returncode': 0}
[8.158343] (webots_ros2_driver) JobProgress: {'identifier': 'webots_ros2_driver', 'progress': 'build'}
[8.158488] (webots_ros2_driver) Command: {'cmd': ['/usr/bin/cmake', '--build', '/home/onur/autonomous_robot/build/webots_ros2_driver', '--', '-j16', '-l16'], 'cwd': '/home/onur/autonomous_robot/build/webots_ros2_driver', 'env': OrderedDict({'LESSOPEN': '| /usr/bin/lesspipe %s', 'USER': 'onur', 'GZ_CONFIG_PATH': '/opt/ros/lyrical/opt/sdformat_vendor/share/gz', 'XDG_SESSION_TYPE': 'wayland', 'PTYXIS_VERSION': '50.1', 'SHLVL': '1', 'LD_LIBRARY_PATH': '/home/onur/autonomous_robot/install/webots_ros2_msgs/lib:/opt/ros/lyrical/opt/sdformat_vendor/lib:/opt/ros/lyrical/opt/gz_tools_vendor/lib:/opt/ros/lyrical/opt/gz_math_vendor/lib:/opt/ros/lyrical/opt/gz_utils_vendor/lib:/opt/ros/lyrical/opt/rviz_ogre_vendor/lib:/opt/ros/lyrical/lib/x86_64-linux-gnu:/opt/ros/lyrical/opt/gz_cmake_vendor/lib:/opt/ros/lyrical/lib', 'HOME': '/home/onur', 'OLDPWD': '/home/onur/autonomous_robot/src/webots_ros2', 'DESKTOP_SESSION': 'ubuntu', 'NVM_BIN': '/home/onur/.nvm/versions/node/v24.20.0/bin', 'NVM_INC': '/home/onur/.nvm/versions/node/v24.20.0/include/node', 'IM_CONFIG_ENTRY': 'profile', 'ROS_PYTHON_VERSION': '3', 'GTK_MODULES': 'gail:atk-bridge', 'MANAGERPID': '5622', 'DBUS_STARTER_BUS_TYPE': 'session', 'SYSTEMD_EXEC_PID': '5679', 'DBUS_SESSION_BUS_ADDRESS': 'unix:path=/run/user/1000/bus,guid=3e7ce15796779a58c58491916aa4375c', 'COLORTERM': 'truecolor', 'NVM_DIR': '/home/onur/.nvm', 'DEBUGINFOD_URLS': 'https://debuginfod.ubuntu.com', 'WAYLAND_DISPLAY': 'wayland-0', 'COLCON_PREFIX_PATH': '/home/onur/autonomous_robot/install', 'ROS_DISTRO': 'lyrical', 'LOGNAME': 'onur', 'MANAGERPIDFDID': '12827', '_': '/usr/bin/colcon', 'ROS_VERSION': '2', 'MEMORY_PRESSURE_WATCH': '/sys/fs/cgroup/user.slice/user-1000.slice/user@1000.service/session.slice/dbus.service/memory.pressure', 'XDG_SESSION_CLASS': 'user', 'USERNAME': 'onur', 'TERM': 'xterm-256color', 'GNOME_DESKTOP_SESSION_ID': 'this-is-deprecated', 'FLATPAK_TTY_PROGRESS': '1', 'PATH': '/opt/ros/lyrical/opt/gz_tools_vendor/bin:/opt/ros/lyrical/bin:/home/onur/.opencode/bin:/home/onur/.nvm/versions/node/v24.20.0/bin:/home/onur/.local/bin:/home/onur/.local/bin:/home/onur/.local/bin:/home/onur/.local/bin:/usr/local/sbin:/usr/local/bin:/usr/sbin:/usr/bin:/sbin:/bin:/usr/games:/usr/local/games:/snap/bin:/snap/bin:/home/onur/webots', 'INVOCATION_ID': '83eb2fbf06af433aae37214d63a74bec', 'XDG_MENU_PREFIX': 'gnome-', 'PTYXIS_PROFILE': '82a4d075e8ab3fd0d3bfb7fa6a8dfdba', 'GNOME_SETUP_DISPLAY': 'unix:/tmp/.X11-unix/X1', 'XDG_RUNTIME_DIR': '/run/user/1000', 'DISPLAY': ':0', 'LANG': 'en_US.UTF-8', 'XDG_CURRENT_DESKTOP': 'ubuntu:GNOME', 'XMODIFIERS': '@im=ibus', 'XDG_SESSION_DESKTOP': 'ubuntu', 'XAUTHORITY': '/run/user/1000/.mutter-Xwaylandauth.H8PHV3', 'LS_COLORS': 'rs=0:di=01;34:ln=01;36:mh=00:pi=40;33:so=01;35:do=01;35:bd=40;33;01:cd=40;33;01:or=40;31;01:mi=00:su=37;41:sg=30;43:ca=00:tw=30;42:ow=34;42:st=37;44:ex=01;32:*.tar=01;31:*.tgz=01;31:*.arc=01;31:*.arj=01;31:*.taz=01;31:*.lha=01;31:*.lz4=01;31:*.lzh=01;31:*.lzma=01;31:*.tlz=01;31:*.txz=01;31:*.tzo=01;31:*.t7z=01;31:*.zip=01;31:*.z=01;31:*.dz=01;31:*.gz=01;31:*.lrz=01;31:*.lz=01;31:*.lzo=01;31:*.xz=01;31:*.zst=01;31:*.tzst=01;31:*.bz2=01;31:*.bz=01;31:*.tbz=01;31:*.tbz2=01;31:*.tz=01;31:*.deb=01;31:*.rpm=01;31:*.jar=01;31:*.war=01;31:*.ear=01;31:*.sar=01;31:*.rar=01;31:*.alz=01;31:*.ace=01;31:*.zoo=01;31:*.cpio=01;31:*.7z=01;31:*.rz=01;31:*.cab=01;31:*.wim=01;31:*.swm=01;31:*.dwm=01;31:*.esd=01;31:*.avif=01;35:*.jpg=01;35:*.jpeg=01;35:*.mjpg=01;35:*.mjpeg=01;35:*.gif=01;35:*.bmp=01;35:*.pbm=01;35:*.pgm=01;35:*.ppm=01;35:*.tga=01;35:*.xbm=01;35:*.xpm=01;35:*.tif=01;35:*.tiff=01;35:*.png=01;35:*.svg=01;35:*.svgz=01;35:*.mng=01;35:*.pcx=01;35:*.mov=01;35:*.mpg=01;35:*.mpeg=01;35:*.m2v=01;35:*.mkv=01;35:*.webm=01;35:*.webp=01;35:*.ogm=01;35:*.mp4=01;35:*.m4v=01;35:*.mp4v=01;35:*.vob=01;35:*.qt=01;35:*.nuv=01;35:*.wmv=01;35:*.asf=01;35:*.rm=01;35:*.rmvb=01;35:*.flc=01;35:*.avi=01;35:*.fli=01;35:*.flv=01;35:*.gl=01;35:*.dl=01;35:*.xcf=01;35:*.xwd=01;35:*.yuv=01;35:*.cgm=01;35:*.emf=01;35:*.ogv=01;35:*.ogx=01;35:*.aac=00;36:*.au=00;36:*.flac=00;36:*.m4a=00;36:*.mid=00;36:*.midi=00;36:*.mka=00;36:*.mp3=00;36:*.mpc=00;36:*.ogg=00;36:*.ra=00;36:*.wav=00;36:*.oga=00;36:*.opus=00;36:*.spx=00;36:*.xspf=00;36:*~=00;90:*#=00;90:*.bak=00;90:*.old=00;90:*.orig=00;90:*.part=00;90:*.rej=00;90:*.swp=00;90:*.tmp=00;90:*.dpkg-dist=00;90:*.dpkg-old=00;90:*.ucf-dist=00;90:*.ucf-new=00;90:*.ucf-old=00;90:*.rpmnew=00;90:*.rpmorig=00;90:*.rpmsave=00;90:', 'SSH_AUTH_SOCK': '/run/user/1000/gcr/ssh', 'AMENT_PREFIX_PATH': '/home/onur/autonomous_robot/install/webots_ros2_msgs:/home/onur/autonomous_robot/install/webots_ros2_importer:/opt/ros/lyrical', 'SHELL': '/bin/bash', 'QT_ACCESSIBILITY': '1', 'GDMSESSION': 'ubuntu', 'WEBOTS_HOME': '/home/onur/webots', 'LESSCLOSE': '/usr/bin/lesspipe %s %s', 'GPG_AGENT_INFO': '/run/user/1000/gnupg/S.gpg-agent:0:1', 'ROS_AUTOMATIC_DISCOVERY_RANGE': 'SUBNET', 'QT_IM_MODULE': 'ibus', 'PWD': '/home/onur/autonomous_robot/build/webots_ros2_driver', 'XDG_CONFIG_DIRS': '/etc/xdg/xdg-ubuntu:/etc/xdg', 'NVM_CD_FLAGS': '', 'DBUS_STARTER_ADDRESS': 'unix:path=/run/user/1000/bus,guid=3e7ce15796779a58c58491916aa4375c', 'XDG_DATA_DIRS': '/usr/share/ubuntu:/usr/share/gnome:/usr/local/share/:/usr/share/:/var/lib/snapd/desktop', 'XDG_SESSION_EXTRA_DEVICE_ACCESS': 'render:accel', 'PYTHONPATH': '/home/onur/autonomous_robot/install/webots_ros2_msgs/lib/python3.14/site-packages:/home/onur/autonomous_robot/install/webots_ros2_importer/lib/python3.14/site-packages:/opt/ros/lyrical/opt/sdformat_vendor/lib/python:/opt/ros/lyrical/opt/gz_math_vendor/lib/python:/opt/ros/lyrical/lib/python3.14/site-packages', 'COLCON': '1', 'QT_IM_MODULES': 'wayland;ibus', 'MEMORY_PRESSURE_WRITE': 'c29tZSAyMDAwMDAgMjAwMDAwMAA=', 'VTE_VERSION': '8400', 'CMAKE_PREFIX_PATH': '/home/onur/autonomous_robot/install/webots_ros2_msgs:/opt/ros/lyrical/opt/sdformat_vendor:/opt/ros/lyrical/opt/gz_tools_vendor:/opt/ros/lyrical/opt/gz_math_vendor:/opt/ros/lyrical/opt/gz_utils_vendor:/opt/ros/lyrical/opt/gz_cmake_vendor:/opt/ros/lyrical'}), 'shell': False}
[8.219976] (webots_ros2_driver) StdoutLine: {'line': b'[  0%] Built target ament_cmake_python_sync_webots_ros2_driver\n'}
[8.220715] (-) TimerEvent: {}
[8.221885] (webots_ros2_driver) StdoutLine: {'line': b'[  0%] Built target ament_cmake_python_sync_vehicle\n'}
[8.228708] (webots_ros2_driver) StdoutLine: {'line': b'[  0%] Built target ament_cmake_python_sync_controller\n'}
[8.320848] (-) TimerEvent: {}
[8.399986] (webots_ros2_driver) StdoutLine: {'line': b'running egg_info\n'}
[8.408200] (webots_ros2_driver) StdoutLine: {'line': b'running egg_info\n'}
[8.416111] (webots_ros2_driver) StdoutLine: {'line': b'creating vehicle.egg-info\n'}
[8.416283] (webots_ros2_driver) StdoutLine: {'line': b'writing vehicle.egg-info/PKG-INFO\n'}
[8.416514] (webots_ros2_driver) StdoutLine: {'line': b'writing dependency_links to vehicle.egg-info/dependency_links.txt\n'}
[8.416640] (webots_ros2_driver) StdoutLine: {'line': b'writing top-level names to vehicle.egg-info/top_level.txt\n'}
[8.416722] (webots_ros2_driver) StdoutLine: {'line': b"writing manifest file 'vehicle.egg-info/SOURCES.txt'\n"}
[8.420253] (webots_ros2_driver) StdoutLine: {'line': b'creating controller.egg-info\n'}
[8.420388] (webots_ros2_driver) StdoutLine: {'line': b'writing controller.egg-info/PKG-INFO\n'}
[8.420522] (webots_ros2_driver) StdoutLine: {'line': b'writing dependency_links to controller.egg-info/dependency_links.txt\n'}
[8.420657] (webots_ros2_driver) StdoutLine: {'line': b'writing top-level names to controller.egg-info/top_level.txt\n'}
[8.420757] (webots_ros2_driver) StdoutLine: {'line': b"writing manifest file 'controller.egg-info/SOURCES.txt'\n"}
[8.420903] (-) TimerEvent: {}
[8.423959] (webots_ros2_driver) StdoutLine: {'line': b'running egg_info\n'}
[8.435900] (webots_ros2_driver) StdoutLine: {'line': b'creating webots_ros2_driver.egg-info\n'}
[8.436012] (webots_ros2_driver) StdoutLine: {'line': b'writing webots_ros2_driver.egg-info/PKG-INFO\n'}
[8.436128] (webots_ros2_driver) StdoutLine: {'line': b'writing dependency_links to webots_ros2_driver.egg-info/dependency_links.txt\n'}
[8.436264] (webots_ros2_driver) StdoutLine: {'line': b'writing top-level names to webots_ros2_driver.egg-info/top_level.txt\n'}
[8.436317] (webots_ros2_driver) StdoutLine: {'line': b"writing manifest file 'webots_ros2_driver.egg-info/SOURCES.txt'\n"}
[8.452670] (webots_ros2_driver) StdoutLine: {'line': b"reading manifest file 'vehicle.egg-info/SOURCES.txt'\n"}
[8.453062] (webots_ros2_driver) StdoutLine: {'line': b"writing manifest file 'vehicle.egg-info/SOURCES.txt'\n"}
[8.457948] (webots_ros2_driver) StdoutLine: {'line': b"reading manifest file 'controller.egg-info/SOURCES.txt'\n"}
[8.458500] (webots_ros2_driver) StdoutLine: {'line': b"writing manifest file 'controller.egg-info/SOURCES.txt'\n"}
[8.474077] (webots_ros2_driver) StdoutLine: {'line': b"reading manifest file 'webots_ros2_driver.egg-info/SOURCES.txt'\n"}
[8.474669] (webots_ros2_driver) StdoutLine: {'line': b"writing manifest file 'webots_ros2_driver.egg-info/SOURCES.txt'\n"}
[8.481807] (webots_ros2_driver) StdoutLine: {'line': b'[  0%] Built target ament_cmake_python_build_vehicle_egg\n'}
[8.485969] (webots_ros2_driver) StdoutLine: {'line': b'[  0%] Built target ament_cmake_python_build_controller_egg\n'}
[8.500752] (webots_ros2_driver) StdoutLine: {'line': b'[  0%] Built target ament_cmake_python_build_webots_ros2_driver_egg\n'}
[8.521105] (-) TimerEvent: {}
[8.621951] (-) TimerEvent: {}
[8.722247] (-) TimerEvent: {}
[8.822519] (-) TimerEvent: {}
[8.922793] (-) TimerEvent: {}
[9.023032] (-) TimerEvent: {}
[9.123280] (-) TimerEvent: {}
[9.223511] (-) TimerEvent: {}
[9.323747] (-) TimerEvent: {}
[9.423956] (-) TimerEvent: {}
[9.524152] (-) TimerEvent: {}
[9.624387] (-) TimerEvent: {}
[9.724613] (-) TimerEvent: {}
[9.824846] (-) TimerEvent: {}
[9.925054] (-) TimerEvent: {}
[10.025253] (-) TimerEvent: {}
[10.125463] (-) TimerEvent: {}
[10.225720] (-) TimerEvent: {}
[10.326083] (-) TimerEvent: {}
[10.426314] (-) TimerEvent: {}
[10.526551] (-) TimerEvent: {}
[10.626763] (-) TimerEvent: {}
[10.726961] (-) TimerEvent: {}
[10.827165] (-) TimerEvent: {}
[10.927391] (-) TimerEvent: {}
[11.027729] (-) TimerEvent: {}
[11.127925] (-) TimerEvent: {}
[11.228153] (-) TimerEvent: {}
[11.328360] (-) TimerEvent: {}
[11.428675] (-) TimerEvent: {}
[11.528983] (-) TimerEvent: {}
[11.629204] (-) TimerEvent: {}
[11.729454] (-) TimerEvent: {}
[11.829782] (-) TimerEvent: {}
[11.930093] (-) TimerEvent: {}
[12.030307] (-) TimerEvent: {}
[12.130518] (-) TimerEvent: {}
[12.230857] (-) TimerEvent: {}
[12.331170] (-) TimerEvent: {}
[12.431479] (-) TimerEvent: {}
[12.531797] (-) TimerEvent: {}
[12.632012] (-) TimerEvent: {}
[12.732252] (-) TimerEvent: {}
[12.832575] (-) TimerEvent: {}
[12.932945] (-) TimerEvent: {}
[13.033317] (-) TimerEvent: {}
[13.133946] (-) TimerEvent: {}
[13.234251] (-) TimerEvent: {}
[13.335217] (-) TimerEvent: {}
[13.435534] (-) TimerEvent: {}
[13.537132] (-) TimerEvent: {}
[13.637509] (-) TimerEvent: {}
[13.737827] (-) TimerEvent: {}
[13.838201] (-) TimerEvent: {}
[13.938654] (-) TimerEvent: {}
[14.039037] (-) TimerEvent: {}
[14.139265] (-) TimerEvent: {}
[14.239580] (-) TimerEvent: {}
[14.269909] (webots_ros2_driver) StdoutLine: {'line': b'[  0%] Built target compile-lib-controller\n'}
[14.339803] (-) TimerEvent: {}
[14.440120] (-) TimerEvent: {}
[14.492058] (webots_ros2_driver) StdoutLine: {'line': b'[  0%] Built target compile-generic-window\n'}
[14.540198] (-) TimerEvent: {}
[14.640466] (-) TimerEvent: {}
[14.740911] (-) TimerEvent: {}
[14.841246] (-) TimerEvent: {}
[14.941458] (-) TimerEvent: {}
[15.041720] (-) TimerEvent: {}
[15.142219] (-) TimerEvent: {}
[15.242509] (-) TimerEvent: {}
[15.342932] (-) TimerEvent: {}
[15.443344] (-) TimerEvent: {}
[15.543640] (-) TimerEvent: {}
[15.643980] (-) TimerEvent: {}
[15.744320] (-) TimerEvent: {}
[15.844561] (-) TimerEvent: {}
[15.901072] (webots_ros2_driver) StdoutLine: {'line': b'[  0%] Built target compile-lib-vehicle\n'}
[15.932972] (webots_ros2_driver) StdoutLine: {'line': b'[  3%] \x1b[32mBuilding CXX object CMakeFiles/webots_ros2_driver_imu.dir/src/utils/Utils.cpp.o\x1b[0m\n'}
[15.933541] (webots_ros2_driver) StdoutLine: {'line': b'[  7%] \x1b[32mBuilding CXX object CMakeFiles/webots_ros2_driver_imu.dir/src/plugins/dynamic/Ros2IMU.cpp.o\x1b[0m\n'}
[15.933832] (webots_ros2_driver) StdoutLine: {'line': b'[ 11%] \x1b[32mBuilding CXX object CMakeFiles/webots_ros2_driver_rgbd.dir/src/plugins/Ros2SensorPlugin.cpp.o\x1b[0m\n'}
[15.934104] (webots_ros2_driver) StdoutLine: {'line': b'[ 14%] \x1b[32mBuilding CXX object CMakeFiles/webots_ros2_driver_rgbd.dir/src/utils/Utils.cpp.o\x1b[0m\n'}
[15.935532] (webots_ros2_driver) StdoutLine: {'line': b'[ 18%] \x1b[32mBuilding CXX object CMakeFiles/webots_ros2_driver_rgbd.dir/src/plugins/dynamic/Ros2RGBD.cpp.o\x1b[0m\n'}
[15.936319] (webots_ros2_driver) StdoutLine: {'line': b'[ 22%] \x1b[32mBuilding CXX object CMakeFiles/webots_ros2_driver_imu.dir/src/plugins/Ros2SensorPlugin.cpp.o\x1b[0m\n'}
[15.936839] (webots_ros2_driver) StdoutLine: {'line': b'[ 25%] \x1b[32mBuilding CXX object CMakeFiles/driver.dir/src/Driver.cpp.o\x1b[0m\n'}
[15.940520] (webots_ros2_driver) StdoutLine: {'line': b'[ 29%] \x1b[32mBuilding CXX object CMakeFiles/driver.dir/src/PythonPlugin.cpp.o\x1b[0m\n'}
[15.940879] (webots_ros2_driver) StdoutLine: {'line': b'[ 33%] \x1b[32mBuilding CXX object CMakeFiles/driver.dir/src/WebotsNode.cpp.o\x1b[0m\n'}
[15.941112] (webots_ros2_driver) StdoutLine: {'line': b'[ 37%] \x1b[32mBuilding CXX object CMakeFiles/driver.dir/src/plugins/Ros2SensorPlugin.cpp.o\x1b[0m\n'}
[15.941292] (webots_ros2_driver) StdoutLine: {'line': b'[ 40%] \x1b[32mBuilding CXX object CMakeFiles/driver.dir/src/plugins/static/Ros2Lidar.cpp.o\x1b[0m\n'}
[15.941474] (webots_ros2_driver) StdoutLine: {'line': b'[ 44%] \x1b[32mBuilding CXX object CMakeFiles/driver.dir/src/plugins/static/Ros2LED.cpp.o\x1b[0m\n'}
[15.941641] (webots_ros2_driver) StdoutLine: {'line': b'[ 48%] \x1b[32mBuilding CXX object CMakeFiles/driver.dir/src/plugins/static/Ros2Pen.cpp.o\x1b[0m\n'}
[15.944705] (-) TimerEvent: {}
[15.948552] (webots_ros2_driver) StdoutLine: {'line': b'[ 55%] \x1b[32mBuilding CXX object CMakeFiles/driver.dir/src/plugins/static/Ros2Camera.cpp.o\x1b[0m\n'}
[15.948964] (webots_ros2_driver) StdoutLine: {'line': b'[ 55%] \x1b[32mBuilding CXX object CMakeFiles/driver.dir/src/plugins/static/Ros2GPS.cpp.o\x1b[0m\n'}
[15.971153] (webots_ros2_driver) StderrLine: {'line': b'In file included from \x1b[01m\x1b[K/home/onur/autonomous_robot/src/webots_ros2/webots_ros2_driver/include/webots_ros2_driver/plugins/static/Ros2Lidar.hpp:18\x1b[m\x1b[K,\n'}
[15.971448] (webots_ros2_driver) StderrLine: {'line': b'                 from \x1b[01m\x1b[K/home/onur/autonomous_robot/src/webots_ros2/webots_ros2_driver/src/plugins/static/Ros2Lidar.cpp:15\x1b[m\x1b[K:\n'}
[15.971577] (webots_ros2_driver) StderrLine: {'line': b'\x1b[01m\x1b[K/opt/ros/lyrical/include/tf2_ros/tf2_ros/static_transform_broadcaster.h:41:4:\x1b[m\x1b[K \x1b[01;35m\x1b[Kwarning: \x1b[m\x1b[K#warning STATIC_TRANSFORM_BROADCASTER_HEADER_DEPRECATION [\x1b[01;35m\x1b[K\x1b]8;;https://gcc.gnu.org/onlinedocs/gcc-15.2.0/gcc/Warning-Options.html#index-Wcpp\x07-Wcpp\x1b]8;;\x07\x1b[m\x1b[K]\n'}
[15.971698] (webots_ros2_driver) StderrLine: {'line': b'   41 |   #\x1b[01;35m\x1b[Kwarning\x1b[m\x1b[K STATIC_TRANSFORM_BROADCASTER_HEADER_DEPRECATION\n'}
[15.971801] (webots_ros2_driver) StderrLine: {'line': b'      |    \x1b[01;35m\x1b[K^~~~~~~\x1b[m\x1b[K\n'}
[16.044807] (-) TimerEvent: {}
[16.146263] (-) TimerEvent: {}
[16.246617] (-) TimerEvent: {}
[16.276289] (webots_ros2_driver) StdoutLine: {'line': b'[ 59%] \x1b[32mBuilding CXX object CMakeFiles/driver.dir/src/plugins/static/Ros2RangeFinder.cpp.o\x1b[0m\n'}
[16.278228] (webots_ros2_driver) StdoutLine: {'line': b'[ 62%] \x1b[32mBuilding CXX object CMakeFiles/driver.dir/src/plugins/static/Ros2DistanceSensor.cpp.o\x1b[0m\n'}
[16.346939] (-) TimerEvent: {}
[16.430839] (webots_ros2_driver) StderrLine: {'line': b'In file included from \x1b[01m\x1b[K/home/onur/autonomous_robot/src/webots_ros2/webots_ros2_driver/include/webots_ros2_driver/plugins/static/Ros2Lidar.hpp:18\x1b[m\x1b[K,\n'}
[16.431020] (webots_ros2_driver) StderrLine: {'line': b'                 from \x1b[01m\x1b[K/home/onur/autonomous_robot/src/webots_ros2/webots_ros2_driver/src/WebotsNode.cpp:32\x1b[m\x1b[K:\n'}
[16.431094] (webots_ros2_driver) StderrLine: {'line': b'\x1b[01m\x1b[K/opt/ros/lyrical/include/tf2_ros/tf2_ros/static_transform_broadcaster.h:41:4:\x1b[m\x1b[K \x1b[01;35m\x1b[Kwarning: \x1b[m\x1b[K#warning STATIC_TRANSFORM_BROADCASTER_HEADER_DEPRECATION [\x1b[01;35m\x1b[K\x1b]8;;https://gcc.gnu.org/onlinedocs/gcc-15.2.0/gcc/Warning-Options.html#index-Wcpp\x07-Wcpp\x1b]8;;\x07\x1b[m\x1b[K]\n'}
[16.431155] (webots_ros2_driver) StderrLine: {'line': b'   41 |   #\x1b[01;35m\x1b[Kwarning\x1b[m\x1b[K STATIC_TRANSFORM_BROADCASTER_HEADER_DEPRECATION\n'}
[16.431206] (webots_ros2_driver) StderrLine: {'line': b'      |    \x1b[01;35m\x1b[K^~~~~~~\x1b[m\x1b[K\n'}
[16.447939] (-) TimerEvent: {}
[16.548225] (-) TimerEvent: {}
[16.648529] (-) TimerEvent: {}
[16.748808] (-) TimerEvent: {}
[16.849947] (-) TimerEvent: {}
[16.950230] (-) TimerEvent: {}
[17.050511] (-) TimerEvent: {}
[17.151942] (-) TimerEvent: {}
[17.252972] (-) TimerEvent: {}
[17.353276] (-) TimerEvent: {}
[17.411000] (webots_ros2_driver) StdoutLine: {'line': b'[ 66%] \x1b[32mBuilding CXX object CMakeFiles/driver.dir/src/plugins/static/Ros2LightSensor.cpp.o\x1b[0m\n'}
[17.453386] (-) TimerEvent: {}
[17.557214] (-) TimerEvent: {}
[17.657530] (-) TimerEvent: {}
[17.757859] (-) TimerEvent: {}
[17.858195] (-) TimerEvent: {}
[17.958563] (-) TimerEvent: {}
[18.058913] (-) TimerEvent: {}
[18.159261] (-) TimerEvent: {}
[18.259959] (-) TimerEvent: {}
[18.360287] (-) TimerEvent: {}
[18.460955] (-) TimerEvent: {}
[18.561272] (-) TimerEvent: {}
[18.661947] (-) TimerEvent: {}
[18.762336] (-) TimerEvent: {}
[18.843036] (webots_ros2_driver) StderrLine: {'line': b'\x1b[01m\x1b[K/home/onur/autonomous_robot/src/webots_ros2/webots_ros2_driver/src/Driver.cpp:\x1b[m\x1b[K In function \xe2\x80\x98\x1b[01m\x1b[Kint\x1b[01;32m\x1b[K main\x1b[m\x1b[K(int, char**)\x1b[m\x1b[K\xe2\x80\x99:\n'}
[18.843249] (webots_ros2_driver) StderrLine: {'line': b'\x1b[01m\x1b[K/home/onur/autonomous_robot/src/webots_ros2/webots_ros2_driver/src/Driver.cpp:73:22:\x1b[m\x1b[K \x1b[01;35m\x1b[Kwarning: \x1b[m\x1b[K\xe2\x80\x98\x1b[01m\x1b[Kvoid rclcpp::\x1b[01;32m\x1b[Kspin_some\x1b[m\x1b[K(const Node::SharedPtr&)\x1b[m\x1b[K\xe2\x80\x99 is deprecated: use SingleThreadedExecutor::spin_some instead [\x1b[01;35m\x1b[K\x1b]8;;https://gcc.gnu.org/onlinedocs/gcc-15.2.0/gcc/Warning-Options.html#index-Wdeprecated-declarations\x07-Wdeprecated-declarations\x1b]8;;\x07\x1b[m\x1b[K]\n'}
[18.843336] (webots_ros2_driver) StderrLine: {'line': b'   73 |     \x1b[01;35m\x1b[Krclcpp::spin_some(node)\x1b[m\x1b[K;\n'}
[18.843394] (webots_ros2_driver) StderrLine: {'line': b'      |     \x1b[01;35m\x1b[K~~~~~~~~~~~~~~~~~^~~~~~\x1b[m\x1b[K\n'}
[18.843447] (webots_ros2_driver) StderrLine: {'line': b'In file included from \x1b[01m\x1b[K/opt/ros/lyrical/include/rclcpp/rclcpp/rclcpp.hpp:174\x1b[m\x1b[K,\n'}
[18.843495] (webots_ros2_driver) StderrLine: {'line': b'                 from \x1b[01m\x1b[K/home/onur/autonomous_robot/src/webots_ros2/webots_ros2_driver/src/Driver.cpp:20\x1b[m\x1b[K:\n'}
[18.843553] (webots_ros2_driver) StderrLine: {'line': b'\x1b[01m\x1b[K/opt/ros/lyrical/include/rclcpp/rclcpp/executors.hpp:110:1:\x1b[m\x1b[K \x1b[01;36m\x1b[Knote: \x1b[m\x1b[Kdeclared here\n'}
[18.843606] (webots_ros2_driver) StderrLine: {'line': b'  110 | \x1b[01;36m\x1b[Kspin_some\x1b[m\x1b[K(const rclcpp::Node::SharedPtr & node_ptr);\n'}
[18.843652] (webots_ros2_driver) StderrLine: {'line': b'      | \x1b[01;36m\x1b[K^~~~~~~~~\x1b[m\x1b[K\n'}
[18.862948] (-) TimerEvent: {}
[18.963269] (-) TimerEvent: {}
[19.063959] (-) TimerEvent: {}
[19.164341] (-) TimerEvent: {}
[19.264691] (-) TimerEvent: {}
[19.365039] (-) TimerEvent: {}
[19.465361] (-) TimerEvent: {}
[19.567314] (-) TimerEvent: {}
[19.667656] (-) TimerEvent: {}
[19.767954] (-) TimerEvent: {}
[19.868286] (-) TimerEvent: {}
[19.968636] (-) TimerEvent: {}
[20.068956] (-) TimerEvent: {}
[20.169954] (-) TimerEvent: {}
[20.270281] (-) TimerEvent: {}
[20.370623] (-) TimerEvent: {}
[20.390941] (webots_ros2_driver) StdoutLine: {'line': b'[ 70%] \x1b[32mBuilding CXX object CMakeFiles/driver.dir/src/plugins/static/Ros2Emitter.cpp.o\x1b[0m\n'}
[20.470734] (-) TimerEvent: {}
[20.571042] (-) TimerEvent: {}
[20.671347] (-) TimerEvent: {}
[20.771678] (-) TimerEvent: {}
[20.871960] (-) TimerEvent: {}
[20.972273] (-) TimerEvent: {}
[20.978192] (webots_ros2_driver) StdoutLine: {'line': b'[ 74%] \x1b[32mBuilding CXX object CMakeFiles/driver.dir/src/plugins/static/Ros2Receiver.cpp.o\x1b[0m\n'}
[21.072395] (-) TimerEvent: {}
[21.172750] (-) TimerEvent: {}
[21.273959] (-) TimerEvent: {}
[21.374299] (-) TimerEvent: {}
[21.474629] (-) TimerEvent: {}
[21.574951] (-) TimerEvent: {}
[21.675944] (-) TimerEvent: {}
[21.741600] (webots_ros2_driver) StdoutLine: {'line': b'[ 77%] \x1b[32mBuilding CXX object CMakeFiles/driver.dir/src/plugins/static/Ros2Compass.cpp.o\x1b[0m\n'}
[21.745171] (webots_ros2_driver) StdoutLine: {'line': b'[ 81%] \x1b[32mBuilding CXX object CMakeFiles/driver.dir/src/plugins/static/Ros2VacuumGripper.cpp.o\x1b[0m\n'}
[21.776962] (-) TimerEvent: {}
[21.878633] (-) TimerEvent: {}
[21.980531] (-) TimerEvent: {}
[22.083980] (-) TimerEvent: {}
[22.184313] (-) TimerEvent: {}
[22.284653] (-) TimerEvent: {}
[22.319821] (webots_ros2_driver) StdoutLine: {'line': b'[ 85%] \x1b[32mBuilding CXX object CMakeFiles/driver.dir/src/utils/Math.cpp.o\x1b[0m\n'}
[22.384760] (-) TimerEvent: {}
[22.390329] (webots_ros2_driver) StdoutLine: {'line': b'[ 88%] \x1b[1m\x1b[32mLinking CXX shared library libwebots_ros2_driver_imu.so\x1b[0m\n'}
[22.484907] (-) TimerEvent: {}
[22.539262] (webots_ros2_driver) StdoutLine: {'line': b'[ 92%] \x1b[1m\x1b[32mLinking CXX shared library libwebots_ros2_driver_rgbd.so\x1b[0m\n'}
[22.585021] (-) TimerEvent: {}
[22.684297] (webots_ros2_driver) StdoutLine: {'line': b'[ 92%] Built target webots_ros2_driver_imu\n'}
[22.687996] (-) TimerEvent: {}
[22.786931] (webots_ros2_driver) StdoutLine: {'line': b'[ 92%] Built target webots_ros2_driver_rgbd\n'}
[22.788072] (-) TimerEvent: {}
[22.889659] (-) TimerEvent: {}
[22.989979] (-) TimerEvent: {}
[23.090367] (-) TimerEvent: {}
[23.092942] (webots_ros2_driver) StdoutLine: {'line': b'[ 96%] \x1b[32mBuilding CXX object CMakeFiles/driver.dir/src/utils/Utils.cpp.o\x1b[0m\n'}
[23.190468] (-) TimerEvent: {}
[23.291618] (-) TimerEvent: {}
[23.392362] (-) TimerEvent: {}
[23.492654] (-) TimerEvent: {}
[23.592950] (-) TimerEvent: {}
[23.693225] (-) TimerEvent: {}
[23.793501] (-) TimerEvent: {}
[23.893805] (-) TimerEvent: {}
[23.994085] (-) TimerEvent: {}
[24.094362] (-) TimerEvent: {}
[24.194663] (-) TimerEvent: {}
[24.294956] (-) TimerEvent: {}
[24.395247] (-) TimerEvent: {}
[24.495529] (-) TimerEvent: {}
[24.595802] (-) TimerEvent: {}
[24.696066] (-) TimerEvent: {}
[24.796340] (-) TimerEvent: {}
[24.896622] (-) TimerEvent: {}
[24.996905] (-) TimerEvent: {}
[25.097163] (-) TimerEvent: {}
[25.197430] (-) TimerEvent: {}
[25.297712] (-) TimerEvent: {}
[25.398009] (-) TimerEvent: {}
[25.498298] (-) TimerEvent: {}
[25.598585] (-) TimerEvent: {}
[25.698846] (-) TimerEvent: {}
[25.799151] (-) TimerEvent: {}
[25.899487] (-) TimerEvent: {}
[25.999817] (-) TimerEvent: {}
[26.100046] (-) TimerEvent: {}
[26.200297] (-) TimerEvent: {}
[26.300543] (-) TimerEvent: {}
[26.400860] (-) TimerEvent: {}
[26.501080] (-) TimerEvent: {}
[26.601298] (-) TimerEvent: {}
[26.701593] (-) TimerEvent: {}
[26.801913] (-) TimerEvent: {}
[26.902217] (-) TimerEvent: {}
[27.002462] (-) TimerEvent: {}
[27.102779] (-) TimerEvent: {}
[27.203151] (-) TimerEvent: {}
[27.303416] (-) TimerEvent: {}
[27.403624] (-) TimerEvent: {}
[27.503939] (-) TimerEvent: {}
[27.604262] (-) TimerEvent: {}
[27.704501] (-) TimerEvent: {}
[27.804819] (-) TimerEvent: {}
[27.905136] (-) TimerEvent: {}
[28.005380] (-) TimerEvent: {}
[28.105612] (-) TimerEvent: {}
[28.205933] (-) TimerEvent: {}
[28.306135] (-) TimerEvent: {}
[28.406375] (-) TimerEvent: {}
[28.506680] (-) TimerEvent: {}
[28.606989] (-) TimerEvent: {}
[28.707197] (-) TimerEvent: {}
[28.807443] (-) TimerEvent: {}
[28.907751] (-) TimerEvent: {}
[29.007978] (-) TimerEvent: {}
[29.108323] (-) TimerEvent: {}
[29.208635] (-) TimerEvent: {}
[29.308878] (-) TimerEvent: {}
[29.409200] (-) TimerEvent: {}
[29.509446] (-) TimerEvent: {}
[29.609755] (-) TimerEvent: {}
[29.710051] (-) TimerEvent: {}
[29.810376] (-) TimerEvent: {}
[29.823107] (webots_ros2_driver) StdoutLine: {'line': b'[100%] \x1b[1m\x1b[32mLinking CXX executable driver\x1b[0m\n'}
[29.910514] (-) TimerEvent: {}
[30.010831] (-) TimerEvent: {}
[30.111169] (-) TimerEvent: {}
[30.211429] (-) TimerEvent: {}
[30.311745] (-) TimerEvent: {}
[30.412040] (-) TimerEvent: {}
[30.512262] (-) TimerEvent: {}
[30.612511] (-) TimerEvent: {}
[30.712844] (-) TimerEvent: {}
[30.777884] (webots_ros2_driver) StdoutLine: {'line': b'[100%] Built target driver\n'}
[30.790133] (webots_ros2_driver) CommandEnded: {'returncode': 0}
[30.791267] (webots_ros2_driver) JobProgress: {'identifier': 'webots_ros2_driver', 'progress': 'install'}
[30.791466] (webots_ros2_driver) Command: {'cmd': ['/usr/bin/cmake', '--install', '/home/onur/autonomous_robot/build/webots_ros2_driver'], 'cwd': '/home/onur/autonomous_robot/build/webots_ros2_driver', 'env': OrderedDict({'LESSOPEN': '| /usr/bin/lesspipe %s', 'USER': 'onur', 'GZ_CONFIG_PATH': '/opt/ros/lyrical/opt/sdformat_vendor/share/gz', 'XDG_SESSION_TYPE': 'wayland', 'PTYXIS_VERSION': '50.1', 'SHLVL': '1', 'LD_LIBRARY_PATH': '/home/onur/autonomous_robot/install/webots_ros2_msgs/lib:/opt/ros/lyrical/opt/sdformat_vendor/lib:/opt/ros/lyrical/opt/gz_tools_vendor/lib:/opt/ros/lyrical/opt/gz_math_vendor/lib:/opt/ros/lyrical/opt/gz_utils_vendor/lib:/opt/ros/lyrical/opt/rviz_ogre_vendor/lib:/opt/ros/lyrical/lib/x86_64-linux-gnu:/opt/ros/lyrical/opt/gz_cmake_vendor/lib:/opt/ros/lyrical/lib', 'HOME': '/home/onur', 'OLDPWD': '/home/onur/autonomous_robot/src/webots_ros2', 'DESKTOP_SESSION': 'ubuntu', 'NVM_BIN': '/home/onur/.nvm/versions/node/v24.20.0/bin', 'NVM_INC': '/home/onur/.nvm/versions/node/v24.20.0/include/node', 'IM_CONFIG_ENTRY': 'profile', 'ROS_PYTHON_VERSION': '3', 'GTK_MODULES': 'gail:atk-bridge', 'MANAGERPID': '5622', 'DBUS_STARTER_BUS_TYPE': 'session', 'SYSTEMD_EXEC_PID': '5679', 'DBUS_SESSION_BUS_ADDRESS': 'unix:path=/run/user/1000/bus,guid=3e7ce15796779a58c58491916aa4375c', 'COLORTERM': 'truecolor', 'NVM_DIR': '/home/onur/.nvm', 'DEBUGINFOD_URLS': 'https://debuginfod.ubuntu.com', 'WAYLAND_DISPLAY': 'wayland-0', 'COLCON_PREFIX_PATH': '/home/onur/autonomous_robot/install', 'ROS_DISTRO': 'lyrical', 'LOGNAME': 'onur', 'MANAGERPIDFDID': '12827', '_': '/usr/bin/colcon', 'ROS_VERSION': '2', 'MEMORY_PRESSURE_WATCH': '/sys/fs/cgroup/user.slice/user-1000.slice/user@1000.service/session.slice/dbus.service/memory.pressure', 'XDG_SESSION_CLASS': 'user', 'USERNAME': 'onur', 'TERM': 'xterm-256color', 'GNOME_DESKTOP_SESSION_ID': 'this-is-deprecated', 'FLATPAK_TTY_PROGRESS': '1', 'PATH': '/opt/ros/lyrical/opt/gz_tools_vendor/bin:/opt/ros/lyrical/bin:/home/onur/.opencode/bin:/home/onur/.nvm/versions/node/v24.20.0/bin:/home/onur/.local/bin:/home/onur/.local/bin:/home/onur/.local/bin:/home/onur/.local/bin:/usr/local/sbin:/usr/local/bin:/usr/sbin:/usr/bin:/sbin:/bin:/usr/games:/usr/local/games:/snap/bin:/snap/bin:/home/onur/webots', 'INVOCATION_ID': '83eb2fbf06af433aae37214d63a74bec', 'XDG_MENU_PREFIX': 'gnome-', 'PTYXIS_PROFILE': '82a4d075e8ab3fd0d3bfb7fa6a8dfdba', 'GNOME_SETUP_DISPLAY': 'unix:/tmp/.X11-unix/X1', 'XDG_RUNTIME_DIR': '/run/user/1000', 'DISPLAY': ':0', 'LANG': 'en_US.UTF-8', 'XDG_CURRENT_DESKTOP': 'ubuntu:GNOME', 'XMODIFIERS': '@im=ibus', 'XDG_SESSION_DESKTOP': 'ubuntu', 'XAUTHORITY': '/run/user/1000/.mutter-Xwaylandauth.H8PHV3', 'LS_COLORS': 'rs=0:di=01;34:ln=01;36:mh=00:pi=40;33:so=01;35:do=01;35:bd=40;33;01:cd=40;33;01:or=40;31;01:mi=00:su=37;41:sg=30;43:ca=00:tw=30;42:ow=34;42:st=37;44:ex=01;32:*.tar=01;31:*.tgz=01;31:*.arc=01;31:*.arj=01;31:*.taz=01;31:*.lha=01;31:*.lz4=01;31:*.lzh=01;31:*.lzma=01;31:*.tlz=01;31:*.txz=01;31:*.tzo=01;31:*.t7z=01;31:*.zip=01;31:*.z=01;31:*.dz=01;31:*.gz=01;31:*.lrz=01;31:*.lz=01;31:*.lzo=01;31:*.xz=01;31:*.zst=01;31:*.tzst=01;31:*.bz2=01;31:*.bz=01;31:*.tbz=01;31:*.tbz2=01;31:*.tz=01;31:*.deb=01;31:*.rpm=01;31:*.jar=01;31:*.war=01;31:*.ear=01;31:*.sar=01;31:*.rar=01;31:*.alz=01;31:*.ace=01;31:*.zoo=01;31:*.cpio=01;31:*.7z=01;31:*.rz=01;31:*.cab=01;31:*.wim=01;31:*.swm=01;31:*.dwm=01;31:*.esd=01;31:*.avif=01;35:*.jpg=01;35:*.jpeg=01;35:*.mjpg=01;35:*.mjpeg=01;35:*.gif=01;35:*.bmp=01;35:*.pbm=01;35:*.pgm=01;35:*.ppm=01;35:*.tga=01;35:*.xbm=01;35:*.xpm=01;35:*.tif=01;35:*.tiff=01;35:*.png=01;35:*.svg=01;35:*.svgz=01;35:*.mng=01;35:*.pcx=01;35:*.mov=01;35:*.mpg=01;35:*.mpeg=01;35:*.m2v=01;35:*.mkv=01;35:*.webm=01;35:*.webp=01;35:*.ogm=01;35:*.mp4=01;35:*.m4v=01;35:*.mp4v=01;35:*.vob=01;35:*.qt=01;35:*.nuv=01;35:*.wmv=01;35:*.asf=01;35:*.rm=01;35:*.rmvb=01;35:*.flc=01;35:*.avi=01;35:*.fli=01;35:*.flv=01;35:*.gl=01;35:*.dl=01;35:*.xcf=01;35:*.xwd=01;35:*.yuv=01;35:*.cgm=01;35:*.emf=01;35:*.ogv=01;35:*.ogx=01;35:*.aac=00;36:*.au=00;36:*.flac=00;36:*.m4a=00;36:*.mid=00;36:*.midi=00;36:*.mka=00;36:*.mp3=00;36:*.mpc=00;36:*.ogg=00;36:*.ra=00;36:*.wav=00;36:*.oga=00;36:*.opus=00;36:*.spx=00;36:*.xspf=00;36:*~=00;90:*#=00;90:*.bak=00;90:*.old=00;90:*.orig=00;90:*.part=00;90:*.rej=00;90:*.swp=00;90:*.tmp=00;90:*.dpkg-dist=00;90:*.dpkg-old=00;90:*.ucf-dist=00;90:*.ucf-new=00;90:*.ucf-old=00;90:*.rpmnew=00;90:*.rpmorig=00;90:*.rpmsave=00;90:', 'SSH_AUTH_SOCK': '/run/user/1000/gcr/ssh', 'AMENT_PREFIX_PATH': '/home/onur/autonomous_robot/install/webots_ros2_msgs:/home/onur/autonomous_robot/install/webots_ros2_importer:/opt/ros/lyrical', 'SHELL': '/bin/bash', 'QT_ACCESSIBILITY': '1', 'GDMSESSION': 'ubuntu', 'WEBOTS_HOME': '/home/onur/webots', 'LESSCLOSE': '/usr/bin/lesspipe %s %s', 'GPG_AGENT_INFO': '/run/user/1000/gnupg/S.gpg-agent:0:1', 'ROS_AUTOMATIC_DISCOVERY_RANGE': 'SUBNET', 'QT_IM_MODULE': 'ibus', 'PWD': '/home/onur/autonomous_robot/build/webots_ros2_driver', 'XDG_CONFIG_DIRS': '/etc/xdg/xdg-ubuntu:/etc/xdg', 'NVM_CD_FLAGS': '', 'DBUS_STARTER_ADDRESS': 'unix:path=/run/user/1000/bus,guid=3e7ce15796779a58c58491916aa4375c', 'XDG_DATA_DIRS': '/usr/share/ubuntu:/usr/share/gnome:/usr/local/share/:/usr/share/:/var/lib/snapd/desktop', 'XDG_SESSION_EXTRA_DEVICE_ACCESS': 'render:accel', 'PYTHONPATH': '/home/onur/autonomous_robot/install/webots_ros2_msgs/lib/python3.14/site-packages:/home/onur/autonomous_robot/install/webots_ros2_importer/lib/python3.14/site-packages:/opt/ros/lyrical/opt/sdformat_vendor/lib/python:/opt/ros/lyrical/opt/gz_math_vendor/lib/python:/opt/ros/lyrical/lib/python3.14/site-packages', 'COLCON': '1', 'QT_IM_MODULES': 'wayland;ibus', 'MEMORY_PRESSURE_WRITE': 'c29tZSAyMDAwMDAgMjAwMDAwMAA=', 'VTE_VERSION': '8400', 'CMAKE_PREFIX_PATH': '/home/onur/autonomous_robot/install/webots_ros2_msgs:/opt/ros/lyrical/opt/sdformat_vendor:/opt/ros/lyrical/opt/gz_tools_vendor:/opt/ros/lyrical/opt/gz_math_vendor:/opt/ros/lyrical/opt/gz_utils_vendor:/opt/ros/lyrical/opt/gz_cmake_vendor:/opt/ros/lyrical'}), 'shell': False}
[30.803471] (webots_ros2_driver) StdoutLine: {'line': b'-- Install configuration: ""\n'}
[30.803903] (webots_ros2_driver) StdoutLine: {'line': b'-- Installing: /home/onur/autonomous_robot/install/webots_ros2_driver/share/webots_ros2_driver/environment/pythonpath.sh\n'}
[30.804097] (webots_ros2_driver) StdoutLine: {'line': b'-- Installing: /home/onur/autonomous_robot/install/webots_ros2_driver/share/webots_ros2_driver/environment/pythonpath.dsv\n'}
[30.804179] (webots_ros2_driver) StdoutLine: {'line': b'-- Installing: /home/onur/autonomous_robot/install/webots_ros2_driver/include\n'}
[30.804250] (webots_ros2_driver) StdoutLine: {'line': b'-- Installing: /home/onur/autonomous_robot/install/webots_ros2_driver/include/webots_ros2_driver\n'}
[30.804318] (webots_ros2_driver) StdoutLine: {'line': b'-- Installing: /home/onur/autonomous_robot/install/webots_ros2_driver/include/webots_ros2_driver/plugins\n'}
[30.804423] (webots_ros2_driver) StdoutLine: {'line': b'-- Installing: /home/onur/autonomous_robot/install/webots_ros2_driver/include/webots_ros2_driver/plugins/Ros2SensorPlugin.hpp\n'}
[30.804513] (webots_ros2_driver) StdoutLine: {'line': b'-- Installing: /home/onur/autonomous_robot/install/webots_ros2_driver/include/webots_ros2_driver/plugins/dynamic\n'}
[30.804583] (webots_ros2_driver) StdoutLine: {'line': b'-- Installing: /home/onur/autonomous_robot/install/webots_ros2_driver/include/webots_ros2_driver/plugins/dynamic/Ros2RGBD.hpp\n'}
[30.804648] (webots_ros2_driver) StdoutLine: {'line': b'-- Installing: /home/onur/autonomous_robot/install/webots_ros2_driver/include/webots_ros2_driver/plugins/dynamic/Ros2IMU.hpp\n'}
[30.804737] (webots_ros2_driver) StdoutLine: {'line': b'-- Installing: /home/onur/autonomous_robot/install/webots_ros2_driver/include/webots_ros2_driver/plugins/static\n'}
[30.804814] (webots_ros2_driver) StdoutLine: {'line': b'-- Installing: /home/onur/autonomous_robot/install/webots_ros2_driver/include/webots_ros2_driver/plugins/static/Ros2RangeFinder.hpp\n'}
[30.804879] (webots_ros2_driver) StdoutLine: {'line': b'-- Installing: /home/onur/autonomous_robot/install/webots_ros2_driver/include/webots_ros2_driver/plugins/static/Ros2Receiver.hpp\n'}
[30.804953] (webots_ros2_driver) StdoutLine: {'line': b'-- Installing: /home/onur/autonomous_robot/install/webots_ros2_driver/include/webots_ros2_driver/plugins/static/Ros2DistanceSensor.hpp\n'}
[30.805020] (webots_ros2_driver) StdoutLine: {'line': b'-- Installing: /home/onur/autonomous_robot/install/webots_ros2_driver/include/webots_ros2_driver/plugins/static/Ros2LightSensor.hpp\n'}
[30.805086] (webots_ros2_driver) StdoutLine: {'line': b'-- Installing: /home/onur/autonomous_robot/install/webots_ros2_driver/include/webots_ros2_driver/plugins/static/Ros2Camera.hpp\n'}
[30.805185] (webots_ros2_driver) StdoutLine: {'line': b'-- Installing: /home/onur/autonomous_robot/install/webots_ros2_driver/include/webots_ros2_driver/plugins/static/Ros2Compass.hpp\n'}
[30.805258] (webots_ros2_driver) StdoutLine: {'line': b'-- Installing: /home/onur/autonomous_robot/install/webots_ros2_driver/include/webots_ros2_driver/plugins/static/Ros2VacuumGripper.hpp\n'}
[30.805330] (webots_ros2_driver) StdoutLine: {'line': b'-- Installing: /home/onur/autonomous_robot/install/webots_ros2_driver/include/webots_ros2_driver/plugins/static/Ros2LED.hpp\n'}
[30.805394] (webots_ros2_driver) StdoutLine: {'line': b'-- Installing: /home/onur/autonomous_robot/install/webots_ros2_driver/include/webots_ros2_driver/plugins/static/Ros2Lidar.hpp\n'}
[30.805458] (webots_ros2_driver) StdoutLine: {'line': b'-- Installing: /home/onur/autonomous_robot/install/webots_ros2_driver/include/webots_ros2_driver/plugins/static/Ros2Emitter.hpp\n'}
[30.805521] (webots_ros2_driver) StdoutLine: {'line': b'-- Installing: /home/onur/autonomous_robot/install/webots_ros2_driver/include/webots_ros2_driver/plugins/static/Ros2Pen.hpp\n'}
[30.805583] (webots_ros2_driver) StdoutLine: {'line': b'-- Installing: /home/onur/autonomous_robot/install/webots_ros2_driver/include/webots_ros2_driver/plugins/static/Ros2GPS.hpp\n'}
[30.805647] (webots_ros2_driver) StdoutLine: {'line': b'-- Installing: /home/onur/autonomous_robot/install/webots_ros2_driver/include/webots_ros2_driver/PythonPlugin.hpp\n'}
[30.805706] (webots_ros2_driver) StdoutLine: {'line': b'-- Installing: /home/onur/autonomous_robot/install/webots_ros2_driver/include/webots_ros2_driver/WebotsNode.hpp\n'}
[30.805798] (webots_ros2_driver) StdoutLine: {'line': b'-- Installing: /home/onur/autonomous_robot/install/webots_ros2_driver/include/webots_ros2_driver/utils\n'}
[30.805909] (webots_ros2_driver) StdoutLine: {'line': b'-- Installing: /home/onur/autonomous_robot/install/webots_ros2_driver/include/webots_ros2_driver/utils/Math.hpp\n'}
[30.805964] (webots_ros2_driver) StdoutLine: {'line': b'-- Installing: /home/onur/autonomous_robot/install/webots_ros2_driver/include/webots_ros2_driver/utils/Utils.hpp\n'}
[30.806018] (webots_ros2_driver) StdoutLine: {'line': b'-- Installing: /home/onur/autonomous_robot/install/webots_ros2_driver/include/webots_ros2_driver/PluginInterface.hpp\n'}
[30.806073] (webots_ros2_driver) StdoutLine: {'line': b'-- Installing: /home/onur/autonomous_robot/install/webots_ros2_driver/lib/webots_ros2_driver/driver\n'}
[30.812953] (-) TimerEvent: {}
[30.819715] (webots_ros2_driver) StdoutLine: {'line': b'-- Installing: /home/onur/autonomous_robot/install/webots_ros2_driver/lib/libwebots_ros2_driver_imu.so\n'}
[30.820492] (webots_ros2_driver) StdoutLine: {'line': b'-- Installing: /home/onur/autonomous_robot/install/webots_ros2_driver/lib/libwebots_ros2_driver_rgbd.so\n'}
[30.821085] (webots_ros2_driver) StdoutLine: {'line': b'-- Installing: /home/onur/autonomous_robot/install/webots_ros2_driver/include/webots/c\n'}
[30.821177] (webots_ros2_driver) StdoutLine: {'line': b'-- Installing: /home/onur/autonomous_robot/install/webots_ros2_driver/include/webots/c/webots\n'}
[30.821220] (webots_ros2_driver) StdoutLine: {'line': b'-- Installing: /home/onur/autonomous_robot/install/webots_ros2_driver/include/webots/c/webots/gps.h\n'}
[30.821258] (webots_ros2_driver) StdoutLine: {'line': b'-- Installing: /home/onur/autonomous_robot/install/webots_ros2_driver/include/webots/c/webots/joystick.h\n'}
[30.821295] (webots_ros2_driver) StdoutLine: {'line': b'-- Installing: /home/onur/autonomous_robot/install/webots_ros2_driver/include/webots/c/webots/speaker.h\n'}
[30.821328] (webots_ros2_driver) StdoutLine: {'line': b'-- Installing: /home/onur/autonomous_robot/install/webots_ros2_driver/include/webots/c/webots/compass.h\n'}
[30.821364] (webots_ros2_driver) StdoutLine: {'line': b'-- Installing: /home/onur/autonomous_robot/install/webots_ros2_driver/include/webots/c/webots/contact_point.h\n'}
[30.821512] (webots_ros2_driver) StdoutLine: {'line': b'-- Installing: /home/onur/autonomous_robot/install/webots_ros2_driver/include/webots/c/webots/camera_recognition_object.h\n'}
[30.821602] (webots_ros2_driver) StdoutLine: {'line': b'-- Installing: /home/onur/autonomous_robot/install/webots_ros2_driver/include/webots/c/webots/plugins\n'}
[30.821647] (webots_ros2_driver) StdoutLine: {'line': b'-- Installing: /home/onur/autonomous_robot/install/webots_ros2_driver/include/webots/c/webots/plugins/robot_window\n'}
[30.821702] (webots_ros2_driver) StdoutLine: {'line': b'-- Installing: /home/onur/autonomous_robot/install/webots_ros2_driver/include/webots/c/webots/plugins/robot_window/robot_window.h\n'}
[30.821749] (webots_ros2_driver) StdoutLine: {'line': b'-- Installing: /home/onur/autonomous_robot/install/webots_ros2_driver/include/webots/c/webots/plugins/robot_window/generic_robot_window\n'}
[30.821783] (webots_ros2_driver) StdoutLine: {'line': b'-- Installing: /home/onur/autonomous_robot/install/webots_ros2_driver/include/webots/c/webots/plugins/robot_window/generic_robot_window/generic.h\n'}
[30.821818] (webots_ros2_driver) StdoutLine: {'line': b'-- Installing: /home/onur/autonomous_robot/install/webots_ros2_driver/include/webots/c/webots/plugins/robot_window/robot_wwi.h\n'}
[30.821853] (webots_ros2_driver) StdoutLine: {'line': b'-- Installing: /home/onur/autonomous_robot/install/webots_ros2_driver/include/webots/c/webots/plugins/robot_window/default.h\n'}
[30.821893] (webots_ros2_driver) StdoutLine: {'line': b'-- Installing: /home/onur/autonomous_robot/install/webots_ros2_driver/include/webots/c/webots/position_sensor.h\n'}
[30.821928] (webots_ros2_driver) StdoutLine: {'line': b'-- Installing: /home/onur/autonomous_robot/install/webots_ros2_driver/include/webots/c/webots/accelerometer.h\n'}
[30.821962] (webots_ros2_driver) StdoutLine: {'line': b'-- Installing: /home/onur/autonomous_robot/install/webots_ros2_driver/include/webots/c/webots/nodes.h\n'}
[30.822000] (webots_ros2_driver) StdoutLine: {'line': b'-- Installing: /home/onur/autonomous_robot/install/webots_ros2_driver/include/webots/c/webots/camera.h\n'}
[30.822036] (webots_ros2_driver) StdoutLine: {'line': b'-- Installing: /home/onur/autonomous_robot/install/webots_ros2_driver/include/webots/c/webots/emitter.h\n'}
[30.822230] (webots_ros2_driver) StdoutLine: {'line': b'-- Installing: /home/onur/autonomous_robot/install/webots_ros2_driver/include/webots/c/webots/supervisor.h\n'}
[30.822289] (webots_ros2_driver) StdoutLine: {'line': b'-- Installing: /home/onur/autonomous_robot/install/webots_ros2_driver/include/webots/c/webots/vehicle\n'}
[30.822331] (webots_ros2_driver) StdoutLine: {'line': b'-- Installing: /home/onur/autonomous_robot/install/webots_ros2_driver/include/webots/c/webots/vehicle/car.h\n'}
[30.822370] (webots_ros2_driver) StdoutLine: {'line': b'-- Installing: /home/onur/autonomous_robot/install/webots_ros2_driver/include/webots/c/webots/vehicle/driver.h\n'}
[30.822408] (webots_ros2_driver) StdoutLine: {'line': b'-- Installing: /home/onur/autonomous_robot/install/webots_ros2_driver/include/webots/c/webots/device.h\n'}
[30.822444] (webots_ros2_driver) StdoutLine: {'line': b'-- Installing: /home/onur/autonomous_robot/install/webots_ros2_driver/include/webots/c/webots/robot.h\n'}
[30.822481] (webots_ros2_driver) StdoutLine: {'line': b'-- Installing: /home/onur/autonomous_robot/install/webots_ros2_driver/include/webots/c/webots/touch_sensor.h\n'}
[30.822517] (webots_ros2_driver) StdoutLine: {'line': b'-- Installing: /home/onur/autonomous_robot/install/webots_ros2_driver/include/webots/c/webots/receiver.h\n'}
[30.822553] (webots_ros2_driver) StdoutLine: {'line': b'-- Installing: /home/onur/autonomous_robot/install/webots_ros2_driver/include/webots/c/webots/utils\n'}
[30.822589] (webots_ros2_driver) StdoutLine: {'line': b'-- Installing: /home/onur/autonomous_robot/install/webots_ros2_driver/include/webots/c/webots/utils/string.h\n'}
[30.822625] (webots_ros2_driver) StdoutLine: {'line': b'-- Installing: /home/onur/autonomous_robot/install/webots_ros2_driver/include/webots/c/webots/utils/system.h\n'}
[30.822668] (webots_ros2_driver) StdoutLine: {'line': b'-- Installing: /home/onur/autonomous_robot/install/webots_ros2_driver/include/webots/c/webots/utils/motion.h\n'}
[30.822705] (webots_ros2_driver) StdoutLine: {'line': b'-- Installing: /home/onur/autonomous_robot/install/webots_ros2_driver/include/webots/c/webots/utils/ansi_codes.h\n'}
[30.822739] (webots_ros2_driver) StdoutLine: {'line': b'-- Installing: /home/onur/autonomous_robot/install/webots_ros2_driver/include/webots/c/webots/lidar.h\n'}
[30.822794] (webots_ros2_driver) StdoutLine: {'line': b'-- Installing: /home/onur/autonomous_robot/install/webots_ros2_driver/include/webots/c/webots/light_sensor.h\n'}
[30.822829] (webots_ros2_driver) StdoutLine: {'line': b'-- Installing: /home/onur/autonomous_robot/install/webots_ros2_driver/include/webots/c/webots/pen.h\n'}
[30.822863] (webots_ros2_driver) StdoutLine: {'line': b'-- Installing: /home/onur/autonomous_robot/install/webots_ros2_driver/include/webots/c/webots/radar.h\n'}
[30.822905] (webots_ros2_driver) StdoutLine: {'line': b'-- Installing: /home/onur/autonomous_robot/install/webots_ros2_driver/include/webots/c/webots/keyboard.h\n'}
[30.822939] (webots_ros2_driver) StdoutLine: {'line': b'-- Installing: /home/onur/autonomous_robot/install/webots_ros2_driver/include/webots/c/webots/display.h\n'}
[30.822974] (webots_ros2_driver) StdoutLine: {'line': b'-- Installing: /home/onur/autonomous_robot/install/webots_ros2_driver/include/webots/c/webots/range_finder.h\n'}
[30.823008] (webots_ros2_driver) StdoutLine: {'line': b'-- Installing: /home/onur/autonomous_robot/install/webots_ros2_driver/include/webots/c/webots/vacuum_gripper.h\n'}
[30.823044] (webots_ros2_driver) StdoutLine: {'line': b'-- Installing: /home/onur/autonomous_robot/install/webots_ros2_driver/include/webots/c/webots/distance_sensor.h\n'}
[30.823079] (webots_ros2_driver) StdoutLine: {'line': b'-- Installing: /home/onur/autonomous_robot/install/webots_ros2_driver/include/webots/c/webots/inertial_unit.h\n'}
[30.823115] (webots_ros2_driver) StdoutLine: {'line': b'-- Installing: /home/onur/autonomous_robot/install/webots_ros2_driver/include/webots/c/webots/motor.h\n'}
[30.823150] (webots_ros2_driver) StdoutLine: {'line': b'-- Installing: /home/onur/autonomous_robot/install/webots_ros2_driver/include/webots/c/webots/lidar_point.h\n'}
[30.823211] (webots_ros2_driver) StdoutLine: {'line': b'-- Installing: /home/onur/autonomous_robot/install/webots_ros2_driver/include/webots/c/webots/types.h\n'}
[30.823255] (webots_ros2_driver) StdoutLine: {'line': b'-- Installing: /home/onur/autonomous_robot/install/webots_ros2_driver/include/webots/c/webots/skin.h\n'}
[30.823291] (webots_ros2_driver) StdoutLine: {'line': b'-- Installing: /home/onur/autonomous_robot/install/webots_ros2_driver/include/webots/c/webots/brake.h\n'}
[30.823327] (webots_ros2_driver) StdoutLine: {'line': b'-- Installing: /home/onur/autonomous_robot/install/webots_ros2_driver/include/webots/c/webots/connector.h\n'}
[30.823360] (webots_ros2_driver) StdoutLine: {'line': b'-- Installing: /home/onur/autonomous_robot/install/webots_ros2_driver/include/webots/c/webots/remote_control.h\n'}
[30.823395] (webots_ros2_driver) StdoutLine: {'line': b'-- Installing: /home/onur/autonomous_robot/install/webots_ros2_driver/include/webots/c/webots/mouse.h\n'}
[30.823431] (webots_ros2_driver) StdoutLine: {'line': b'-- Installing: /home/onur/autonomous_robot/install/webots_ros2_driver/include/webots/c/webots/radio.h\n'}
[30.823467] (webots_ros2_driver) StdoutLine: {'line': b'-- Installing: /home/onur/autonomous_robot/install/webots_ros2_driver/include/webots/c/webots/radar_target.h\n'}
[30.823502] (webots_ros2_driver) StdoutLine: {'line': b'-- Installing: /home/onur/autonomous_robot/install/webots_ros2_driver/include/webots/c/webots/microphone.h\n'}
[30.823537] (webots_ros2_driver) StdoutLine: {'line': b'-- Installing: /home/onur/autonomous_robot/install/webots_ros2_driver/include/webots/c/webots/gyro.h\n'}
[30.823570] (webots_ros2_driver) StdoutLine: {'line': b'-- Installing: /home/onur/autonomous_robot/install/webots_ros2_driver/include/webots/c/webots/console.h\n'}
[30.823607] (webots_ros2_driver) StdoutLine: {'line': b'-- Installing: /home/onur/autonomous_robot/install/webots_ros2_driver/include/webots/c/webots/led.h\n'}
[30.823642] (webots_ros2_driver) StdoutLine: {'line': b'-- Installing: /home/onur/autonomous_robot/install/webots_ros2_driver/include/webots/c/webots/mouse_state.h\n'}
[30.823676] (webots_ros2_driver) StdoutLine: {'line': b'-- Installing: /home/onur/autonomous_robot/install/webots_ros2_driver/include/webots/c/webots/altimeter.h\n'}
[30.823734] (webots_ros2_driver) StdoutLine: {'line': b'-- Installing: /home/onur/autonomous_robot/install/webots_ros2_driver/include/webots/cpp\n'}
[30.823769] (webots_ros2_driver) StdoutLine: {'line': b'-- Installing: /home/onur/autonomous_robot/install/webots_ros2_driver/include/webots/cpp/webots\n'}
[30.823808] (webots_ros2_driver) StdoutLine: {'line': b'-- Installing: /home/onur/autonomous_robot/install/webots_ros2_driver/include/webots/cpp/webots/Speaker.hpp\n'}
[30.823852] (webots_ros2_driver) StdoutLine: {'line': b'-- Installing: /home/onur/autonomous_robot/install/webots_ros2_driver/include/webots/cpp/webots/LED.hpp\n'}
[30.823900] (webots_ros2_driver) StdoutLine: {'line': b'-- Installing: /home/onur/autonomous_robot/install/webots_ros2_driver/include/webots/cpp/webots/GPS.hpp\n'}
[30.823942] (webots_ros2_driver) StdoutLine: {'line': b'-- Installing: /home/onur/autonomous_robot/install/webots_ros2_driver/include/webots/cpp/webots/TouchSensor.hpp\n'}
[30.823985] (webots_ros2_driver) StdoutLine: {'line': b'-- Installing: /home/onur/autonomous_robot/install/webots_ros2_driver/include/webots/cpp/webots/Lidar.hpp\n'}
[30.824025] (webots_ros2_driver) StdoutLine: {'line': b'-- Installing: /home/onur/autonomous_robot/install/webots_ros2_driver/include/webots/cpp/webots/Pen.hpp\n'}
[30.824066] (webots_ros2_driver) StdoutLine: {'line': b'-- Installing: /home/onur/autonomous_robot/install/webots_ros2_driver/include/webots/cpp/webots/Field.hpp\n'}
[30.824107] (webots_ros2_driver) StdoutLine: {'line': b'-- Installing: /home/onur/autonomous_robot/install/webots_ros2_driver/include/webots/cpp/webots/Node.hpp\n'}
[30.824146] (webots_ros2_driver) StdoutLine: {'line': b'-- Installing: /home/onur/autonomous_robot/install/webots_ros2_driver/include/webots/cpp/webots/Proto.hpp\n'}
[30.824211] (webots_ros2_driver) StdoutLine: {'line': b'-- Installing: /home/onur/autonomous_robot/install/webots_ros2_driver/include/webots/cpp/webots/vehicle\n'}
[30.824259] (webots_ros2_driver) StdoutLine: {'line': b'-- Installing: /home/onur/autonomous_robot/install/webots_ros2_driver/include/webots/cpp/webots/vehicle/Driver.hpp\n'}
[30.824307] (webots_ros2_driver) StdoutLine: {'line': b'-- Installing: /home/onur/autonomous_robot/install/webots_ros2_driver/include/webots/cpp/webots/vehicle/Car.hpp\n'}
[30.824350] (webots_ros2_driver) StdoutLine: {'line': b'-- Installing: /home/onur/autonomous_robot/install/webots_ros2_driver/include/webots/cpp/webots/Skin.hpp\n'}
[30.824392] (webots_ros2_driver) StdoutLine: {'line': b'-- Installing: /home/onur/autonomous_robot/install/webots_ros2_driver/include/webots/cpp/webots/Supervisor.hpp\n'}
[30.824434] (webots_ros2_driver) StdoutLine: {'line': b'-- Installing: /home/onur/autonomous_robot/install/webots_ros2_driver/include/webots/cpp/webots/Device.hpp\n'}
[30.824474] (webots_ros2_driver) StdoutLine: {'line': b'-- Installing: /home/onur/autonomous_robot/install/webots_ros2_driver/include/webots/cpp/webots/Emitter.hpp\n'}
[30.824514] (webots_ros2_driver) StdoutLine: {'line': b'-- Installing: /home/onur/autonomous_robot/install/webots_ros2_driver/include/webots/cpp/webots/utils\n'}
[30.824554] (webots_ros2_driver) StdoutLine: {'line': b'-- Installing: /home/onur/autonomous_robot/install/webots_ros2_driver/include/webots/cpp/webots/utils/Motion.hpp\n'}
[30.824596] (webots_ros2_driver) StdoutLine: {'line': b'-- Installing: /home/onur/autonomous_robot/install/webots_ros2_driver/include/webots/cpp/webots/utils/AnsiCodes.hpp\n'}
[30.824636] (webots_ros2_driver) StdoutLine: {'line': b'-- Installing: /home/onur/autonomous_robot/install/webots_ros2_driver/include/webots/cpp/webots/DistanceSensor.hpp\n'}
[30.824700] (webots_ros2_driver) StdoutLine: {'line': b'-- Installing: /home/onur/autonomous_robot/install/webots_ros2_driver/include/webots/cpp/webots/Keyboard.hpp\n'}
[30.824742] (webots_ros2_driver) StdoutLine: {'line': b'-- Installing: /home/onur/autonomous_robot/install/webots_ros2_driver/include/webots/cpp/webots/Motor.hpp\n'}
[30.824783] (webots_ros2_driver) StdoutLine: {'line': b'-- Installing: /home/onur/autonomous_robot/install/webots_ros2_driver/include/webots/cpp/webots/VacuumGripper.hpp\n'}
[30.824838] (webots_ros2_driver) StdoutLine: {'line': b'-- Installing: /home/onur/autonomous_robot/install/webots_ros2_driver/include/webots/cpp/webots/Gyro.hpp\n'}
[30.824885] (webots_ros2_driver) StdoutLine: {'line': b'-- Installing: /home/onur/autonomous_robot/install/webots_ros2_driver/include/webots/cpp/webots/ImageRef.hpp\n'}
[30.824929] (webots_ros2_driver) StdoutLine: {'line': b'-- Installing: /home/onur/autonomous_robot/install/webots_ros2_driver/include/webots/cpp/webots/Joystick.hpp\n'}
[30.824969] (webots_ros2_driver) StdoutLine: {'line': b'-- Installing: /home/onur/autonomous_robot/install/webots_ros2_driver/include/webots/cpp/webots/Mouse.hpp\n'}
[30.825011] (webots_ros2_driver) StdoutLine: {'line': b'-- Installing: /home/onur/autonomous_robot/install/webots_ros2_driver/include/webots/cpp/webots/RangeFinder.hpp\n'}
[30.825051] (webots_ros2_driver) StdoutLine: {'line': b'-- Installing: /home/onur/autonomous_robot/install/webots_ros2_driver/include/webots/cpp/webots/Radar.hpp\n'}
[30.825091] (webots_ros2_driver) StdoutLine: {'line': b'-- Installing: /home/onur/autonomous_robot/install/webots_ros2_driver/include/webots/cpp/webots/Camera.hpp\n'}
[30.825130] (webots_ros2_driver) StdoutLine: {'line': b'-- Installing: /home/onur/autonomous_robot/install/webots_ros2_driver/include/webots/cpp/webots/PositionSensor.hpp\n'}
[30.825168] (webots_ros2_driver) StdoutLine: {'line': b'-- Installing: /home/onur/autonomous_robot/install/webots_ros2_driver/include/webots/cpp/webots/LightSensor.hpp\n'}
[30.825204] (webots_ros2_driver) StdoutLine: {'line': b'-- Installing: /home/onur/autonomous_robot/install/webots_ros2_driver/include/webots/cpp/webots/Robot.hpp\n'}
[30.825244] (webots_ros2_driver) StdoutLine: {'line': b'-- Installing: /home/onur/autonomous_robot/install/webots_ros2_driver/include/webots/cpp/webots/Accelerometer.hpp\n'}
[30.825282] (webots_ros2_driver) StdoutLine: {'line': b'-- Installing: /home/onur/autonomous_robot/install/webots_ros2_driver/include/webots/cpp/webots/Connector.hpp\n'}
[30.825340] (webots_ros2_driver) StdoutLine: {'line': b'-- Installing: /home/onur/autonomous_robot/install/webots_ros2_driver/include/webots/cpp/webots/Display.hpp\n'}
[30.825401] (webots_ros2_driver) StdoutLine: {'line': b'-- Installing: /home/onur/autonomous_robot/install/webots_ros2_driver/include/webots/cpp/webots/Brake.hpp\n'}
[30.825439] (webots_ros2_driver) StdoutLine: {'line': b'-- Installing: /home/onur/autonomous_robot/install/webots_ros2_driver/include/webots/cpp/webots/Compass.hpp\n'}
[30.825477] (webots_ros2_driver) StdoutLine: {'line': b'-- Installing: /home/onur/autonomous_robot/install/webots_ros2_driver/include/webots/cpp/webots/Altimeter.hpp\n'}
[30.825511] (webots_ros2_driver) StdoutLine: {'line': b'-- Installing: /home/onur/autonomous_robot/install/webots_ros2_driver/include/webots/cpp/webots/Receiver.hpp\n'}
[30.825546] (webots_ros2_driver) StdoutLine: {'line': b'-- Installing: /home/onur/autonomous_robot/install/webots_ros2_driver/include/webots/cpp/webots/InertialUnit.hpp\n'}
[30.825586] (webots_ros2_driver) StdoutLine: {'line': b'-- Installing: /home/onur/autonomous_robot/install/webots_ros2_driver/lib/controller\n'}
[30.825630] (webots_ros2_driver) StdoutLine: {'line': b'-- Installing: /home/onur/autonomous_robot/install/webots_ros2_driver/lib/controller/libController.so\n'}
[30.825716] (webots_ros2_driver) StdoutLine: {'line': b'-- Installing: /home/onur/autonomous_robot/install/webots_ros2_driver/lib/controller/libCppDriver.so\n'}
[30.825783] (webots_ros2_driver) StdoutLine: {'line': b'-- Installing: /home/onur/autonomous_robot/install/webots_ros2_driver/lib/controller/libdriver.so\n'}
[30.825847] (webots_ros2_driver) StdoutLine: {'line': b'-- Installing: /home/onur/autonomous_robot/install/webots_ros2_driver/lib/controller/libcar.so\n'}
[30.825924] (webots_ros2_driver) StdoutLine: {'line': b'-- Installing: /home/onur/autonomous_robot/install/webots_ros2_driver/lib/controller/libCppController.so\n'}
[30.826453] (webots_ros2_driver) StdoutLine: {'line': b'-- Installing: /home/onur/autonomous_robot/install/webots_ros2_driver/lib/controller/libgeneric_robot_window.so\n'}
[30.826546] (webots_ros2_driver) StdoutLine: {'line': b'-- Installing: /home/onur/autonomous_robot/install/webots_ros2_driver/lib/controller/.gitignore\n'}
[30.826597] (webots_ros2_driver) StdoutLine: {'line': b'-- Installing: /home/onur/autonomous_robot/install/webots_ros2_driver/lib/controller/libCppCar.so\n'}
[30.826700] (webots_ros2_driver) StdoutLine: {'line': b'-- Installing: /home/onur/autonomous_robot/install/webots_ros2_driver/share/webots_ros2_driver/webots_ros2_imu.xml\n'}
[30.826753] (webots_ros2_driver) StdoutLine: {'line': b'-- Installing: /home/onur/autonomous_robot/install/webots_ros2_driver/share/webots_ros2_driver/webots_ros2_rgbd.xml\n'}
[30.826807] (webots_ros2_driver) StdoutLine: {'line': b'-- Installing: /home/onur/autonomous_robot/install/webots_ros2_driver/lib/webots_ros2_driver/ros2_supervisor.py\n'}
[30.826976] (webots_ros2_driver) StdoutLine: {'line': b'-- Installing: /home/onur/autonomous_robot/install/webots_ros2_driver/share/webots_ros2_driver/scripts\n'}
[30.827122] (webots_ros2_driver) StdoutLine: {'line': b'-- Installing: /home/onur/autonomous_robot/install/webots_ros2_driver/share/webots_ros2_driver/scripts/webots_tcp_client.py\n'}
[30.827210] (webots_ros2_driver) StdoutLine: {'line': b'-- Installing: /home/onur/autonomous_robot/install/webots_ros2_driver/share/webots_ros2_driver/scripts/webots-controller\n'}
[30.827274] (webots_ros2_driver) StdoutLine: {'line': b'-- Installing: /home/onur/autonomous_robot/install/webots_ros2_driver/share/webots_ros2_driver/environment/library_path.sh\n'}
[30.827330] (webots_ros2_driver) StdoutLine: {'line': b'-- Installing: /home/onur/autonomous_robot/install/webots_ros2_driver/share/webots_ros2_driver/environment/library_path.dsv\n'}
[30.827416] (webots_ros2_driver) StdoutLine: {'line': b'-- Installing: /home/onur/autonomous_robot/install/webots_ros2_driver/share/ament_index/resource_index/package_run_dependencies/webots_ros2_driver\n'}
[30.827476] (webots_ros2_driver) StdoutLine: {'line': b'-- Installing: /home/onur/autonomous_robot/install/webots_ros2_driver/share/ament_index/resource_index/parent_prefix_path/webots_ros2_driver\n'}
[30.827530] (webots_ros2_driver) StdoutLine: {'line': b'-- Installing: /home/onur/autonomous_robot/install/webots_ros2_driver/share/webots_ros2_driver/environment/ament_prefix_path.sh\n'}
[30.827609] (webots_ros2_driver) StdoutLine: {'line': b'-- Installing: /home/onur/autonomous_robot/install/webots_ros2_driver/share/webots_ros2_driver/environment/ament_prefix_path.dsv\n'}
[30.827664] (webots_ros2_driver) StdoutLine: {'line': b'-- Installing: /home/onur/autonomous_robot/install/webots_ros2_driver/share/webots_ros2_driver/environment/path.sh\n'}
[30.827717] (webots_ros2_driver) StdoutLine: {'line': b'-- Installing: /home/onur/autonomous_robot/install/webots_ros2_driver/share/webots_ros2_driver/environment/path.dsv\n'}
[30.827793] (webots_ros2_driver) StdoutLine: {'line': b'-- Installing: /home/onur/autonomous_robot/install/webots_ros2_driver/share/webots_ros2_driver/local_setup.bash\n'}
[30.827846] (webots_ros2_driver) StdoutLine: {'line': b'-- Installing: /home/onur/autonomous_robot/install/webots_ros2_driver/share/webots_ros2_driver/local_setup.fish\n'}
[30.827905] (webots_ros2_driver) StdoutLine: {'line': b'-- Installing: /home/onur/autonomous_robot/install/webots_ros2_driver/share/webots_ros2_driver/local_setup.sh\n'}
[30.827985] (webots_ros2_driver) StdoutLine: {'line': b'-- Installing: /home/onur/autonomous_robot/install/webots_ros2_driver/share/webots_ros2_driver/local_setup.zsh\n'}
[30.828039] (webots_ros2_driver) StdoutLine: {'line': b'-- Installing: /home/onur/autonomous_robot/install/webots_ros2_driver/share/webots_ros2_driver/local_setup.dsv\n'}
[30.828115] (webots_ros2_driver) StdoutLine: {'line': b'-- Installing: /home/onur/autonomous_robot/install/webots_ros2_driver/share/webots_ros2_driver/package.dsv\n'}
[30.828173] (webots_ros2_driver) StdoutLine: {'line': b'-- Installing: /home/onur/autonomous_robot/install/webots_ros2_driver/share/ament_index/resource_index/packages/webots_ros2_driver\n'}
[30.828246] (webots_ros2_driver) StdoutLine: {'line': b'-- Installing: /home/onur/autonomous_robot/install/webots_ros2_driver/share/ament_index/resource_index/webots_ros2_driver__pluginlib__plugin/webots_ros2_driver\n'}
[30.828314] (webots_ros2_driver) StdoutLine: {'line': b'-- Installing: /home/onur/autonomous_robot/install/webots_ros2_driver/lib/python3.14/site-packages/controller-2025.0.1-py3.14.egg-info\n'}
[30.828385] (webots_ros2_driver) StdoutLine: {'line': b'-- Installing: /home/onur/autonomous_robot/install/webots_ros2_driver/lib/python3.14/site-packages/controller-2025.0.1-py3.14.egg-info/dependency_links.txt\n'}
[30.828459] (webots_ros2_driver) StdoutLine: {'line': b'-- Installing: /home/onur/autonomous_robot/install/webots_ros2_driver/lib/python3.14/site-packages/controller-2025.0.1-py3.14.egg-info/PKG-INFO\n'}
[30.828542] (webots_ros2_driver) StdoutLine: {'line': b'-- Installing: /home/onur/autonomous_robot/install/webots_ros2_driver/lib/python3.14/site-packages/controller-2025.0.1-py3.14.egg-info/SOURCES.txt\n'}
[30.828596] (webots_ros2_driver) StdoutLine: {'line': b'-- Installing: /home/onur/autonomous_robot/install/webots_ros2_driver/lib/python3.14/site-packages/controller-2025.0.1-py3.14.egg-info/top_level.txt\n'}
[30.828671] (webots_ros2_driver) StdoutLine: {'line': b'-- Installing: /home/onur/autonomous_robot/install/webots_ros2_driver/lib/python3.14/site-packages/controller\n'}
[30.828743] (webots_ros2_driver) StdoutLine: {'line': b'-- Installing: /home/onur/autonomous_robot/install/webots_ros2_driver/lib/python3.14/site-packages/controller/node.py\n'}
[30.828817] (webots_ros2_driver) StdoutLine: {'line': b'-- Installing: /home/onur/autonomous_robot/install/webots_ros2_driver/lib/python3.14/site-packages/controller/joystick.py\n'}
[30.828905] (webots_ros2_driver) StdoutLine: {'line': b'-- Installing: /home/onur/autonomous_robot/install/webots_ros2_driver/lib/python3.14/site-packages/controller/ansi_codes.py\n'}
[30.828962] (webots_ros2_driver) StdoutLine: {'line': b'-- Installing: /home/onur/autonomous_robot/install/webots_ros2_driver/lib/python3.14/site-packages/controller/accelerometer.py\n'}
[30.829042] (webots_ros2_driver) StdoutLine: {'line': b'-- Installing: /home/onur/autonomous_robot/install/webots_ros2_driver/lib/python3.14/site-packages/controller/gyro.py\n'}
[30.829097] (webots_ros2_driver) StdoutLine: {'line': b'-- Installing: /home/onur/autonomous_robot/install/webots_ros2_driver/lib/python3.14/site-packages/controller/inertial_unit.py\n'}
[30.829172] (webots_ros2_driver) StdoutLine: {'line': b'-- Installing: /home/onur/autonomous_robot/install/webots_ros2_driver/lib/python3.14/site-packages/controller/connector.py\n'}
[30.829238] (webots_ros2_driver) StdoutLine: {'line': b'-- Installing: /home/onur/autonomous_robot/install/webots_ros2_driver/lib/python3.14/site-packages/controller/device.py\n'}
[30.829292] (webots_ros2_driver) StdoutLine: {'line': b'-- Installing: /home/onur/autonomous_robot/install/webots_ros2_driver/lib/python3.14/site-packages/controller/range_finder.py\n'}
[30.829373] (webots_ros2_driver) StdoutLine: {'line': b'-- Installing: /home/onur/autonomous_robot/install/webots_ros2_driver/lib/python3.14/site-packages/controller/lidar.py\n'}
[30.829429] (webots_ros2_driver) StdoutLine: {'line': b'-- Installing: /home/onur/autonomous_robot/install/webots_ros2_driver/lib/python3.14/site-packages/controller/constants.py\n'}
[30.829505] (webots_ros2_driver) StdoutLine: {'line': b'-- Installing: /home/onur/autonomous_robot/install/webots_ros2_driver/lib/python3.14/site-packages/controller/wb.py\n'}
[30.829562] (webots_ros2_driver) StdoutLine: {'line': b'-- Installing: /home/onur/autonomous_robot/install/webots_ros2_driver/lib/python3.14/site-packages/controller/led.py\n'}
[30.829638] (webots_ros2_driver) StdoutLine: {'line': b'-- Installing: /home/onur/autonomous_robot/install/webots_ros2_driver/lib/python3.14/site-packages/controller/motor.py\n'}
[30.829697] (webots_ros2_driver) StdoutLine: {'line': b'-- Installing: /home/onur/autonomous_robot/install/webots_ros2_driver/lib/python3.14/site-packages/controller/field.py\n'}
[30.829766] (webots_ros2_driver) StdoutLine: {'line': b'-- Installing: /home/onur/autonomous_robot/install/webots_ros2_driver/lib/python3.14/site-packages/controller/receiver.py\n'}
[30.829813] (webots_ros2_driver) StdoutLine: {'line': b'-- Installing: /home/onur/autonomous_robot/install/webots_ros2_driver/lib/python3.14/site-packages/controller/radar_target.py\n'}
[30.829877] (webots_ros2_driver) StdoutLine: {'line': b'-- Installing: /home/onur/autonomous_robot/install/webots_ros2_driver/lib/python3.14/site-packages/controller/sensor.py\n'}
[30.829948] (webots_ros2_driver) StdoutLine: {'line': b'-- Installing: /home/onur/autonomous_robot/install/webots_ros2_driver/lib/python3.14/site-packages/controller/position_sensor.py\n'}
[30.830057] (webots_ros2_driver) StdoutLine: {'line': b'-- Installing: /home/onur/autonomous_robot/install/webots_ros2_driver/lib/python3.14/site-packages/controller/altimeter.py\n'}
[30.830109] (webots_ros2_driver) StdoutLine: {'line': b'-- Installing: /home/onur/autonomous_robot/install/webots_ros2_driver/lib/python3.14/site-packages/controller/robot.py\n'}
[30.830180] (webots_ros2_driver) StdoutLine: {'line': b'-- Installing: /home/onur/autonomous_robot/install/webots_ros2_driver/lib/python3.14/site-packages/controller/camera.py\n'}
[30.830232] (webots_ros2_driver) StdoutLine: {'line': b'-- Installing: /home/onur/autonomous_robot/install/webots_ros2_driver/lib/python3.14/site-packages/controller/supervisor.py\n'}
[30.830302] (webots_ros2_driver) StdoutLine: {'line': b'-- Installing: /home/onur/autonomous_robot/install/webots_ros2_driver/lib/python3.14/site-packages/controller/keyboard.py\n'}
[30.830353] (webots_ros2_driver) StdoutLine: {'line': b'-- Installing: /home/onur/autonomous_robot/install/webots_ros2_driver/lib/python3.14/site-packages/controller/radar.py\n'}
[30.830424] (webots_ros2_driver) StdoutLine: {'line': b'-- Installing: /home/onur/autonomous_robot/install/webots_ros2_driver/lib/python3.14/site-packages/controller/light_sensor.py\n'}
[30.830486] (webots_ros2_driver) StdoutLine: {'line': b'-- Installing: /home/onur/autonomous_robot/install/webots_ros2_driver/lib/python3.14/site-packages/controller/touch_sensor.py\n'}
[30.830533] (webots_ros2_driver) StdoutLine: {'line': b'-- Installing: /home/onur/autonomous_robot/install/webots_ros2_driver/lib/python3.14/site-packages/controller/pen.py\n'}
[30.830604] (webots_ros2_driver) StdoutLine: {'line': b'-- Installing: /home/onur/autonomous_robot/install/webots_ros2_driver/lib/python3.14/site-packages/controller/gps.py\n'}
[30.830653] (webots_ros2_driver) StdoutLine: {'line': b'-- Installing: /home/onur/autonomous_robot/install/webots_ros2_driver/lib/python3.14/site-packages/controller/emitter.py\n'}
[30.830720] (webots_ros2_driver) StdoutLine: {'line': b'-- Installing: /home/onur/autonomous_robot/install/webots_ros2_driver/lib/python3.14/site-packages/controller/skin.py\n'}
[30.830779] (webots_ros2_driver) StdoutLine: {'line': b'-- Installing: /home/onur/autonomous_robot/install/webots_ros2_driver/lib/python3.14/site-packages/controller/display.py\n'}
[30.830850] (webots_ros2_driver) StdoutLine: {'line': b'-- Installing: /home/onur/autonomous_robot/install/webots_ros2_driver/lib/python3.14/site-packages/controller/motion.py\n'}
[30.830915] (webots_ros2_driver) StdoutLine: {'line': b'-- Installing: /home/onur/autonomous_robot/install/webots_ros2_driver/lib/python3.14/site-packages/controller/lidar_point.py\n'}
[30.830969] (webots_ros2_driver) StdoutLine: {'line': b'-- Installing: /home/onur/autonomous_robot/install/webots_ros2_driver/lib/python3.14/site-packages/controller/speaker.py\n'}
[30.831016] (webots_ros2_driver) StdoutLine: {'line': b'-- Installing: /home/onur/autonomous_robot/install/webots_ros2_driver/lib/python3.14/site-packages/controller/brake.py\n'}
[30.831080] (webots_ros2_driver) StdoutLine: {'line': b'-- Installing: /home/onur/autonomous_robot/install/webots_ros2_driver/lib/python3.14/site-packages/controller/__init__.py\n'}
[30.831127] (webots_ros2_driver) StdoutLine: {'line': b'-- Installing: /home/onur/autonomous_robot/install/webots_ros2_driver/lib/python3.14/site-packages/controller/proto.py\n'}
[30.831184] (webots_ros2_driver) StdoutLine: {'line': b'-- Installing: /home/onur/autonomous_robot/install/webots_ros2_driver/lib/python3.14/site-packages/controller/vacuum_gripper.py\n'}
[30.831254] (webots_ros2_driver) StdoutLine: {'line': b'-- Installing: /home/onur/autonomous_robot/install/webots_ros2_driver/lib/python3.14/site-packages/controller/compass.py\n'}
[30.831302] (webots_ros2_driver) StdoutLine: {'line': b'-- Installing: /home/onur/autonomous_robot/install/webots_ros2_driver/lib/python3.14/site-packages/controller/mouse.py\n'}
[30.831361] (webots_ros2_driver) StdoutLine: {'line': b'-- Installing: /home/onur/autonomous_robot/install/webots_ros2_driver/lib/python3.14/site-packages/controller/distance_sensor.py\n'}
[30.891042] (webots_ros2_driver) StdoutLine: {'line': b"Listing '/home/onur/autonomous_robot/install/webots_ros2_driver/lib/python3.14/site-packages/controller'...\n"}
[30.891151] (webots_ros2_driver) StdoutLine: {'line': b"Compiling '/home/onur/autonomous_robot/install/webots_ros2_driver/lib/python3.14/site-packages/controller/__init__.py'...\n"}
[30.891187] (webots_ros2_driver) StdoutLine: {'line': b"Compiling '/home/onur/autonomous_robot/install/webots_ros2_driver/lib/python3.14/site-packages/controller/accelerometer.py'...\n"}
[30.891217] (webots_ros2_driver) StdoutLine: {'line': b"Compiling '/home/onur/autonomous_robot/install/webots_ros2_driver/lib/python3.14/site-packages/controller/altimeter.py'...\n"}
[30.891245] (webots_ros2_driver) StdoutLine: {'line': b"Compiling '/home/onur/autonomous_robot/install/webots_ros2_driver/lib/python3.14/site-packages/controller/ansi_codes.py'...\n"}
[30.891271] (webots_ros2_driver) StdoutLine: {'line': b"Compiling '/home/onur/autonomous_robot/install/webots_ros2_driver/lib/python3.14/site-packages/controller/brake.py'...\n"}
[30.891295] (webots_ros2_driver) StdoutLine: {'line': b"Compiling '/home/onur/autonomous_robot/install/webots_ros2_driver/lib/python3.14/site-packages/controller/camera.py'...\n"}
[30.891321] (webots_ros2_driver) StdoutLine: {'line': b"Compiling '/home/onur/autonomous_robot/install/webots_ros2_driver/lib/python3.14/site-packages/controller/compass.py'...\n"}
[30.891346] (webots_ros2_driver) StdoutLine: {'line': b"Compiling '/home/onur/autonomous_robot/install/webots_ros2_driver/lib/python3.14/site-packages/controller/connector.py'...\n"}
[30.891371] (webots_ros2_driver) StdoutLine: {'line': b"Compiling '/home/onur/autonomous_robot/install/webots_ros2_driver/lib/python3.14/site-packages/controller/constants.py'...\n"}
[30.891396] (webots_ros2_driver) StdoutLine: {'line': b"Compiling '/home/onur/autonomous_robot/install/webots_ros2_driver/lib/python3.14/site-packages/controller/device.py'...\n"}
[30.891420] (webots_ros2_driver) StdoutLine: {'line': b"Compiling '/home/onur/autonomous_robot/install/webots_ros2_driver/lib/python3.14/site-packages/controller/display.py'...\n"}
[30.891444] (webots_ros2_driver) StdoutLine: {'line': b"Compiling '/home/onur/autonomous_robot/install/webots_ros2_driver/lib/python3.14/site-packages/controller/distance_sensor.py'...\n"}
[30.891478] (webots_ros2_driver) StdoutLine: {'line': b"Compiling '/home/onur/autonomous_robot/install/webots_ros2_driver/lib/python3.14/site-packages/controller/emitter.py'...\n"}
[30.891501] (webots_ros2_driver) StdoutLine: {'line': b"Compiling '/home/onur/autonomous_robot/install/webots_ros2_driver/lib/python3.14/site-packages/controller/field.py'...\n"}
[30.891525] (webots_ros2_driver) StdoutLine: {'line': b"Compiling '/home/onur/autonomous_robot/install/webots_ros2_driver/lib/python3.14/site-packages/controller/gps.py'...\n"}
[30.891548] (webots_ros2_driver) StdoutLine: {'line': b"Compiling '/home/onur/autonomous_robot/install/webots_ros2_driver/lib/python3.14/site-packages/controller/gyro.py'...\n"}
[30.891577] (webots_ros2_driver) StdoutLine: {'line': b"Compiling '/home/onur/autonomous_robot/install/webots_ros2_driver/lib/python3.14/site-packages/controller/inertial_unit.py'...\n"}
[30.891601] (webots_ros2_driver) StdoutLine: {'line': b"Compiling '/home/onur/autonomous_robot/install/webots_ros2_driver/lib/python3.14/site-packages/controller/joystick.py'...\n"}
[30.891625] (webots_ros2_driver) StdoutLine: {'line': b"Compiling '/home/onur/autonomous_robot/install/webots_ros2_driver/lib/python3.14/site-packages/controller/keyboard.py'...\n"}
[30.891647] (webots_ros2_driver) StdoutLine: {'line': b"Compiling '/home/onur/autonomous_robot/install/webots_ros2_driver/lib/python3.14/site-packages/controller/led.py'...\n"}
[30.891671] (webots_ros2_driver) StdoutLine: {'line': b"Compiling '/home/onur/autonomous_robot/install/webots_ros2_driver/lib/python3.14/site-packages/controller/lidar.py'...\n"}
[30.891695] (webots_ros2_driver) StdoutLine: {'line': b"Compiling '/home/onur/autonomous_robot/install/webots_ros2_driver/lib/python3.14/site-packages/controller/lidar_point.py'...\n"}
[30.891718] (webots_ros2_driver) StdoutLine: {'line': b"Compiling '/home/onur/autonomous_robot/install/webots_ros2_driver/lib/python3.14/site-packages/controller/light_sensor.py'...\n"}
[30.891741] (webots_ros2_driver) StdoutLine: {'line': b"Compiling '/home/onur/autonomous_robot/install/webots_ros2_driver/lib/python3.14/site-packages/controller/motion.py'...\n"}
[30.891764] (webots_ros2_driver) StdoutLine: {'line': b"Compiling '/home/onur/autonomous_robot/install/webots_ros2_driver/lib/python3.14/site-packages/controller/motor.py'...\n"}
[30.891787] (webots_ros2_driver) StdoutLine: {'line': b"Compiling '/home/onur/autonomous_robot/install/webots_ros2_driver/lib/python3.14/site-packages/controller/mouse.py'...\n"}
[30.891812] (webots_ros2_driver) StdoutLine: {'line': b"Compiling '/home/onur/autonomous_robot/install/webots_ros2_driver/lib/python3.14/site-packages/controller/node.py'...\n"}
[30.891838] (webots_ros2_driver) StdoutLine: {'line': b"Compiling '/home/onur/autonomous_robot/install/webots_ros2_driver/lib/python3.14/site-packages/controller/pen.py'...\n"}
[30.891861] (webots_ros2_driver) StdoutLine: {'line': b"Compiling '/home/onur/autonomous_robot/install/webots_ros2_driver/lib/python3.14/site-packages/controller/position_sensor.py'...\n"}
[30.891890] (webots_ros2_driver) StdoutLine: {'line': b"Compiling '/home/onur/autonomous_robot/install/webots_ros2_driver/lib/python3.14/site-packages/controller/proto.py'...\n"}
[30.891918] (webots_ros2_driver) StdoutLine: {'line': b"Compiling '/home/onur/autonomous_robot/install/webots_ros2_driver/lib/python3.14/site-packages/controller/radar.py'...\n"}
[30.891941] (webots_ros2_driver) StdoutLine: {'line': b"Compiling '/home/onur/autonomous_robot/install/webots_ros2_driver/lib/python3.14/site-packages/controller/radar_target.py'...\n"}
[30.891964] (webots_ros2_driver) StdoutLine: {'line': b"Compiling '/home/onur/autonomous_robot/install/webots_ros2_driver/lib/python3.14/site-packages/controller/range_finder.py'...\n"}
[30.891986] (webots_ros2_driver) StdoutLine: {'line': b"Compiling '/home/onur/autonomous_robot/install/webots_ros2_driver/lib/python3.14/site-packages/controller/receiver.py'...\n"}
[30.892011] (webots_ros2_driver) StdoutLine: {'line': b"Compiling '/home/onur/autonomous_robot/install/webots_ros2_driver/lib/python3.14/site-packages/controller/robot.py'...\n"}
[30.892103] (webots_ros2_driver) StdoutLine: {'line': b"Compiling '/home/onur/autonomous_robot/install/webots_ros2_driver/lib/python3.14/site-packages/controller/sensor.py'...\n"}
[30.892147] (webots_ros2_driver) StdoutLine: {'line': b"Compiling '/home/onur/autonomous_robot/install/webots_ros2_driver/lib/python3.14/site-packages/controller/skin.py'...\n"}
[30.892176] (webots_ros2_driver) StdoutLine: {'line': b"Compiling '/home/onur/autonomous_robot/install/webots_ros2_driver/lib/python3.14/site-packages/controller/speaker.py'...\n"}
[30.892204] (webots_ros2_driver) StdoutLine: {'line': b"Compiling '/home/onur/autonomous_robot/install/webots_ros2_driver/lib/python3.14/site-packages/controller/supervisor.py'...\n"}
[30.892239] (webots_ros2_driver) StdoutLine: {'line': b"Compiling '/home/onur/autonomous_robot/install/webots_ros2_driver/lib/python3.14/site-packages/controller/touch_sensor.py'...\n"}
[30.892264] (webots_ros2_driver) StdoutLine: {'line': b"Compiling '/home/onur/autonomous_robot/install/webots_ros2_driver/lib/python3.14/site-packages/controller/vacuum_gripper.py'...\n"}
[30.892289] (webots_ros2_driver) StdoutLine: {'line': b"Compiling '/home/onur/autonomous_robot/install/webots_ros2_driver/lib/python3.14/site-packages/controller/wb.py'...\n"}
[30.895967] (webots_ros2_driver) StdoutLine: {'line': b'-- Installing: /home/onur/autonomous_robot/install/webots_ros2_driver/lib/python3.14/site-packages/vehicle-2025.0.1-py3.14.egg-info\n'}
[30.896045] (webots_ros2_driver) StdoutLine: {'line': b'-- Installing: /home/onur/autonomous_robot/install/webots_ros2_driver/lib/python3.14/site-packages/vehicle-2025.0.1-py3.14.egg-info/dependency_links.txt\n'}
[30.896084] (webots_ros2_driver) StdoutLine: {'line': b'-- Installing: /home/onur/autonomous_robot/install/webots_ros2_driver/lib/python3.14/site-packages/vehicle-2025.0.1-py3.14.egg-info/PKG-INFO\n'}
[30.896124] (webots_ros2_driver) StdoutLine: {'line': b'-- Installing: /home/onur/autonomous_robot/install/webots_ros2_driver/lib/python3.14/site-packages/vehicle-2025.0.1-py3.14.egg-info/SOURCES.txt\n'}
[30.896153] (webots_ros2_driver) StdoutLine: {'line': b'-- Installing: /home/onur/autonomous_robot/install/webots_ros2_driver/lib/python3.14/site-packages/vehicle-2025.0.1-py3.14.egg-info/top_level.txt\n'}
[30.896283] (webots_ros2_driver) StdoutLine: {'line': b'-- Installing: /home/onur/autonomous_robot/install/webots_ros2_driver/lib/python3.14/site-packages/vehicle\n'}
[30.896353] (webots_ros2_driver) StdoutLine: {'line': b'-- Installing: /home/onur/autonomous_robot/install/webots_ros2_driver/lib/python3.14/site-packages/vehicle/car.py\n'}
[30.896385] (webots_ros2_driver) StdoutLine: {'line': b'-- Installing: /home/onur/autonomous_robot/install/webots_ros2_driver/lib/python3.14/site-packages/vehicle/driver.py\n'}
[30.896421] (webots_ros2_driver) StdoutLine: {'line': b'-- Installing: /home/onur/autonomous_robot/install/webots_ros2_driver/lib/python3.14/site-packages/vehicle/__init__.py\n'}
[30.913034] (-) TimerEvent: {}
[30.931036] (webots_ros2_driver) StdoutLine: {'line': b"Listing '/home/onur/autonomous_robot/install/webots_ros2_driver/lib/python3.14/site-packages/vehicle'...\n"}
[30.931136] (webots_ros2_driver) StdoutLine: {'line': b"Compiling '/home/onur/autonomous_robot/install/webots_ros2_driver/lib/python3.14/site-packages/vehicle/__init__.py'...\n"}
[30.931170] (webots_ros2_driver) StdoutLine: {'line': b"Compiling '/home/onur/autonomous_robot/install/webots_ros2_driver/lib/python3.14/site-packages/vehicle/car.py'...\n"}
[30.931200] (webots_ros2_driver) StdoutLine: {'line': b"Compiling '/home/onur/autonomous_robot/install/webots_ros2_driver/lib/python3.14/site-packages/vehicle/driver.py'...\n"}
[30.935843] (webots_ros2_driver) StdoutLine: {'line': b'-- Installing: /home/onur/autonomous_robot/install/webots_ros2_driver/lib/python3.14/site-packages/webots_ros2_driver-2025.0.1-py3.14.egg-info\n'}
[30.935985] (webots_ros2_driver) StdoutLine: {'line': b'-- Installing: /home/onur/autonomous_robot/install/webots_ros2_driver/lib/python3.14/site-packages/webots_ros2_driver-2025.0.1-py3.14.egg-info/dependency_links.txt\n'}
[30.936029] (webots_ros2_driver) StdoutLine: {'line': b'-- Installing: /home/onur/autonomous_robot/install/webots_ros2_driver/lib/python3.14/site-packages/webots_ros2_driver-2025.0.1-py3.14.egg-info/PKG-INFO\n'}
[30.936061] (webots_ros2_driver) StdoutLine: {'line': b'-- Installing: /home/onur/autonomous_robot/install/webots_ros2_driver/lib/python3.14/site-packages/webots_ros2_driver-2025.0.1-py3.14.egg-info/SOURCES.txt\n'}
[30.936236] (webots_ros2_driver) StdoutLine: {'line': b'-- Installing: /home/onur/autonomous_robot/install/webots_ros2_driver/lib/python3.14/site-packages/webots_ros2_driver-2025.0.1-py3.14.egg-info/top_level.txt\n'}
[30.936281] (webots_ros2_driver) StdoutLine: {'line': b'-- Installing: /home/onur/autonomous_robot/install/webots_ros2_driver/lib/python3.14/site-packages/webots_ros2_driver\n'}
[30.936311] (webots_ros2_driver) StdoutLine: {'line': b'-- Installing: /home/onur/autonomous_robot/install/webots_ros2_driver/lib/python3.14/site-packages/webots_ros2_driver/wait_for_controller_connection.py\n'}
[30.936340] (webots_ros2_driver) StdoutLine: {'line': b'-- Installing: /home/onur/autonomous_robot/install/webots_ros2_driver/lib/python3.14/site-packages/webots_ros2_driver/webots_launcher.py\n'}
[30.936366] (webots_ros2_driver) StdoutLine: {'line': b'-- Installing: /home/onur/autonomous_robot/install/webots_ros2_driver/lib/python3.14/site-packages/webots_ros2_driver/urdf_spawner.py\n'}
[30.936405] (webots_ros2_driver) StdoutLine: {'line': b'-- Installing: /home/onur/autonomous_robot/install/webots_ros2_driver/lib/python3.14/site-packages/webots_ros2_driver/utils.py\n'}
[30.936431] (webots_ros2_driver) StdoutLine: {'line': b'-- Installing: /home/onur/autonomous_robot/install/webots_ros2_driver/lib/python3.14/site-packages/webots_ros2_driver/ros2_supervisor.py\n'}
[30.936456] (webots_ros2_driver) StdoutLine: {'line': b'-- Installing: /home/onur/autonomous_robot/install/webots_ros2_driver/lib/python3.14/site-packages/webots_ros2_driver/webots_controller.py\n'}
[30.936482] (webots_ros2_driver) StdoutLine: {'line': b'-- Installing: /home/onur/autonomous_robot/install/webots_ros2_driver/lib/python3.14/site-packages/webots_ros2_driver/__init__.py\n'}
[30.975381] (webots_ros2_driver) StdoutLine: {'line': b"Listing '/home/onur/autonomous_robot/install/webots_ros2_driver/lib/python3.14/site-packages/webots_ros2_driver'...\n"}
[30.975472] (webots_ros2_driver) StdoutLine: {'line': b"Compiling '/home/onur/autonomous_robot/install/webots_ros2_driver/lib/python3.14/site-packages/webots_ros2_driver/__init__.py'...\n"}
[30.975506] (webots_ros2_driver) StdoutLine: {'line': b"Compiling '/home/onur/autonomous_robot/install/webots_ros2_driver/lib/python3.14/site-packages/webots_ros2_driver/ros2_supervisor.py'...\n"}
[30.975537] (webots_ros2_driver) StdoutLine: {'line': b"Compiling '/home/onur/autonomous_robot/install/webots_ros2_driver/lib/python3.14/site-packages/webots_ros2_driver/urdf_spawner.py'...\n"}
[30.975565] (webots_ros2_driver) StdoutLine: {'line': b"Compiling '/home/onur/autonomous_robot/install/webots_ros2_driver/lib/python3.14/site-packages/webots_ros2_driver/utils.py'...\n"}
[30.975591] (webots_ros2_driver) StdoutLine: {'line': b"Compiling '/home/onur/autonomous_robot/install/webots_ros2_driver/lib/python3.14/site-packages/webots_ros2_driver/wait_for_controller_connection.py'...\n"}
[30.975617] (webots_ros2_driver) StdoutLine: {'line': b"Compiling '/home/onur/autonomous_robot/install/webots_ros2_driver/lib/python3.14/site-packages/webots_ros2_driver/webots_controller.py'...\n"}
[30.975643] (webots_ros2_driver) StdoutLine: {'line': b"Compiling '/home/onur/autonomous_robot/install/webots_ros2_driver/lib/python3.14/site-packages/webots_ros2_driver/webots_launcher.py'...\n"}
[30.980227] (webots_ros2_driver) StdoutLine: {'line': b'-- Installing: /home/onur/autonomous_robot/install/webots_ros2_driver/share/webots_ros2_driver/cmake/ament_cmake_export_include_directories-extras.cmake\n'}
[30.980309] (webots_ros2_driver) StdoutLine: {'line': b'-- Installing: /home/onur/autonomous_robot/install/webots_ros2_driver/share/webots_ros2_driver/cmake/ament_cmake_export_dependencies-extras.cmake\n'}
[30.980345] (webots_ros2_driver) StdoutLine: {'line': b'-- Installing: /home/onur/autonomous_robot/install/webots_ros2_driver/share/webots_ros2_driver/cmake/ament_cmake_export_libraries-extras.cmake\n'}
[30.980475] (webots_ros2_driver) StdoutLine: {'line': b'-- Installing: /home/onur/autonomous_robot/install/webots_ros2_driver/share/webots_ros2_driver/cmake/webots_ros2_driverConfig.cmake\n'}
[30.980550] (webots_ros2_driver) StdoutLine: {'line': b'-- Installing: /home/onur/autonomous_robot/install/webots_ros2_driver/share/webots_ros2_driver/cmake/webots_ros2_driverConfig-version.cmake\n'}
[30.980584] (webots_ros2_driver) StdoutLine: {'line': b'-- Installing: /home/onur/autonomous_robot/install/webots_ros2_driver/share/webots_ros2_driver/package.xml\n'}
[30.982129] (webots_ros2_driver) CommandEnded: {'returncode': 0}
[30.997909] (webots_ros2_driver) JobEnded: {'identifier': 'webots_ros2_driver', 'rc': 0}
[30.998439] (webots_ros2_control) JobStarted: {'identifier': 'webots_ros2_control'}
[31.000955] (webots_ros2_mavic) JobStarted: {'identifier': 'webots_ros2_mavic'}
[31.004482] (webots_ros2_tesla) JobStarted: {'identifier': 'webots_ros2_tesla'}
[31.008165] (webots_ros2_crazyflie) JobStarted: {'identifier': 'webots_ros2_crazyflie'}
[31.013290] (-) TimerEvent: {}
[31.013927] (my_robot_pkg) JobStarted: {'identifier': 'my_robot_pkg'}
[31.018695] (webots_ros2_control) JobProgress: {'identifier': 'webots_ros2_control', 'progress': 'cmake'}
[31.018908] (webots_ros2_control) Command: {'cmd': ['/usr/bin/cmake', '/home/onur/autonomous_robot/src/webots_ros2/webots_ros2_control', '-DCMAKE_INSTALL_PREFIX=/home/onur/autonomous_robot/install/webots_ros2_control'], 'cwd': '/home/onur/autonomous_robot/build/webots_ros2_control', 'env': OrderedDict({'LESSOPEN': '| /usr/bin/lesspipe %s', 'USER': 'onur', 'GZ_CONFIG_PATH': '/opt/ros/lyrical/opt/sdformat_vendor/share/gz', 'XDG_SESSION_TYPE': 'wayland', 'PTYXIS_VERSION': '50.1', 'SHLVL': '1', 'LD_LIBRARY_PATH': '/home/onur/autonomous_robot/install/webots_ros2_driver/lib:/home/onur/autonomous_robot/install/webots_ros2_msgs/lib:/opt/ros/lyrical/opt/sdformat_vendor/lib:/opt/ros/lyrical/opt/gz_tools_vendor/lib:/opt/ros/lyrical/opt/gz_math_vendor/lib:/opt/ros/lyrical/opt/gz_utils_vendor/lib:/opt/ros/lyrical/opt/rviz_ogre_vendor/lib:/opt/ros/lyrical/lib/x86_64-linux-gnu:/opt/ros/lyrical/opt/gz_cmake_vendor/lib:/opt/ros/lyrical/lib', 'HOME': '/home/onur', 'OLDPWD': '/home/onur/autonomous_robot/src/webots_ros2', 'DESKTOP_SESSION': 'ubuntu', 'NVM_BIN': '/home/onur/.nvm/versions/node/v24.20.0/bin', 'NVM_INC': '/home/onur/.nvm/versions/node/v24.20.0/include/node', 'IM_CONFIG_ENTRY': 'profile', 'ROS_PYTHON_VERSION': '3', 'GTK_MODULES': 'gail:atk-bridge', 'MANAGERPID': '5622', 'DBUS_STARTER_BUS_TYPE': 'session', 'SYSTEMD_EXEC_PID': '5679', 'DBUS_SESSION_BUS_ADDRESS': 'unix:path=/run/user/1000/bus,guid=3e7ce15796779a58c58491916aa4375c', 'COLORTERM': 'truecolor', 'NVM_DIR': '/home/onur/.nvm', 'DEBUGINFOD_URLS': 'https://debuginfod.ubuntu.com', 'WAYLAND_DISPLAY': 'wayland-0', 'COLCON_PREFIX_PATH': '/home/onur/autonomous_robot/install', 'ROS_DISTRO': 'lyrical', 'LOGNAME': 'onur', 'MANAGERPIDFDID': '12827', '_': '/usr/bin/colcon', 'ROS_VERSION': '2', 'MEMORY_PRESSURE_WATCH': '/sys/fs/cgroup/user.slice/user-1000.slice/user@1000.service/session.slice/dbus.service/memory.pressure', 'XDG_SESSION_CLASS': 'user', 'USERNAME': 'onur', 'TERM': 'xterm-256color', 'GNOME_DESKTOP_SESSION_ID': 'this-is-deprecated', 'FLATPAK_TTY_PROGRESS': '1', 'PATH': '/opt/ros/lyrical/opt/gz_tools_vendor/bin:/opt/ros/lyrical/bin:/home/onur/.opencode/bin:/home/onur/.nvm/versions/node/v24.20.0/bin:/home/onur/.local/bin:/home/onur/.local/bin:/home/onur/.local/bin:/home/onur/.local/bin:/usr/local/sbin:/usr/local/bin:/usr/sbin:/usr/bin:/sbin:/bin:/usr/games:/usr/local/games:/snap/bin:/snap/bin:/home/onur/webots', 'INVOCATION_ID': '83eb2fbf06af433aae37214d63a74bec', 'XDG_MENU_PREFIX': 'gnome-', 'PTYXIS_PROFILE': '82a4d075e8ab3fd0d3bfb7fa6a8dfdba', 'GNOME_SETUP_DISPLAY': 'unix:/tmp/.X11-unix/X1', 'XDG_RUNTIME_DIR': '/run/user/1000', 'DISPLAY': ':0', 'LANG': 'en_US.UTF-8', 'XDG_CURRENT_DESKTOP': 'ubuntu:GNOME', 'XMODIFIERS': '@im=ibus', 'XDG_SESSION_DESKTOP': 'ubuntu', 'XAUTHORITY': '/run/user/1000/.mutter-Xwaylandauth.H8PHV3', 'LS_COLORS': 'rs=0:di=01;34:ln=01;36:mh=00:pi=40;33:so=01;35:do=01;35:bd=40;33;01:cd=40;33;01:or=40;31;01:mi=00:su=37;41:sg=30;43:ca=00:tw=30;42:ow=34;42:st=37;44:ex=01;32:*.tar=01;31:*.tgz=01;31:*.arc=01;31:*.arj=01;31:*.taz=01;31:*.lha=01;31:*.lz4=01;31:*.lzh=01;31:*.lzma=01;31:*.tlz=01;31:*.txz=01;31:*.tzo=01;31:*.t7z=01;31:*.zip=01;31:*.z=01;31:*.dz=01;31:*.gz=01;31:*.lrz=01;31:*.lz=01;31:*.lzo=01;31:*.xz=01;31:*.zst=01;31:*.tzst=01;31:*.bz2=01;31:*.bz=01;31:*.tbz=01;31:*.tbz2=01;31:*.tz=01;31:*.deb=01;31:*.rpm=01;31:*.jar=01;31:*.war=01;31:*.ear=01;31:*.sar=01;31:*.rar=01;31:*.alz=01;31:*.ace=01;31:*.zoo=01;31:*.cpio=01;31:*.7z=01;31:*.rz=01;31:*.cab=01;31:*.wim=01;31:*.swm=01;31:*.dwm=01;31:*.esd=01;31:*.avif=01;35:*.jpg=01;35:*.jpeg=01;35:*.mjpg=01;35:*.mjpeg=01;35:*.gif=01;35:*.bmp=01;35:*.pbm=01;35:*.pgm=01;35:*.ppm=01;35:*.tga=01;35:*.xbm=01;35:*.xpm=01;35:*.tif=01;35:*.tiff=01;35:*.png=01;35:*.svg=01;35:*.svgz=01;35:*.mng=01;35:*.pcx=01;35:*.mov=01;35:*.mpg=01;35:*.mpeg=01;35:*.m2v=01;35:*.mkv=01;35:*.webm=01;35:*.webp=01;35:*.ogm=01;35:*.mp4=01;35:*.m4v=01;35:*.mp4v=01;35:*.vob=01;35:*.qt=01;35:*.nuv=01;35:*.wmv=01;35:*.asf=01;35:*.rm=01;35:*.rmvb=01;35:*.flc=01;35:*.avi=01;35:*.fli=01;35:*.flv=01;35:*.gl=01;35:*.dl=01;35:*.xcf=01;35:*.xwd=01;35:*.yuv=01;35:*.cgm=01;35:*.emf=01;35:*.ogv=01;35:*.ogx=01;35:*.aac=00;36:*.au=00;36:*.flac=00;36:*.m4a=00;36:*.mid=00;36:*.midi=00;36:*.mka=00;36:*.mp3=00;36:*.mpc=00;36:*.ogg=00;36:*.ra=00;36:*.wav=00;36:*.oga=00;36:*.opus=00;36:*.spx=00;36:*.xspf=00;36:*~=00;90:*#=00;90:*.bak=00;90:*.old=00;90:*.orig=00;90:*.part=00;90:*.rej=00;90:*.swp=00;90:*.tmp=00;90:*.dpkg-dist=00;90:*.dpkg-old=00;90:*.ucf-dist=00;90:*.ucf-new=00;90:*.ucf-old=00;90:*.rpmnew=00;90:*.rpmorig=00;90:*.rpmsave=00;90:', 'SSH_AUTH_SOCK': '/run/user/1000/gcr/ssh', 'AMENT_PREFIX_PATH': '/home/onur/autonomous_robot/install/webots_ros2_driver:/home/onur/autonomous_robot/install/webots_ros2_msgs:/home/onur/autonomous_robot/install/webots_ros2_importer:/opt/ros/lyrical', 'SHELL': '/bin/bash', 'QT_ACCESSIBILITY': '1', 'GDMSESSION': 'ubuntu', 'WEBOTS_HOME': '/home/onur/webots', 'LESSCLOSE': '/usr/bin/lesspipe %s %s', 'GPG_AGENT_INFO': '/run/user/1000/gnupg/S.gpg-agent:0:1', 'ROS_AUTOMATIC_DISCOVERY_RANGE': 'SUBNET', 'QT_IM_MODULE': 'ibus', 'PWD': '/home/onur/autonomous_robot/build/webots_ros2_control', 'XDG_CONFIG_DIRS': '/etc/xdg/xdg-ubuntu:/etc/xdg', 'NVM_CD_FLAGS': '', 'DBUS_STARTER_ADDRESS': 'unix:path=/run/user/1000/bus,guid=3e7ce15796779a58c58491916aa4375c', 'XDG_DATA_DIRS': '/usr/share/ubuntu:/usr/share/gnome:/usr/local/share/:/usr/share/:/var/lib/snapd/desktop', 'XDG_SESSION_EXTRA_DEVICE_ACCESS': 'render:accel', 'PYTHONPATH': '/home/onur/autonomous_robot/install/webots_ros2_driver/lib/python3.14/site-packages:/home/onur/autonomous_robot/install/webots_ros2_msgs/lib/python3.14/site-packages:/home/onur/autonomous_robot/install/webots_ros2_importer/lib/python3.14/site-packages:/opt/ros/lyrical/opt/sdformat_vendor/lib/python:/opt/ros/lyrical/opt/gz_math_vendor/lib/python:/opt/ros/lyrical/lib/python3.14/site-packages', 'COLCON': '1', 'QT_IM_MODULES': 'wayland;ibus', 'MEMORY_PRESSURE_WRITE': 'c29tZSAyMDAwMDAgMjAwMDAwMAA=', 'VTE_VERSION': '8400', 'CMAKE_PREFIX_PATH': '/home/onur/autonomous_robot/install/webots_ros2_driver:/home/onur/autonomous_robot/install/webots_ros2_msgs:/opt/ros/lyrical/opt/sdformat_vendor:/opt/ros/lyrical/opt/gz_tools_vendor:/opt/ros/lyrical/opt/gz_math_vendor:/opt/ros/lyrical/opt/gz_utils_vendor:/opt/ros/lyrical/opt/gz_cmake_vendor:/opt/ros/lyrical'}), 'shell': False}
[31.113409] (-) TimerEvent: {}
[31.213643] (-) TimerEvent: {}
[31.313867] (-) TimerEvent: {}
[31.330536] (webots_ros2_control) StderrLine: {'line': b'\x1b[0mCMake Deprecation Warning at CMakeLists.txt:1 (cmake_minimum_required):\n'}
[31.330638] (webots_ros2_control) StderrLine: {'line': b'  Compatibility with CMake < 3.10 will be removed from a future version of\n'}
[31.330672] (webots_ros2_control) StderrLine: {'line': b'  CMake.\n'}
[31.330705] (webots_ros2_control) StderrLine: {'line': b'\n'}
[31.330734] (webots_ros2_control) StderrLine: {'line': b'  Update the VERSION argument <min> value.  Or, use the <min>...<max> syntax\n'}
[31.330763] (webots_ros2_control) StderrLine: {'line': b'  to tell CMake that the project requires at least <min> but has been updated\n'}
[31.330791] (webots_ros2_control) StderrLine: {'line': b'  to work with policies introduced by <max> or earlier.\n'}
[31.330838] (webots_ros2_control) StderrLine: {'line': b'\n'}
[31.330866] (webots_ros2_control) StderrLine: {'line': b'\x1b[0m\n'}
[31.330900] (webots_ros2_control) StdoutLine: {'line': b'-- The C compiler identification is GNU 15.2.0\n'}
[31.330962] (webots_ros2_control) StdoutLine: {'line': b'-- The CXX compiler identification is GNU 15.2.0\n'}
[31.330992] (webots_ros2_control) StdoutLine: {'line': b'-- Detecting C compiler ABI info\n'}
[31.331019] (webots_ros2_control) StdoutLine: {'line': b'-- Detecting C compiler ABI info - done\n'}
[31.331045] (webots_ros2_control) StdoutLine: {'line': b'-- Check for working C compiler: /usr/bin/cc - skipped\n'}
[31.331071] (webots_ros2_control) StdoutLine: {'line': b'-- Detecting C compile features\n'}
[31.331098] (webots_ros2_control) StdoutLine: {'line': b'-- Detecting C compile features - done\n'}
[31.331123] (webots_ros2_control) StdoutLine: {'line': b'-- Detecting CXX compiler ABI info\n'}
[31.331148] (webots_ros2_control) StdoutLine: {'line': b'-- Detecting CXX compiler ABI info - done\n'}
[31.331171] (webots_ros2_control) StdoutLine: {'line': b'-- Check for working CXX compiler: /usr/bin/c++ - skipped\n'}
[31.331195] (webots_ros2_control) StdoutLine: {'line': b'-- Detecting CXX compile features\n'}
[31.331220] (webots_ros2_control) StdoutLine: {'line': b'-- Detecting CXX compile features - done\n'}
[31.331244] (webots_ros2_control) StdoutLine: {'line': b'-- Found ament_cmake: 2.8.8 (/opt/ros/lyrical/share/ament_cmake/cmake)\n'}
[31.413964] (-) TimerEvent: {}
[31.504056] (webots_ros2_control) StdoutLine: {'line': b'-- Found hardware_interface: 6.9.0 (/opt/ros/lyrical/share/hardware_interface/cmake)\n'}
[31.514080] (-) TimerEvent: {}
[31.532985] (webots_ros2_control) StdoutLine: {'line': b'-- Found rosidl_generator_c: 5.2.1 (/opt/ros/lyrical/share/rosidl_generator_c/cmake)\n'}
[31.539536] (webots_ros2_control) StdoutLine: {'line': b'-- Found rosidl_generator_cpp: 5.2.1 (/opt/ros/lyrical/share/rosidl_generator_cpp/cmake)\n'}
[31.550800] (webots_ros2_control) StdoutLine: {'line': b'-- Using all available rosidl_typesupport_c: rosidl_typesupport_fastrtps_c;rosidl_typesupport_introspection_c\n'}
[31.560732] (webots_ros2_control) StdoutLine: {'line': b'-- Using all available rosidl_typesupport_cpp: rosidl_typesupport_fastrtps_cpp;rosidl_typesupport_introspection_cpp\n'}
[31.614160] (-) TimerEvent: {}
[31.714389] (-) TimerEvent: {}
[31.777243] (webots_ros2_control) StdoutLine: {'line': b'-- Found rmw_implementation_cmake: 7.10.1 (/opt/ros/lyrical/share/rmw_implementation_cmake/cmake)\n'}
[31.779421] (webots_ros2_control) StdoutLine: {'line': b'-- Found rmw_fastrtps_cpp: 9.4.9 (/opt/ros/lyrical/share/rmw_fastrtps_cpp/cmake)\n'}
[31.802449] (webots_ros2_control) StdoutLine: {'line': b"-- Using RMW implementation 'rmw_fastrtps_cpp' as default\n"}
[31.814489] (-) TimerEvent: {}
[31.914692] (-) TimerEvent: {}
[31.954064] (webots_ros2_control) StderrLine: {'line': b'\x1b[33mCMake Warning (dev) at /opt/ros/lyrical/share/realtime_tools/cmake/ament_cmake_export_dependencies-extras.cmake:21 (find_package):\n'}
[31.954316] (webots_ros2_control) StderrLine: {'line': b'  Policy CMP0167 is not set: The FindBoost module is removed.  Run "cmake\n'}
[31.954415] (webots_ros2_control) StderrLine: {'line': b'  --help-policy CMP0167" for policy details.  Use the cmake_policy command to\n'}
[31.954502] (webots_ros2_control) StderrLine: {'line': b'  set the policy and suppress this warning.\n'}
[31.954586] (webots_ros2_control) StderrLine: {'line': b'\n'}
[31.954668] (webots_ros2_control) StderrLine: {'line': b'Call Stack (most recent call first):\n'}
[31.954749] (webots_ros2_control) StderrLine: {'line': b'  /opt/ros/lyrical/share/realtime_tools/cmake/realtime_toolsConfig.cmake:41 (include)\n'}
[31.954831] (webots_ros2_control) StderrLine: {'line': b'  /opt/ros/lyrical/share/hardware_interface/cmake/ament_cmake_export_dependencies-extras.cmake:21 (find_package)\n'}
[31.954937] (webots_ros2_control) StderrLine: {'line': b'  /opt/ros/lyrical/share/hardware_interface/cmake/hardware_interfaceConfig.cmake:41 (include)\n'}
[31.955048] (webots_ros2_control) StderrLine: {'line': b'  CMakeLists.txt:31 (find_package)\n'}
[31.955137] (webots_ros2_control) StderrLine: {'line': b'This warning is for project developers.  Use -Wno-dev to suppress it.\n'}
[31.955227] (webots_ros2_control) StderrLine: {'line': b'\x1b[0m\n'}
[31.976774] (webots_ros2_tesla) Command: {'cmd': ['/usr/bin/python3', '-W', 'ignore:setup.py install is deprecated', '-W', 'ignore:easy_install command is deprecated', 'setup.py', 'egg_info', '--egg-base', '../../../build/webots_ros2_tesla', 'build', '--build-base', '/home/onur/autonomous_robot/build/webots_ros2_tesla/build', 'install', '--record', '/home/onur/autonomous_robot/build/webots_ros2_tesla/install.log', '--install-scripts', '$base/lib/webots_ros2_tesla', '--single-version-externally-managed', 'install_data'], 'cwd': '/home/onur/autonomous_robot/src/webots_ros2/webots_ros2_tesla', 'env': {'LESSOPEN': '| /usr/bin/lesspipe %s', 'USER': 'onur', 'GZ_CONFIG_PATH': '/opt/ros/lyrical/opt/sdformat_vendor/share/gz', 'XDG_SESSION_TYPE': 'wayland', 'PTYXIS_VERSION': '50.1', 'SHLVL': '1', 'LD_LIBRARY_PATH': '/home/onur/autonomous_robot/install/webots_ros2_driver/lib:/home/onur/autonomous_robot/install/webots_ros2_msgs/lib:/opt/ros/lyrical/opt/sdformat_vendor/lib:/opt/ros/lyrical/opt/gz_tools_vendor/lib:/opt/ros/lyrical/opt/gz_math_vendor/lib:/opt/ros/lyrical/opt/gz_utils_vendor/lib:/opt/ros/lyrical/opt/rviz_ogre_vendor/lib:/opt/ros/lyrical/lib/x86_64-linux-gnu:/opt/ros/lyrical/opt/gz_cmake_vendor/lib:/opt/ros/lyrical/lib', 'HOME': '/home/onur', 'OLDPWD': '/home/onur/autonomous_robot/src/webots_ros2', 'DESKTOP_SESSION': 'ubuntu', 'NVM_BIN': '/home/onur/.nvm/versions/node/v24.20.0/bin', 'NVM_INC': '/home/onur/.nvm/versions/node/v24.20.0/include/node', 'IM_CONFIG_ENTRY': 'profile', 'ROS_PYTHON_VERSION': '3', 'GTK_MODULES': 'gail:atk-bridge', 'MANAGERPID': '5622', 'DBUS_STARTER_BUS_TYPE': 'session', 'SYSTEMD_EXEC_PID': '5679', 'DBUS_SESSION_BUS_ADDRESS': 'unix:path=/run/user/1000/bus,guid=3e7ce15796779a58c58491916aa4375c', 'COLORTERM': 'truecolor', 'NVM_DIR': '/home/onur/.nvm', 'DEBUGINFOD_URLS': 'https://debuginfod.ubuntu.com', 'WAYLAND_DISPLAY': 'wayland-0', 'COLCON_PREFIX_PATH': '/home/onur/autonomous_robot/install', 'ROS_DISTRO': 'lyrical', 'LOGNAME': 'onur', 'MANAGERPIDFDID': '12827', '_': '/usr/bin/colcon', 'ROS_VERSION': '2', 'MEMORY_PRESSURE_WATCH': '/sys/fs/cgroup/user.slice/user-1000.slice/user@1000.service/session.slice/dbus.service/memory.pressure', 'XDG_SESSION_CLASS': 'user', 'USERNAME': 'onur', 'TERM': 'xterm-256color', 'GNOME_DESKTOP_SESSION_ID': 'this-is-deprecated', 'FLATPAK_TTY_PROGRESS': '1', 'PATH': '/opt/ros/lyrical/opt/gz_tools_vendor/bin:/opt/ros/lyrical/bin:/home/onur/.opencode/bin:/home/onur/.nvm/versions/node/v24.20.0/bin:/home/onur/.local/bin:/home/onur/.local/bin:/home/onur/.local/bin:/home/onur/.local/bin:/usr/local/sbin:/usr/local/bin:/usr/sbin:/usr/bin:/sbin:/bin:/usr/games:/usr/local/games:/snap/bin:/snap/bin:/home/onur/webots', 'INVOCATION_ID': '83eb2fbf06af433aae37214d63a74bec', 'XDG_MENU_PREFIX': 'gnome-', 'PTYXIS_PROFILE': '82a4d075e8ab3fd0d3bfb7fa6a8dfdba', 'GNOME_SETUP_DISPLAY': 'unix:/tmp/.X11-unix/X1', 'XDG_RUNTIME_DIR': '/run/user/1000', 'DISPLAY': ':0', 'LANG': 'en_US.UTF-8', 'XDG_CURRENT_DESKTOP': 'ubuntu:GNOME', 'XMODIFIERS': '@im=ibus', 'XDG_SESSION_DESKTOP': 'ubuntu', 'XAUTHORITY': '/run/user/1000/.mutter-Xwaylandauth.H8PHV3', 'LS_COLORS': 'rs=0:di=01;34:ln=01;36:mh=00:pi=40;33:so=01;35:do=01;35:bd=40;33;01:cd=40;33;01:or=40;31;01:mi=00:su=37;41:sg=30;43:ca=00:tw=30;42:ow=34;42:st=37;44:ex=01;32:*.tar=01;31:*.tgz=01;31:*.arc=01;31:*.arj=01;31:*.taz=01;31:*.lha=01;31:*.lz4=01;31:*.lzh=01;31:*.lzma=01;31:*.tlz=01;31:*.txz=01;31:*.tzo=01;31:*.t7z=01;31:*.zip=01;31:*.z=01;31:*.dz=01;31:*.gz=01;31:*.lrz=01;31:*.lz=01;31:*.lzo=01;31:*.xz=01;31:*.zst=01;31:*.tzst=01;31:*.bz2=01;31:*.bz=01;31:*.tbz=01;31:*.tbz2=01;31:*.tz=01;31:*.deb=01;31:*.rpm=01;31:*.jar=01;31:*.war=01;31:*.ear=01;31:*.sar=01;31:*.rar=01;31:*.alz=01;31:*.ace=01;31:*.zoo=01;31:*.cpio=01;31:*.7z=01;31:*.rz=01;31:*.cab=01;31:*.wim=01;31:*.swm=01;31:*.dwm=01;31:*.esd=01;31:*.avif=01;35:*.jpg=01;35:*.jpeg=01;35:*.mjpg=01;35:*.mjpeg=01;35:*.gif=01;35:*.bmp=01;35:*.pbm=01;35:*.pgm=01;35:*.ppm=01;35:*.tga=01;35:*.xbm=01;35:*.xpm=01;35:*.tif=01;35:*.tiff=01;35:*.png=01;35:*.svg=01;35:*.svgz=01;35:*.mng=01;35:*.pcx=01;35:*.mov=01;35:*.mpg=01;35:*.mpeg=01;35:*.m2v=01;35:*.mkv=01;35:*.webm=01;35:*.webp=01;35:*.ogm=01;35:*.mp4=01;35:*.m4v=01;35:*.mp4v=01;35:*.vob=01;35:*.qt=01;35:*.nuv=01;35:*.wmv=01;35:*.asf=01;35:*.rm=01;35:*.rmvb=01;35:*.flc=01;35:*.avi=01;35:*.fli=01;35:*.flv=01;35:*.gl=01;35:*.dl=01;35:*.xcf=01;35:*.xwd=01;35:*.yuv=01;35:*.cgm=01;35:*.emf=01;35:*.ogv=01;35:*.ogx=01;35:*.aac=00;36:*.au=00;36:*.flac=00;36:*.m4a=00;36:*.mid=00;36:*.midi=00;36:*.mka=00;36:*.mp3=00;36:*.mpc=00;36:*.ogg=00;36:*.ra=00;36:*.wav=00;36:*.oga=00;36:*.opus=00;36:*.spx=00;36:*.xspf=00;36:*~=00;90:*#=00;90:*.bak=00;90:*.old=00;90:*.orig=00;90:*.part=00;90:*.rej=00;90:*.swp=00;90:*.tmp=00;90:*.dpkg-dist=00;90:*.dpkg-old=00;90:*.ucf-dist=00;90:*.ucf-new=00;90:*.ucf-old=00;90:*.rpmnew=00;90:*.rpmorig=00;90:*.rpmsave=00;90:', 'SSH_AUTH_SOCK': '/run/user/1000/gcr/ssh', 'AMENT_PREFIX_PATH': '/home/onur/autonomous_robot/install/webots_ros2_driver:/home/onur/autonomous_robot/install/webots_ros2_msgs:/home/onur/autonomous_robot/install/webots_ros2_importer:/opt/ros/lyrical', 'SHELL': '/bin/bash', 'QT_ACCESSIBILITY': '1', 'GDMSESSION': 'ubuntu', 'WEBOTS_HOME': '/home/onur/webots', 'LESSCLOSE': '/usr/bin/lesspipe %s %s', 'GPG_AGENT_INFO': '/run/user/1000/gnupg/S.gpg-agent:0:1', 'ROS_AUTOMATIC_DISCOVERY_RANGE': 'SUBNET', 'QT_IM_MODULE': 'ibus', 'PWD': '/home/onur/autonomous_robot/build/webots_ros2_tesla', 'XDG_CONFIG_DIRS': '/etc/xdg/xdg-ubuntu:/etc/xdg', 'NVM_CD_FLAGS': '', 'DBUS_STARTER_ADDRESS': 'unix:path=/run/user/1000/bus,guid=3e7ce15796779a58c58491916aa4375c', 'XDG_DATA_DIRS': '/usr/share/ubuntu:/usr/share/gnome:/usr/local/share/:/usr/share/:/var/lib/snapd/desktop', 'XDG_SESSION_EXTRA_DEVICE_ACCESS': 'render:accel', 'PYTHONPATH': '/home/onur/autonomous_robot/build/webots_ros2_tesla/prefix_override:/usr/lib/python3/dist-packages/colcon_core/task/python/colcon_distutils_commands:/home/onur/autonomous_robot/install/webots_ros2_tesla/lib/python3.14/site-packages:/home/onur/autonomous_robot/install/webots_ros2_driver/lib/python3.14/site-packages:/home/onur/autonomous_robot/install/webots_ros2_msgs/lib/python3.14/site-packages:/home/onur/autonomous_robot/install/webots_ros2_importer/lib/python3.14/site-packages:/opt/ros/lyrical/opt/sdformat_vendor/lib/python:/opt/ros/lyrical/opt/gz_math_vendor/lib/python:/opt/ros/lyrical/lib/python3.14/site-packages', 'COLCON': '1', 'QT_IM_MODULES': 'wayland;ibus', 'MEMORY_PRESSURE_WRITE': 'c29tZSAyMDAwMDAgMjAwMDAwMAA=', 'VTE_VERSION': '8400', 'CMAKE_PREFIX_PATH': '/home/onur/autonomous_robot/install/webots_ros2_driver:/home/onur/autonomous_robot/install/webots_ros2_msgs:/opt/ros/lyrical/opt/sdformat_vendor:/opt/ros/lyrical/opt/gz_tools_vendor:/opt/ros/lyrical/opt/gz_math_vendor:/opt/ros/lyrical/opt/gz_utils_vendor:/opt/ros/lyrical/opt/gz_cmake_vendor'}, 'shell': False}
[31.978287] (webots_ros2_crazyflie) Command: {'cmd': ['/usr/bin/python3', '-W', 'ignore:setup.py install is deprecated', '-W', 'ignore:easy_install command is deprecated', 'setup.py', 'egg_info', '--egg-base', '../../../build/webots_ros2_crazyflie', 'build', '--build-base', '/home/onur/autonomous_robot/build/webots_ros2_crazyflie/build', 'install', '--record', '/home/onur/autonomous_robot/build/webots_ros2_crazyflie/install.log', '--install-scripts', '$base/lib/webots_ros2_crazyflie', '--single-version-externally-managed', 'install_data'], 'cwd': '/home/onur/autonomous_robot/src/webots_ros2/webots_ros2_crazyflie', 'env': {'LESSOPEN': '| /usr/bin/lesspipe %s', 'USER': 'onur', 'GZ_CONFIG_PATH': '/opt/ros/lyrical/opt/sdformat_vendor/share/gz', 'XDG_SESSION_TYPE': 'wayland', 'PTYXIS_VERSION': '50.1', 'SHLVL': '1', 'LD_LIBRARY_PATH': '/home/onur/autonomous_robot/install/webots_ros2_driver/lib:/home/onur/autonomous_robot/install/webots_ros2_msgs/lib:/opt/ros/lyrical/opt/sdformat_vendor/lib:/opt/ros/lyrical/opt/gz_tools_vendor/lib:/opt/ros/lyrical/opt/gz_math_vendor/lib:/opt/ros/lyrical/opt/gz_utils_vendor/lib:/opt/ros/lyrical/opt/rviz_ogre_vendor/lib:/opt/ros/lyrical/lib/x86_64-linux-gnu:/opt/ros/lyrical/opt/gz_cmake_vendor/lib:/opt/ros/lyrical/lib', 'HOME': '/home/onur', 'OLDPWD': '/home/onur/autonomous_robot/src/webots_ros2', 'DESKTOP_SESSION': 'ubuntu', 'NVM_BIN': '/home/onur/.nvm/versions/node/v24.20.0/bin', 'NVM_INC': '/home/onur/.nvm/versions/node/v24.20.0/include/node', 'IM_CONFIG_ENTRY': 'profile', 'ROS_PYTHON_VERSION': '3', 'GTK_MODULES': 'gail:atk-bridge', 'MANAGERPID': '5622', 'DBUS_STARTER_BUS_TYPE': 'session', 'SYSTEMD_EXEC_PID': '5679', 'DBUS_SESSION_BUS_ADDRESS': 'unix:path=/run/user/1000/bus,guid=3e7ce15796779a58c58491916aa4375c', 'COLORTERM': 'truecolor', 'NVM_DIR': '/home/onur/.nvm', 'DEBUGINFOD_URLS': 'https://debuginfod.ubuntu.com', 'WAYLAND_DISPLAY': 'wayland-0', 'COLCON_PREFIX_PATH': '/home/onur/autonomous_robot/install', 'ROS_DISTRO': 'lyrical', 'LOGNAME': 'onur', 'MANAGERPIDFDID': '12827', '_': '/usr/bin/colcon', 'ROS_VERSION': '2', 'MEMORY_PRESSURE_WATCH': '/sys/fs/cgroup/user.slice/user-1000.slice/user@1000.service/session.slice/dbus.service/memory.pressure', 'XDG_SESSION_CLASS': 'user', 'USERNAME': 'onur', 'TERM': 'xterm-256color', 'GNOME_DESKTOP_SESSION_ID': 'this-is-deprecated', 'FLATPAK_TTY_PROGRESS': '1', 'PATH': '/opt/ros/lyrical/opt/gz_tools_vendor/bin:/opt/ros/lyrical/bin:/home/onur/.opencode/bin:/home/onur/.nvm/versions/node/v24.20.0/bin:/home/onur/.local/bin:/home/onur/.local/bin:/home/onur/.local/bin:/home/onur/.local/bin:/usr/local/sbin:/usr/local/bin:/usr/sbin:/usr/bin:/sbin:/bin:/usr/games:/usr/local/games:/snap/bin:/snap/bin:/home/onur/webots', 'INVOCATION_ID': '83eb2fbf06af433aae37214d63a74bec', 'XDG_MENU_PREFIX': 'gnome-', 'PTYXIS_PROFILE': '82a4d075e8ab3fd0d3bfb7fa6a8dfdba', 'GNOME_SETUP_DISPLAY': 'unix:/tmp/.X11-unix/X1', 'XDG_RUNTIME_DIR': '/run/user/1000', 'DISPLAY': ':0', 'LANG': 'en_US.UTF-8', 'XDG_CURRENT_DESKTOP': 'ubuntu:GNOME', 'XMODIFIERS': '@im=ibus', 'XDG_SESSION_DESKTOP': 'ubuntu', 'XAUTHORITY': '/run/user/1000/.mutter-Xwaylandauth.H8PHV3', 'LS_COLORS': 'rs=0:di=01;34:ln=01;36:mh=00:pi=40;33:so=01;35:do=01;35:bd=40;33;01:cd=40;33;01:or=40;31;01:mi=00:su=37;41:sg=30;43:ca=00:tw=30;42:ow=34;42:st=37;44:ex=01;32:*.tar=01;31:*.tgz=01;31:*.arc=01;31:*.arj=01;31:*.taz=01;31:*.lha=01;31:*.lz4=01;31:*.lzh=01;31:*.lzma=01;31:*.tlz=01;31:*.txz=01;31:*.tzo=01;31:*.t7z=01;31:*.zip=01;31:*.z=01;31:*.dz=01;31:*.gz=01;31:*.lrz=01;31:*.lz=01;31:*.lzo=01;31:*.xz=01;31:*.zst=01;31:*.tzst=01;31:*.bz2=01;31:*.bz=01;31:*.tbz=01;31:*.tbz2=01;31:*.tz=01;31:*.deb=01;31:*.rpm=01;31:*.jar=01;31:*.war=01;31:*.ear=01;31:*.sar=01;31:*.rar=01;31:*.alz=01;31:*.ace=01;31:*.zoo=01;31:*.cpio=01;31:*.7z=01;31:*.rz=01;31:*.cab=01;31:*.wim=01;31:*.swm=01;31:*.dwm=01;31:*.esd=01;31:*.avif=01;35:*.jpg=01;35:*.jpeg=01;35:*.mjpg=01;35:*.mjpeg=01;35:*.gif=01;35:*.bmp=01;35:*.pbm=01;35:*.pgm=01;35:*.ppm=01;35:*.tga=01;35:*.xbm=01;35:*.xpm=01;35:*.tif=01;35:*.tiff=01;35:*.png=01;35:*.svg=01;35:*.svgz=01;35:*.mng=01;35:*.pcx=01;35:*.mov=01;35:*.mpg=01;35:*.mpeg=01;35:*.m2v=01;35:*.mkv=01;35:*.webm=01;35:*.webp=01;35:*.ogm=01;35:*.mp4=01;35:*.m4v=01;35:*.mp4v=01;35:*.vob=01;35:*.qt=01;35:*.nuv=01;35:*.wmv=01;35:*.asf=01;35:*.rm=01;35:*.rmvb=01;35:*.flc=01;35:*.avi=01;35:*.fli=01;35:*.flv=01;35:*.gl=01;35:*.dl=01;35:*.xcf=01;35:*.xwd=01;35:*.yuv=01;35:*.cgm=01;35:*.emf=01;35:*.ogv=01;35:*.ogx=01;35:*.aac=00;36:*.au=00;36:*.flac=00;36:*.m4a=00;36:*.mid=00;36:*.midi=00;36:*.mka=00;36:*.mp3=00;36:*.mpc=00;36:*.ogg=00;36:*.ra=00;36:*.wav=00;36:*.oga=00;36:*.opus=00;36:*.spx=00;36:*.xspf=00;36:*~=00;90:*#=00;90:*.bak=00;90:*.old=00;90:*.orig=00;90:*.part=00;90:*.rej=00;90:*.swp=00;90:*.tmp=00;90:*.dpkg-dist=00;90:*.dpkg-old=00;90:*.ucf-dist=00;90:*.ucf-new=00;90:*.ucf-old=00;90:*.rpmnew=00;90:*.rpmorig=00;90:*.rpmsave=00;90:', 'SSH_AUTH_SOCK': '/run/user/1000/gcr/ssh', 'AMENT_PREFIX_PATH': '/home/onur/autonomous_robot/install/webots_ros2_driver:/home/onur/autonomous_robot/install/webots_ros2_msgs:/home/onur/autonomous_robot/install/webots_ros2_importer:/opt/ros/lyrical', 'SHELL': '/bin/bash', 'QT_ACCESSIBILITY': '1', 'GDMSESSION': 'ubuntu', 'WEBOTS_HOME': '/home/onur/webots', 'LESSCLOSE': '/usr/bin/lesspipe %s %s', 'GPG_AGENT_INFO': '/run/user/1000/gnupg/S.gpg-agent:0:1', 'ROS_AUTOMATIC_DISCOVERY_RANGE': 'SUBNET', 'QT_IM_MODULE': 'ibus', 'PWD': '/home/onur/autonomous_robot/build/webots_ros2_crazyflie', 'XDG_CONFIG_DIRS': '/etc/xdg/xdg-ubuntu:/etc/xdg', 'NVM_CD_FLAGS': '', 'DBUS_STARTER_ADDRESS': 'unix:path=/run/user/1000/bus,guid=3e7ce15796779a58c58491916aa4375c', 'XDG_DATA_DIRS': '/usr/share/ubuntu:/usr/share/gnome:/usr/local/share/:/usr/share/:/var/lib/snapd/desktop', 'XDG_SESSION_EXTRA_DEVICE_ACCESS': 'render:accel', 'PYTHONPATH': '/home/onur/autonomous_robot/build/webots_ros2_crazyflie/prefix_override:/usr/lib/python3/dist-packages/colcon_core/task/python/colcon_distutils_commands:/home/onur/autonomous_robot/install/webots_ros2_crazyflie/lib/python3.14/site-packages:/home/onur/autonomous_robot/install/webots_ros2_driver/lib/python3.14/site-packages:/home/onur/autonomous_robot/install/webots_ros2_msgs/lib/python3.14/site-packages:/home/onur/autonomous_robot/install/webots_ros2_importer/lib/python3.14/site-packages:/opt/ros/lyrical/opt/sdformat_vendor/lib/python:/opt/ros/lyrical/opt/gz_math_vendor/lib/python:/opt/ros/lyrical/lib/python3.14/site-packages', 'COLCON': '1', 'QT_IM_MODULES': 'wayland;ibus', 'MEMORY_PRESSURE_WRITE': 'c29tZSAyMDAwMDAgMjAwMDAwMAA=', 'VTE_VERSION': '8400', 'CMAKE_PREFIX_PATH': '/home/onur/autonomous_robot/install/webots_ros2_driver:/home/onur/autonomous_robot/install/webots_ros2_msgs:/opt/ros/lyrical/opt/sdformat_vendor:/opt/ros/lyrical/opt/gz_tools_vendor:/opt/ros/lyrical/opt/gz_math_vendor:/opt/ros/lyrical/opt/gz_utils_vendor:/opt/ros/lyrical/opt/gz_cmake_vendor'}, 'shell': False}
[31.987008] (my_robot_pkg) Command: {'cmd': ['/usr/bin/python3', '-W', 'ignore:setup.py install is deprecated', '-W', 'ignore:easy_install command is deprecated', 'setup.py', 'egg_info', '--egg-base', '../../build/my_robot_pkg', 'build', '--build-base', '/home/onur/autonomous_robot/build/my_robot_pkg/build', 'install', '--record', '/home/onur/autonomous_robot/build/my_robot_pkg/install.log', '--install-scripts', '$base/lib/my_robot_pkg', '--single-version-externally-managed', 'install_data'], 'cwd': '/home/onur/autonomous_robot/src/my_robot_pkg', 'env': {'LESSOPEN': '| /usr/bin/lesspipe %s', 'USER': 'onur', 'GZ_CONFIG_PATH': '/opt/ros/lyrical/opt/sdformat_vendor/share/gz', 'XDG_SESSION_TYPE': 'wayland', 'PTYXIS_VERSION': '50.1', 'SHLVL': '1', 'LD_LIBRARY_PATH': '/home/onur/autonomous_robot/install/webots_ros2_driver/lib:/home/onur/autonomous_robot/install/webots_ros2_msgs/lib:/opt/ros/lyrical/opt/sdformat_vendor/lib:/opt/ros/lyrical/opt/gz_tools_vendor/lib:/opt/ros/lyrical/opt/gz_math_vendor/lib:/opt/ros/lyrical/opt/gz_utils_vendor/lib:/opt/ros/lyrical/opt/rviz_ogre_vendor/lib:/opt/ros/lyrical/lib/x86_64-linux-gnu:/opt/ros/lyrical/opt/gz_cmake_vendor/lib:/opt/ros/lyrical/lib', 'HOME': '/home/onur', 'OLDPWD': '/home/onur/autonomous_robot/src/webots_ros2', 'DESKTOP_SESSION': 'ubuntu', 'NVM_BIN': '/home/onur/.nvm/versions/node/v24.20.0/bin', 'NVM_INC': '/home/onur/.nvm/versions/node/v24.20.0/include/node', 'IM_CONFIG_ENTRY': 'profile', 'ROS_PYTHON_VERSION': '3', 'GTK_MODULES': 'gail:atk-bridge', 'MANAGERPID': '5622', 'DBUS_STARTER_BUS_TYPE': 'session', 'SYSTEMD_EXEC_PID': '5679', 'DBUS_SESSION_BUS_ADDRESS': 'unix:path=/run/user/1000/bus,guid=3e7ce15796779a58c58491916aa4375c', 'COLORTERM': 'truecolor', 'NVM_DIR': '/home/onur/.nvm', 'DEBUGINFOD_URLS': 'https://debuginfod.ubuntu.com', 'WAYLAND_DISPLAY': 'wayland-0', 'COLCON_PREFIX_PATH': '/home/onur/autonomous_robot/install', 'ROS_DISTRO': 'lyrical', 'LOGNAME': 'onur', 'MANAGERPIDFDID': '12827', '_': '/usr/bin/colcon', 'ROS_VERSION': '2', 'MEMORY_PRESSURE_WATCH': '/sys/fs/cgroup/user.slice/user-1000.slice/user@1000.service/session.slice/dbus.service/memory.pressure', 'XDG_SESSION_CLASS': 'user', 'USERNAME': 'onur', 'TERM': 'xterm-256color', 'GNOME_DESKTOP_SESSION_ID': 'this-is-deprecated', 'FLATPAK_TTY_PROGRESS': '1', 'PATH': '/opt/ros/lyrical/opt/gz_tools_vendor/bin:/opt/ros/lyrical/bin:/home/onur/.opencode/bin:/home/onur/.nvm/versions/node/v24.20.0/bin:/home/onur/.local/bin:/home/onur/.local/bin:/home/onur/.local/bin:/home/onur/.local/bin:/usr/local/sbin:/usr/local/bin:/usr/sbin:/usr/bin:/sbin:/bin:/usr/games:/usr/local/games:/snap/bin:/snap/bin:/home/onur/webots', 'INVOCATION_ID': '83eb2fbf06af433aae37214d63a74bec', 'XDG_MENU_PREFIX': 'gnome-', 'PTYXIS_PROFILE': '82a4d075e8ab3fd0d3bfb7fa6a8dfdba', 'GNOME_SETUP_DISPLAY': 'unix:/tmp/.X11-unix/X1', 'XDG_RUNTIME_DIR': '/run/user/1000', 'DISPLAY': ':0', 'LANG': 'en_US.UTF-8', 'XDG_CURRENT_DESKTOP': 'ubuntu:GNOME', 'XMODIFIERS': '@im=ibus', 'XDG_SESSION_DESKTOP': 'ubuntu', 'XAUTHORITY': '/run/user/1000/.mutter-Xwaylandauth.H8PHV3', 'LS_COLORS': 'rs=0:di=01;34:ln=01;36:mh=00:pi=40;33:so=01;35:do=01;35:bd=40;33;01:cd=40;33;01:or=40;31;01:mi=00:su=37;41:sg=30;43:ca=00:tw=30;42:ow=34;42:st=37;44:ex=01;32:*.tar=01;31:*.tgz=01;31:*.arc=01;31:*.arj=01;31:*.taz=01;31:*.lha=01;31:*.lz4=01;31:*.lzh=01;31:*.lzma=01;31:*.tlz=01;31:*.txz=01;31:*.tzo=01;31:*.t7z=01;31:*.zip=01;31:*.z=01;31:*.dz=01;31:*.gz=01;31:*.lrz=01;31:*.lz=01;31:*.lzo=01;31:*.xz=01;31:*.zst=01;31:*.tzst=01;31:*.bz2=01;31:*.bz=01;31:*.tbz=01;31:*.tbz2=01;31:*.tz=01;31:*.deb=01;31:*.rpm=01;31:*.jar=01;31:*.war=01;31:*.ear=01;31:*.sar=01;31:*.rar=01;31:*.alz=01;31:*.ace=01;31:*.zoo=01;31:*.cpio=01;31:*.7z=01;31:*.rz=01;31:*.cab=01;31:*.wim=01;31:*.swm=01;31:*.dwm=01;31:*.esd=01;31:*.avif=01;35:*.jpg=01;35:*.jpeg=01;35:*.mjpg=01;35:*.mjpeg=01;35:*.gif=01;35:*.bmp=01;35:*.pbm=01;35:*.pgm=01;35:*.ppm=01;35:*.tga=01;35:*.xbm=01;35:*.xpm=01;35:*.tif=01;35:*.tiff=01;35:*.png=01;35:*.svg=01;35:*.svgz=01;35:*.mng=01;35:*.pcx=01;35:*.mov=01;35:*.mpg=01;35:*.mpeg=01;35:*.m2v=01;35:*.mkv=01;35:*.webm=01;35:*.webp=01;35:*.ogm=01;35:*.mp4=01;35:*.m4v=01;35:*.mp4v=01;35:*.vob=01;35:*.qt=01;35:*.nuv=01;35:*.wmv=01;35:*.asf=01;35:*.rm=01;35:*.rmvb=01;35:*.flc=01;35:*.avi=01;35:*.fli=01;35:*.flv=01;35:*.gl=01;35:*.dl=01;35:*.xcf=01;35:*.xwd=01;35:*.yuv=01;35:*.cgm=01;35:*.emf=01;35:*.ogv=01;35:*.ogx=01;35:*.aac=00;36:*.au=00;36:*.flac=00;36:*.m4a=00;36:*.mid=00;36:*.midi=00;36:*.mka=00;36:*.mp3=00;36:*.mpc=00;36:*.ogg=00;36:*.ra=00;36:*.wav=00;36:*.oga=00;36:*.opus=00;36:*.spx=00;36:*.xspf=00;36:*~=00;90:*#=00;90:*.bak=00;90:*.old=00;90:*.orig=00;90:*.part=00;90:*.rej=00;90:*.swp=00;90:*.tmp=00;90:*.dpkg-dist=00;90:*.dpkg-old=00;90:*.ucf-dist=00;90:*.ucf-new=00;90:*.ucf-old=00;90:*.rpmnew=00;90:*.rpmorig=00;90:*.rpmsave=00;90:', 'SSH_AUTH_SOCK': '/run/user/1000/gcr/ssh', 'AMENT_PREFIX_PATH': '/home/onur/autonomous_robot/install/webots_ros2_driver:/home/onur/autonomous_robot/install/webots_ros2_msgs:/home/onur/autonomous_robot/install/webots_ros2_importer:/opt/ros/lyrical', 'SHELL': '/bin/bash', 'QT_ACCESSIBILITY': '1', 'GDMSESSION': 'ubuntu', 'WEBOTS_HOME': '/home/onur/webots', 'LESSCLOSE': '/usr/bin/lesspipe %s %s', 'GPG_AGENT_INFO': '/run/user/1000/gnupg/S.gpg-agent:0:1', 'ROS_AUTOMATIC_DISCOVERY_RANGE': 'SUBNET', 'QT_IM_MODULE': 'ibus', 'PWD': '/home/onur/autonomous_robot/build/my_robot_pkg', 'XDG_CONFIG_DIRS': '/etc/xdg/xdg-ubuntu:/etc/xdg', 'NVM_CD_FLAGS': '', 'DBUS_STARTER_ADDRESS': 'unix:path=/run/user/1000/bus,guid=3e7ce15796779a58c58491916aa4375c', 'XDG_DATA_DIRS': '/usr/share/ubuntu:/usr/share/gnome:/usr/local/share/:/usr/share/:/var/lib/snapd/desktop', 'XDG_SESSION_EXTRA_DEVICE_ACCESS': 'render:accel', 'PYTHONPATH': '/home/onur/autonomous_robot/build/my_robot_pkg/prefix_override:/usr/lib/python3/dist-packages/colcon_core/task/python/colcon_distutils_commands:/home/onur/autonomous_robot/install/my_robot_pkg/lib/python3.14/site-packages:/home/onur/autonomous_robot/install/webots_ros2_driver/lib/python3.14/site-packages:/home/onur/autonomous_robot/install/webots_ros2_msgs/lib/python3.14/site-packages:/home/onur/autonomous_robot/install/webots_ros2_importer/lib/python3.14/site-packages:/opt/ros/lyrical/opt/sdformat_vendor/lib/python:/opt/ros/lyrical/opt/gz_math_vendor/lib/python:/opt/ros/lyrical/lib/python3.14/site-packages', 'COLCON': '1', 'QT_IM_MODULES': 'wayland;ibus', 'MEMORY_PRESSURE_WRITE': 'c29tZSAyMDAwMDAgMjAwMDAwMAA=', 'VTE_VERSION': '8400', 'CMAKE_PREFIX_PATH': '/home/onur/autonomous_robot/install/webots_ros2_driver:/home/onur/autonomous_robot/install/webots_ros2_msgs:/opt/ros/lyrical/opt/sdformat_vendor:/opt/ros/lyrical/opt/gz_tools_vendor:/opt/ros/lyrical/opt/gz_math_vendor:/opt/ros/lyrical/opt/gz_utils_vendor:/opt/ros/lyrical/opt/gz_cmake_vendor'}, 'shell': False}
[31.989437] (webots_ros2_mavic) Command: {'cmd': ['/usr/bin/python3', '-W', 'ignore:setup.py install is deprecated', '-W', 'ignore:easy_install command is deprecated', 'setup.py', 'egg_info', '--egg-base', '../../../build/webots_ros2_mavic', 'build', '--build-base', '/home/onur/autonomous_robot/build/webots_ros2_mavic/build', 'install', '--record', '/home/onur/autonomous_robot/build/webots_ros2_mavic/install.log', '--install-scripts', '$base/lib/webots_ros2_mavic', '--single-version-externally-managed', 'install_data'], 'cwd': '/home/onur/autonomous_robot/src/webots_ros2/webots_ros2_mavic', 'env': {'LESSOPEN': '| /usr/bin/lesspipe %s', 'USER': 'onur', 'GZ_CONFIG_PATH': '/opt/ros/lyrical/opt/sdformat_vendor/share/gz', 'XDG_SESSION_TYPE': 'wayland', 'PTYXIS_VERSION': '50.1', 'SHLVL': '1', 'LD_LIBRARY_PATH': '/home/onur/autonomous_robot/install/webots_ros2_driver/lib:/home/onur/autonomous_robot/install/webots_ros2_msgs/lib:/opt/ros/lyrical/opt/sdformat_vendor/lib:/opt/ros/lyrical/opt/gz_tools_vendor/lib:/opt/ros/lyrical/opt/gz_math_vendor/lib:/opt/ros/lyrical/opt/gz_utils_vendor/lib:/opt/ros/lyrical/opt/rviz_ogre_vendor/lib:/opt/ros/lyrical/lib/x86_64-linux-gnu:/opt/ros/lyrical/opt/gz_cmake_vendor/lib:/opt/ros/lyrical/lib', 'HOME': '/home/onur', 'OLDPWD': '/home/onur/autonomous_robot/src/webots_ros2', 'DESKTOP_SESSION': 'ubuntu', 'NVM_BIN': '/home/onur/.nvm/versions/node/v24.20.0/bin', 'NVM_INC': '/home/onur/.nvm/versions/node/v24.20.0/include/node', 'IM_CONFIG_ENTRY': 'profile', 'ROS_PYTHON_VERSION': '3', 'GTK_MODULES': 'gail:atk-bridge', 'MANAGERPID': '5622', 'DBUS_STARTER_BUS_TYPE': 'session', 'SYSTEMD_EXEC_PID': '5679', 'DBUS_SESSION_BUS_ADDRESS': 'unix:path=/run/user/1000/bus,guid=3e7ce15796779a58c58491916aa4375c', 'COLORTERM': 'truecolor', 'NVM_DIR': '/home/onur/.nvm', 'DEBUGINFOD_URLS': 'https://debuginfod.ubuntu.com', 'WAYLAND_DISPLAY': 'wayland-0', 'COLCON_PREFIX_PATH': '/home/onur/autonomous_robot/install', 'ROS_DISTRO': 'lyrical', 'LOGNAME': 'onur', 'MANAGERPIDFDID': '12827', '_': '/usr/bin/colcon', 'ROS_VERSION': '2', 'MEMORY_PRESSURE_WATCH': '/sys/fs/cgroup/user.slice/user-1000.slice/user@1000.service/session.slice/dbus.service/memory.pressure', 'XDG_SESSION_CLASS': 'user', 'USERNAME': 'onur', 'TERM': 'xterm-256color', 'GNOME_DESKTOP_SESSION_ID': 'this-is-deprecated', 'FLATPAK_TTY_PROGRESS': '1', 'PATH': '/opt/ros/lyrical/opt/gz_tools_vendor/bin:/opt/ros/lyrical/bin:/home/onur/.opencode/bin:/home/onur/.nvm/versions/node/v24.20.0/bin:/home/onur/.local/bin:/home/onur/.local/bin:/home/onur/.local/bin:/home/onur/.local/bin:/usr/local/sbin:/usr/local/bin:/usr/sbin:/usr/bin:/sbin:/bin:/usr/games:/usr/local/games:/snap/bin:/snap/bin:/home/onur/webots', 'INVOCATION_ID': '83eb2fbf06af433aae37214d63a74bec', 'XDG_MENU_PREFIX': 'gnome-', 'PTYXIS_PROFILE': '82a4d075e8ab3fd0d3bfb7fa6a8dfdba', 'GNOME_SETUP_DISPLAY': 'unix:/tmp/.X11-unix/X1', 'XDG_RUNTIME_DIR': '/run/user/1000', 'DISPLAY': ':0', 'LANG': 'en_US.UTF-8', 'XDG_CURRENT_DESKTOP': 'ubuntu:GNOME', 'XMODIFIERS': '@im=ibus', 'XDG_SESSION_DESKTOP': 'ubuntu', 'XAUTHORITY': '/run/user/1000/.mutter-Xwaylandauth.H8PHV3', 'LS_COLORS': 'rs=0:di=01;34:ln=01;36:mh=00:pi=40;33:so=01;35:do=01;35:bd=40;33;01:cd=40;33;01:or=40;31;01:mi=00:su=37;41:sg=30;43:ca=00:tw=30;42:ow=34;42:st=37;44:ex=01;32:*.tar=01;31:*.tgz=01;31:*.arc=01;31:*.arj=01;31:*.taz=01;31:*.lha=01;31:*.lz4=01;31:*.lzh=01;31:*.lzma=01;31:*.tlz=01;31:*.txz=01;31:*.tzo=01;31:*.t7z=01;31:*.zip=01;31:*.z=01;31:*.dz=01;31:*.gz=01;31:*.lrz=01;31:*.lz=01;31:*.lzo=01;31:*.xz=01;31:*.zst=01;31:*.tzst=01;31:*.bz2=01;31:*.bz=01;31:*.tbz=01;31:*.tbz2=01;31:*.tz=01;31:*.deb=01;31:*.rpm=01;31:*.jar=01;31:*.war=01;31:*.ear=01;31:*.sar=01;31:*.rar=01;31:*.alz=01;31:*.ace=01;31:*.zoo=01;31:*.cpio=01;31:*.7z=01;31:*.rz=01;31:*.cab=01;31:*.wim=01;31:*.swm=01;31:*.dwm=01;31:*.esd=01;31:*.avif=01;35:*.jpg=01;35:*.jpeg=01;35:*.mjpg=01;35:*.mjpeg=01;35:*.gif=01;35:*.bmp=01;35:*.pbm=01;35:*.pgm=01;35:*.ppm=01;35:*.tga=01;35:*.xbm=01;35:*.xpm=01;35:*.tif=01;35:*.tiff=01;35:*.png=01;35:*.svg=01;35:*.svgz=01;35:*.mng=01;35:*.pcx=01;35:*.mov=01;35:*.mpg=01;35:*.mpeg=01;35:*.m2v=01;35:*.mkv=01;35:*.webm=01;35:*.webp=01;35:*.ogm=01;35:*.mp4=01;35:*.m4v=01;35:*.mp4v=01;35:*.vob=01;35:*.qt=01;35:*.nuv=01;35:*.wmv=01;35:*.asf=01;35:*.rm=01;35:*.rmvb=01;35:*.flc=01;35:*.avi=01;35:*.fli=01;35:*.flv=01;35:*.gl=01;35:*.dl=01;35:*.xcf=01;35:*.xwd=01;35:*.yuv=01;35:*.cgm=01;35:*.emf=01;35:*.ogv=01;35:*.ogx=01;35:*.aac=00;36:*.au=00;36:*.flac=00;36:*.m4a=00;36:*.mid=00;36:*.midi=00;36:*.mka=00;36:*.mp3=00;36:*.mpc=00;36:*.ogg=00;36:*.ra=00;36:*.wav=00;36:*.oga=00;36:*.opus=00;36:*.spx=00;36:*.xspf=00;36:*~=00;90:*#=00;90:*.bak=00;90:*.old=00;90:*.orig=00;90:*.part=00;90:*.rej=00;90:*.swp=00;90:*.tmp=00;90:*.dpkg-dist=00;90:*.dpkg-old=00;90:*.ucf-dist=00;90:*.ucf-new=00;90:*.ucf-old=00;90:*.rpmnew=00;90:*.rpmorig=00;90:*.rpmsave=00;90:', 'SSH_AUTH_SOCK': '/run/user/1000/gcr/ssh', 'AMENT_PREFIX_PATH': '/home/onur/autonomous_robot/install/webots_ros2_driver:/home/onur/autonomous_robot/install/webots_ros2_msgs:/home/onur/autonomous_robot/install/webots_ros2_importer:/opt/ros/lyrical', 'SHELL': '/bin/bash', 'QT_ACCESSIBILITY': '1', 'GDMSESSION': 'ubuntu', 'WEBOTS_HOME': '/home/onur/webots', 'LESSCLOSE': '/usr/bin/lesspipe %s %s', 'GPG_AGENT_INFO': '/run/user/1000/gnupg/S.gpg-agent:0:1', 'ROS_AUTOMATIC_DISCOVERY_RANGE': 'SUBNET', 'QT_IM_MODULE': 'ibus', 'PWD': '/home/onur/autonomous_robot/build/webots_ros2_mavic', 'XDG_CONFIG_DIRS': '/etc/xdg/xdg-ubuntu:/etc/xdg', 'NVM_CD_FLAGS': '', 'DBUS_STARTER_ADDRESS': 'unix:path=/run/user/1000/bus,guid=3e7ce15796779a58c58491916aa4375c', 'XDG_DATA_DIRS': '/usr/share/ubuntu:/usr/share/gnome:/usr/local/share/:/usr/share/:/var/lib/snapd/desktop', 'XDG_SESSION_EXTRA_DEVICE_ACCESS': 'render:accel', 'PYTHONPATH': '/home/onur/autonomous_robot/build/webots_ros2_mavic/prefix_override:/usr/lib/python3/dist-packages/colcon_core/task/python/colcon_distutils_commands:/home/onur/autonomous_robot/install/webots_ros2_mavic/lib/python3.14/site-packages:/home/onur/autonomous_robot/install/webots_ros2_driver/lib/python3.14/site-packages:/home/onur/autonomous_robot/install/webots_ros2_msgs/lib/python3.14/site-packages:/home/onur/autonomous_robot/install/webots_ros2_importer/lib/python3.14/site-packages:/opt/ros/lyrical/opt/sdformat_vendor/lib/python:/opt/ros/lyrical/opt/gz_math_vendor/lib/python:/opt/ros/lyrical/lib/python3.14/site-packages', 'COLCON': '1', 'QT_IM_MODULES': 'wayland;ibus', 'MEMORY_PRESSURE_WRITE': 'c29tZSAyMDAwMDAgMjAwMDAwMAA=', 'VTE_VERSION': '8400', 'CMAKE_PREFIX_PATH': '/home/onur/autonomous_robot/install/webots_ros2_driver:/home/onur/autonomous_robot/install/webots_ros2_msgs:/opt/ros/lyrical/opt/sdformat_vendor:/opt/ros/lyrical/opt/gz_tools_vendor:/opt/ros/lyrical/opt/gz_math_vendor:/opt/ros/lyrical/opt/gz_utils_vendor:/opt/ros/lyrical/opt/gz_cmake_vendor'}, 'shell': False}
[32.014814] (-) TimerEvent: {}
[32.016879] (webots_ros2_control) StdoutLine: {'line': b'-- Found controller_manager: 6.9.0 (/opt/ros/lyrical/share/controller_manager/cmake)\n'}
[32.073826] (webots_ros2_control) StdoutLine: {'line': b'-- Found webots_ros2_driver: 2025.0.1 (/home/onur/autonomous_robot/install/webots_ros2_driver/share/webots_ros2_driver/cmake)\n'}
[32.090975] (webots_ros2_crazyflie) StderrLine: {'line': b"/usr/lib/python3/dist-packages/setuptools/_distutils/dist.py:289: UserWarning: Unknown distribution option: 'tests_require'\n"}
[32.091129] (webots_ros2_crazyflie) StderrLine: {'line': b'  warnings.warn(msg)\n'}
[32.096993] (webots_ros2_tesla) StderrLine: {'line': b"/usr/lib/python3/dist-packages/setuptools/_distutils/dist.py:289: UserWarning: Unknown distribution option: 'tests_require'\n"}
[32.097116] (webots_ros2_tesla) StderrLine: {'line': b'  warnings.warn(msg)\n'}
[32.100440] (webots_ros2_mavic) StderrLine: {'line': b"/usr/lib/python3/dist-packages/setuptools/_distutils/dist.py:289: UserWarning: Unknown distribution option: 'tests_require'\n"}
[32.100554] (webots_ros2_mavic) StderrLine: {'line': b'  warnings.warn(msg)\n'}
[32.114916] (-) TimerEvent: {}
[32.119899] (webots_ros2_tesla) StderrLine: {'line': b'/usr/lib/python3/dist-packages/setuptools/dist.py:759: SetuptoolsDeprecationWarning: License classifiers are deprecated.\n'}
[32.120063] (webots_ros2_tesla) StderrLine: {'line': b'!!\n'}
[32.120143] (webots_ros2_tesla) StderrLine: {'line': b'\n'}
[32.120217] (webots_ros2_tesla) StderrLine: {'line': b'        ********************************************************************************\n'}
[32.120288] (webots_ros2_tesla) StderrLine: {'line': b'        Please consider removing the following classifiers in favor of a SPDX license expression:\n'}
[32.120357] (webots_ros2_tesla) StderrLine: {'line': b'\n'}
[32.120426] (webots_ros2_tesla) StderrLine: {'line': b'        License :: OSI Approved :: Apache Software License\n'}
[32.120497] (webots_ros2_tesla) StderrLine: {'line': b'\n'}
[32.120566] (webots_ros2_tesla) StderrLine: {'line': b'        See https://packaging.python.org/en/latest/guides/writing-pyproject-toml/#license for details.\n'}
[32.120635] (webots_ros2_tesla) StderrLine: {'line': b'        ********************************************************************************\n'}
[32.120703] (webots_ros2_tesla) StderrLine: {'line': b'\n'}
[32.120771] (webots_ros2_tesla) StderrLine: {'line': b'!!\n'}
[32.120838] (webots_ros2_tesla) StderrLine: {'line': b'  self._finalize_license_expression()\n'}
[32.123921] (webots_ros2_mavic) StderrLine: {'line': b'/usr/lib/python3/dist-packages/setuptools/dist.py:759: SetuptoolsDeprecationWarning: License classifiers are deprecated.\n'}
[32.124001] (webots_ros2_mavic) StderrLine: {'line': b'!!\n'}
[32.124032] (webots_ros2_mavic) StderrLine: {'line': b'\n'}
[32.124059] (webots_ros2_mavic) StderrLine: {'line': b'        ********************************************************************************\n'}
[32.124085] (webots_ros2_mavic) StderrLine: {'line': b'        Please consider removing the following classifiers in favor of a SPDX license expression:\n'}
[32.124109] (webots_ros2_mavic) StderrLine: {'line': b'\n'}
[32.124132] (webots_ros2_mavic) StderrLine: {'line': b'        License :: OSI Approved :: Apache Software License\n'}
[32.124156] (webots_ros2_mavic) StderrLine: {'line': b'\n'}
[32.124180] (webots_ros2_mavic) StderrLine: {'line': b'        See https://packaging.python.org/en/latest/guides/writing-pyproject-toml/#license for details.\n'}
[32.124207] (webots_ros2_mavic) StderrLine: {'line': b'        ********************************************************************************\n'}
[32.124233] (webots_ros2_mavic) StderrLine: {'line': b'\n'}
[32.124260] (webots_ros2_mavic) StderrLine: {'line': b'!!\n'}
[32.124286] (webots_ros2_mavic) StderrLine: {'line': b'  self._finalize_license_expression()\n'}
[32.161779] (webots_ros2_crazyflie) StdoutLine: {'line': b'running egg_info\n'}
[32.167092] (webots_ros2_tesla) StdoutLine: {'line': b'running egg_info\n'}
[32.170523] (my_robot_pkg) StdoutLine: {'line': b'running egg_info\n'}
[32.170961] (webots_ros2_control) StderrLine: {'line': b'\x1b[0mCMake Deprecation Warning at /opt/ros/lyrical/share/tinyxml2_vendor/cmake/tinyxml2_vendorConfig.cmake:34 (message):\n'}
[32.171038] (webots_ros2_control) StderrLine: {'line': b"  Package 'tinyxml2_vendor' is deprecated (This package will be removed in\n"}
[32.171070] (webots_ros2_control) StderrLine: {'line': b'  ROS 2 Lyrical Luth.  Instead, use\n'}
[32.171097] (webots_ros2_control) StderrLine: {'line': b'\n'}
[32.171124] (webots_ros2_control) StderrLine: {'line': b'        distributed package which provides same functionality.)\n'}
[32.171150] (webots_ros2_control) StderrLine: {'line': b'Call Stack (most recent call first):\n'}
[32.171179] (webots_ros2_control) StderrLine: {'line': b'  /home/onur/autonomous_robot/install/webots_ros2_driver/share/webots_ros2_driver/cmake/ament_cmake_export_dependencies-extras.cmake:21 (find_package)\n'}
[32.171203] (webots_ros2_control) StderrLine: {'line': b'  /home/onur/autonomous_robot/install/webots_ros2_driver/share/webots_ros2_driver/cmake/webots_ros2_driverConfig.cmake:41 (include)\n'}
[32.171225] (webots_ros2_control) StderrLine: {'line': b'  CMakeLists.txt:36 (find_package)\n'}
[32.171248] (webots_ros2_control) StderrLine: {'line': b'\n'}
[32.171272] (webots_ros2_control) StderrLine: {'line': b'\x1b[0m\n'}
[32.172149] (webots_ros2_mavic) StdoutLine: {'line': b'running egg_info\n'}
[32.172989] (webots_ros2_crazyflie) StdoutLine: {'line': b'creating ../../../build/webots_ros2_crazyflie/webots_ros2_crazyflie.egg-info\n'}
[32.173064] (webots_ros2_crazyflie) StdoutLine: {'line': b'writing ../../../build/webots_ros2_crazyflie/webots_ros2_crazyflie.egg-info/PKG-INFO\n'}
[32.173239] (webots_ros2_crazyflie) StdoutLine: {'line': b'writing dependency_links to ../../../build/webots_ros2_crazyflie/webots_ros2_crazyflie.egg-info/dependency_links.txt\n'}
[32.173378] (webots_ros2_crazyflie) StdoutLine: {'line': b'writing entry points to ../../../build/webots_ros2_crazyflie/webots_ros2_crazyflie.egg-info/entry_points.txt\n'}
[32.173467] (webots_ros2_crazyflie) StdoutLine: {'line': b'writing requirements to ../../../build/webots_ros2_crazyflie/webots_ros2_crazyflie.egg-info/requires.txt\n'}
[32.173521] (webots_ros2_crazyflie) StdoutLine: {'line': b'writing top-level names to ../../../build/webots_ros2_crazyflie/webots_ros2_crazyflie.egg-info/top_level.txt\n'}
[32.173548] (webots_ros2_crazyflie) StdoutLine: {'line': b"writing manifest file '../../../build/webots_ros2_crazyflie/webots_ros2_crazyflie.egg-info/SOURCES.txt'\n"}
[32.178147] (webots_ros2_tesla) StdoutLine: {'line': b'creating ../../../build/webots_ros2_tesla/webots_ros2_tesla.egg-info\n'}
[32.178321] (webots_ros2_tesla) StdoutLine: {'line': b'writing ../../../build/webots_ros2_tesla/webots_ros2_tesla.egg-info/PKG-INFO\n'}
[32.178483] (webots_ros2_tesla) StdoutLine: {'line': b'writing dependency_links to ../../../build/webots_ros2_tesla/webots_ros2_tesla.egg-info/dependency_links.txt\n'}
[32.178598] (webots_ros2_tesla) StdoutLine: {'line': b'writing entry points to ../../../build/webots_ros2_tesla/webots_ros2_tesla.egg-info/entry_points.txt\n'}
[32.178644] (webots_ros2_tesla) StdoutLine: {'line': b'writing requirements to ../../../build/webots_ros2_tesla/webots_ros2_tesla.egg-info/requires.txt\n'}
[32.178693] (webots_ros2_tesla) StdoutLine: {'line': b'writing top-level names to ../../../build/webots_ros2_tesla/webots_ros2_tesla.egg-info/top_level.txt\n'}
[32.178732] (webots_ros2_tesla) StdoutLine: {'line': b"writing manifest file '../../../build/webots_ros2_tesla/webots_ros2_tesla.egg-info/SOURCES.txt'\n"}
[32.181684] (my_robot_pkg) StdoutLine: {'line': b'creating ../../build/my_robot_pkg/my_robot_pkg.egg-info\n'}
[32.181756] (my_robot_pkg) StdoutLine: {'line': b'writing ../../build/my_robot_pkg/my_robot_pkg.egg-info/PKG-INFO\n'}
[32.182056] (my_robot_pkg) StdoutLine: {'line': b'writing dependency_links to ../../build/my_robot_pkg/my_robot_pkg.egg-info/dependency_links.txt\n'}
[32.182222] (my_robot_pkg) StdoutLine: {'line': b'writing requirements to ../../build/my_robot_pkg/my_robot_pkg.egg-info/requires.txt\n'}
[32.182266] (my_robot_pkg) StdoutLine: {'line': b'writing top-level names to ../../build/my_robot_pkg/my_robot_pkg.egg-info/top_level.txt\n'}
[32.182334] (my_robot_pkg) StdoutLine: {'line': b"writing manifest file '../../build/my_robot_pkg/my_robot_pkg.egg-info/SOURCES.txt'\n"}
[32.183586] (webots_ros2_mavic) StdoutLine: {'line': b'creating ../../../build/webots_ros2_mavic/webots_ros2_mavic.egg-info\n'}
[32.183642] (webots_ros2_mavic) StdoutLine: {'line': b'writing ../../../build/webots_ros2_mavic/webots_ros2_mavic.egg-info/PKG-INFO\n'}
[32.183874] (webots_ros2_mavic) StdoutLine: {'line': b'writing dependency_links to ../../../build/webots_ros2_mavic/webots_ros2_mavic.egg-info/dependency_links.txt\n'}
[32.183965] (webots_ros2_mavic) StdoutLine: {'line': b'writing entry points to ../../../build/webots_ros2_mavic/webots_ros2_mavic.egg-info/entry_points.txt\n'}
[32.184044] (webots_ros2_mavic) StdoutLine: {'line': b'writing requirements to ../../../build/webots_ros2_mavic/webots_ros2_mavic.egg-info/requires.txt\n'}
[32.184082] (webots_ros2_mavic) StdoutLine: {'line': b'writing top-level names to ../../../build/webots_ros2_mavic/webots_ros2_mavic.egg-info/top_level.txt\n'}
[32.184133] (webots_ros2_mavic) StdoutLine: {'line': b"writing manifest file '../../../build/webots_ros2_mavic/webots_ros2_mavic.egg-info/SOURCES.txt'\n"}
[32.198219] (webots_ros2_crazyflie) StdoutLine: {'line': b"reading manifest file '../../../build/webots_ros2_crazyflie/webots_ros2_crazyflie.egg-info/SOURCES.txt'\n"}
[32.198825] (webots_ros2_crazyflie) StdoutLine: {'line': b"writing manifest file '../../../build/webots_ros2_crazyflie/webots_ros2_crazyflie.egg-info/SOURCES.txt'\n"}
[32.198868] (webots_ros2_crazyflie) StdoutLine: {'line': b'running build\n'}
[32.198902] (webots_ros2_crazyflie) StdoutLine: {'line': b'running build_py\n'}
[32.198985] (webots_ros2_crazyflie) StdoutLine: {'line': b'creating /home/onur/autonomous_robot/build/webots_ros2_crazyflie/build/lib/webots_ros2_crazyflie\n'}
[32.199092] (webots_ros2_crazyflie) StdoutLine: {'line': b'copying webots_ros2_crazyflie/crazyflie_driver.py -> /home/onur/autonomous_robot/build/webots_ros2_crazyflie/build/lib/webots_ros2_crazyflie\n'}
[32.199155] (webots_ros2_crazyflie) StdoutLine: {'line': b'copying webots_ros2_crazyflie/__init__.py -> /home/onur/autonomous_robot/build/webots_ros2_crazyflie/build/lib/webots_ros2_crazyflie\n'}
[32.199300] (webots_ros2_crazyflie) StdoutLine: {'line': b'running install\n'}
[32.202504] (webots_ros2_crazyflie) StdoutLine: {'line': b'running install_lib\n'}
[32.203208] (webots_ros2_tesla) StdoutLine: {'line': b"reading manifest file '../../../build/webots_ros2_tesla/webots_ros2_tesla.egg-info/SOURCES.txt'\n"}
[32.203811] (webots_ros2_tesla) StdoutLine: {'line': b"writing manifest file '../../../build/webots_ros2_tesla/webots_ros2_tesla.egg-info/SOURCES.txt'\n"}
[32.203867] (webots_ros2_tesla) StdoutLine: {'line': b'running build\n'}
[32.203919] (webots_ros2_tesla) StdoutLine: {'line': b'running build_py\n'}
[32.203959] (webots_ros2_tesla) StdoutLine: {'line': b'creating /home/onur/autonomous_robot/build/webots_ros2_tesla/build/lib/webots_ros2_tesla\n'}
[32.204050] (webots_ros2_tesla) StdoutLine: {'line': b'copying webots_ros2_tesla/lane_follower.py -> /home/onur/autonomous_robot/build/webots_ros2_tesla/build/lib/webots_ros2_tesla\n'}
[32.204152] (webots_ros2_tesla) StdoutLine: {'line': b'copying webots_ros2_tesla/__init__.py -> /home/onur/autonomous_robot/build/webots_ros2_tesla/build/lib/webots_ros2_tesla\n'}
[32.204216] (webots_ros2_tesla) StdoutLine: {'line': b'copying webots_ros2_tesla/tesla_driver.py -> /home/onur/autonomous_robot/build/webots_ros2_tesla/build/lib/webots_ros2_tesla\n'}
[32.204375] (webots_ros2_tesla) StdoutLine: {'line': b'running install\n'}
[32.206847] (my_robot_pkg) StdoutLine: {'line': b"reading manifest file '../../build/my_robot_pkg/my_robot_pkg.egg-info/SOURCES.txt'\n"}
[32.207379] (my_robot_pkg) StdoutLine: {'line': b"writing manifest file '../../build/my_robot_pkg/my_robot_pkg.egg-info/SOURCES.txt'\n"}
[32.207453] (my_robot_pkg) StdoutLine: {'line': b'running build\n'}
[32.207483] (webots_ros2_tesla) StdoutLine: {'line': b'running install_lib\n'}
[32.207541] (my_robot_pkg) StdoutLine: {'line': b'running build_py\n'}
[32.207568] (my_robot_pkg) StdoutLine: {'line': b'creating /home/onur/autonomous_robot/build/my_robot_pkg/build/lib/my_robot_pkg\n'}
[32.207613] (my_robot_pkg) StdoutLine: {'line': b'copying my_robot_pkg/__init__.py -> /home/onur/autonomous_robot/build/my_robot_pkg/build/lib/my_robot_pkg\n'}
[32.207777] (my_robot_pkg) StdoutLine: {'line': b'copying my_robot_pkg/py.typed -> /home/onur/autonomous_robot/build/my_robot_pkg/build/lib/my_robot_pkg\n'}
[32.207863] (my_robot_pkg) StdoutLine: {'line': b'running install\n'}
[32.209011] (webots_ros2_mavic) StdoutLine: {'line': b"reading manifest file '../../../build/webots_ros2_mavic/webots_ros2_mavic.egg-info/SOURCES.txt'\n"}
[32.209579] (webots_ros2_mavic) StdoutLine: {'line': b"writing manifest file '../../../build/webots_ros2_mavic/webots_ros2_mavic.egg-info/SOURCES.txt'\n"}
[32.209628] (webots_ros2_mavic) StdoutLine: {'line': b'running build\n'}
[32.209674] (webots_ros2_mavic) StdoutLine: {'line': b'running build_py\n'}
[32.209747] (webots_ros2_mavic) StdoutLine: {'line': b'creating /home/onur/autonomous_robot/build/webots_ros2_mavic/build/lib/webots_ros2_mavic\n'}
[32.209851] (webots_ros2_mavic) StdoutLine: {'line': b'copying webots_ros2_mavic/mavic_driver.py -> /home/onur/autonomous_robot/build/webots_ros2_mavic/build/lib/webots_ros2_mavic\n'}
[32.209962] (webots_ros2_mavic) StdoutLine: {'line': b'copying webots_ros2_mavic/__init__.py -> /home/onur/autonomous_robot/build/webots_ros2_mavic/build/lib/webots_ros2_mavic\n'}
[32.210117] (webots_ros2_mavic) StdoutLine: {'line': b'running install\n'}
[32.210958] (my_robot_pkg) StdoutLine: {'line': b'running install_lib\n'}
[32.213323] (webots_ros2_mavic) StdoutLine: {'line': b'running install_lib\n'}
[32.214052] (webots_ros2_crazyflie) StdoutLine: {'line': b'creating /home/onur/autonomous_robot/install/webots_ros2_crazyflie/lib/python3.14/site-packages/webots_ros2_crazyflie\n'}
[32.214113] (webots_ros2_crazyflie) StdoutLine: {'line': b'copying /home/onur/autonomous_robot/build/webots_ros2_crazyflie/build/lib/webots_ros2_crazyflie/crazyflie_driver.py -> /home/onur/autonomous_robot/install/webots_ros2_crazyflie/lib/python3.14/site-packages/webots_ros2_crazyflie\n'}
[32.214200] (webots_ros2_crazyflie) StdoutLine: {'line': b'copying /home/onur/autonomous_robot/build/webots_ros2_crazyflie/build/lib/webots_ros2_crazyflie/__init__.py -> /home/onur/autonomous_robot/install/webots_ros2_crazyflie/lib/python3.14/site-packages/webots_ros2_crazyflie\n'}
[32.214616] (webots_ros2_crazyflie) StdoutLine: {'line': b'byte-compiling /home/onur/autonomous_robot/install/webots_ros2_crazyflie/lib/python3.14/site-packages/webots_ros2_crazyflie/crazyflie_driver.py to crazyflie_driver.cpython-314.pyc\n'}
[32.214946] (-) TimerEvent: {}
[32.215974] (webots_ros2_crazyflie) StdoutLine: {'line': b'byte-compiling /home/onur/autonomous_robot/install/webots_ros2_crazyflie/lib/python3.14/site-packages/webots_ros2_crazyflie/__init__.py to __init__.cpython-314.pyc\n'}
[32.216158] (webots_ros2_crazyflie) StdoutLine: {'line': b'running install_data\n'}
[32.216285] (webots_ros2_crazyflie) StdoutLine: {'line': b'creating /home/onur/autonomous_robot/install/webots_ros2_crazyflie/share/ament_index/resource_index/packages\n'}
[32.216411] (webots_ros2_crazyflie) StdoutLine: {'line': b'copying resource/webots_ros2_crazyflie -> /home/onur/autonomous_robot/install/webots_ros2_crazyflie/share/ament_index/resource_index/packages\n'}
[32.216526] (webots_ros2_crazyflie) StdoutLine: {'line': b'creating /home/onur/autonomous_robot/install/webots_ros2_crazyflie/share/webots_ros2_crazyflie/launch\n'}
[32.216639] (webots_ros2_crazyflie) StdoutLine: {'line': b'copying launch/robot_launch.py -> /home/onur/autonomous_robot/install/webots_ros2_crazyflie/share/webots_ros2_crazyflie/launch\n'}
[32.216760] (webots_ros2_crazyflie) StdoutLine: {'line': b'creating /home/onur/autonomous_robot/install/webots_ros2_crazyflie/share/webots_ros2_crazyflie/worlds\n'}
[32.216850] (webots_ros2_crazyflie) StdoutLine: {'line': b'copying worlds/crazyflie_apartment.wbt -> /home/onur/autonomous_robot/install/webots_ros2_crazyflie/share/webots_ros2_crazyflie/worlds\n'}
[32.216961] (webots_ros2_crazyflie) StdoutLine: {'line': b'copying worlds/.crazyflie_apartment.wbproj -> /home/onur/autonomous_robot/install/webots_ros2_crazyflie/share/webots_ros2_crazyflie/worlds\n'}
[32.217036] (webots_ros2_crazyflie) StdoutLine: {'line': b'creating /home/onur/autonomous_robot/install/webots_ros2_crazyflie/share/webots_ros2_crazyflie/resource\n'}
[32.217119] (webots_ros2_crazyflie) StdoutLine: {'line': b'copying resource/crazyflie_webots.urdf -> /home/onur/autonomous_robot/install/webots_ros2_crazyflie/share/webots_ros2_crazyflie/resource\n'}
[32.217192] (webots_ros2_crazyflie) StdoutLine: {'line': b'copying package.xml -> /home/onur/autonomous_robot/install/webots_ros2_crazyflie/share/webots_ros2_crazyflie\n'}
[32.217265] (webots_ros2_crazyflie) StdoutLine: {'line': b'running install_egg_info\n'}
[32.219135] (webots_ros2_tesla) StdoutLine: {'line': b'creating /home/onur/autonomous_robot/install/webots_ros2_tesla/lib/python3.14/site-packages/webots_ros2_tesla\n'}
[32.219279] (webots_ros2_tesla) StdoutLine: {'line': b'copying /home/onur/autonomous_robot/build/webots_ros2_tesla/build/lib/webots_ros2_tesla/lane_follower.py -> /home/onur/autonomous_robot/install/webots_ros2_tesla/lib/python3.14/site-packages/webots_ros2_tesla\n'}
[32.219382] (webots_ros2_tesla) StdoutLine: {'line': b'copying /home/onur/autonomous_robot/build/webots_ros2_tesla/build/lib/webots_ros2_tesla/__init__.py -> /home/onur/autonomous_robot/install/webots_ros2_tesla/lib/python3.14/site-packages/webots_ros2_tesla\n'}
[32.219455] (webots_ros2_tesla) StdoutLine: {'line': b'copying /home/onur/autonomous_robot/build/webots_ros2_tesla/build/lib/webots_ros2_tesla/tesla_driver.py -> /home/onur/autonomous_robot/install/webots_ros2_tesla/lib/python3.14/site-packages/webots_ros2_tesla\n'}
[32.219677] (webots_ros2_tesla) StdoutLine: {'line': b'byte-compiling /home/onur/autonomous_robot/install/webots_ros2_tesla/lib/python3.14/site-packages/webots_ros2_tesla/lane_follower.py to lane_follower.cpython-314.pyc\n'}
[32.220279] (webots_ros2_tesla) StdoutLine: {'line': b'byte-compiling /home/onur/autonomous_robot/install/webots_ros2_tesla/lib/python3.14/site-packages/webots_ros2_tesla/__init__.py to __init__.cpython-314.pyc\n'}
[32.220380] (webots_ros2_tesla) StdoutLine: {'line': b'byte-compiling /home/onur/autonomous_robot/install/webots_ros2_tesla/lib/python3.14/site-packages/webots_ros2_tesla/tesla_driver.py to tesla_driver.cpython-314.pyc\n'}
[32.220590] (webots_ros2_tesla) StdoutLine: {'line': b'running install_data\n'}
[32.220735] (webots_ros2_tesla) StdoutLine: {'line': b'creating /home/onur/autonomous_robot/install/webots_ros2_tesla/share/ament_index/resource_index/packages\n'}
[32.220826] (webots_ros2_tesla) StdoutLine: {'line': b'copying resource/webots_ros2_tesla -> /home/onur/autonomous_robot/install/webots_ros2_tesla/share/ament_index/resource_index/packages\n'}
[32.220951] (webots_ros2_tesla) StdoutLine: {'line': b'creating /home/onur/autonomous_robot/install/webots_ros2_tesla/share/webots_ros2_tesla/launch\n'}
[32.221060] (webots_ros2_tesla) StdoutLine: {'line': b'copying launch/robot_launch.py -> /home/onur/autonomous_robot/install/webots_ros2_tesla/share/webots_ros2_tesla/launch\n'}
[32.221160] (webots_ros2_tesla) StdoutLine: {'line': b'creating /home/onur/autonomous_robot/install/webots_ros2_tesla/share/webots_ros2_tesla/worlds\n'}
[32.221259] (webots_ros2_tesla) StdoutLine: {'line': b'copying worlds/tesla_world.wbt -> /home/onur/autonomous_robot/install/webots_ros2_tesla/share/webots_ros2_tesla/worlds\n'}
[32.221350] (webots_ros2_tesla) StdoutLine: {'line': b'copying worlds/.tesla_world.wbproj -> /home/onur/autonomous_robot/install/webots_ros2_tesla/share/webots_ros2_tesla/worlds\n'}
[32.221445] (webots_ros2_tesla) StdoutLine: {'line': b'creating /home/onur/autonomous_robot/install/webots_ros2_tesla/share/webots_ros2_tesla/resource\n'}
[32.221516] (webots_ros2_tesla) StdoutLine: {'line': b'copying resource/tesla_webots.urdf -> /home/onur/autonomous_robot/install/webots_ros2_tesla/share/webots_ros2_tesla/resource\n'}
[32.221585] (webots_ros2_tesla) StdoutLine: {'line': b'copying package.xml -> /home/onur/autonomous_robot/install/webots_ros2_tesla/share/webots_ros2_tesla\n'}
[32.221655] (webots_ros2_tesla) StdoutLine: {'line': b'running install_egg_info\n'}
[32.222513] (my_robot_pkg) StdoutLine: {'line': b'creating /home/onur/autonomous_robot/install/my_robot_pkg/lib/python3.14/site-packages/my_robot_pkg\n'}
[32.222669] (my_robot_pkg) StdoutLine: {'line': b'copying /home/onur/autonomous_robot/build/my_robot_pkg/build/lib/my_robot_pkg/__init__.py -> /home/onur/autonomous_robot/install/my_robot_pkg/lib/python3.14/site-packages/my_robot_pkg\n'}
[32.222760] (my_robot_pkg) StdoutLine: {'line': b'copying /home/onur/autonomous_robot/build/my_robot_pkg/build/lib/my_robot_pkg/py.typed -> /home/onur/autonomous_robot/install/my_robot_pkg/lib/python3.14/site-packages/my_robot_pkg\n'}
[32.222946] (my_robot_pkg) StdoutLine: {'line': b'byte-compiling /home/onur/autonomous_robot/install/my_robot_pkg/lib/python3.14/site-packages/my_robot_pkg/__init__.py to __init__.cpython-314.pyc\n'}
[32.223075] (my_robot_pkg) StdoutLine: {'line': b'running install_data\n'}
[32.223198] (my_robot_pkg) StdoutLine: {'line': b'creating /home/onur/autonomous_robot/install/my_robot_pkg/share/ament_index/resource_index/packages\n'}
[32.223307] (my_robot_pkg) StdoutLine: {'line': b'copying resource/my_robot_pkg -> /home/onur/autonomous_robot/install/my_robot_pkg/share/ament_index/resource_index/packages\n'}
[32.223421] (my_robot_pkg) StdoutLine: {'line': b'copying package.xml -> /home/onur/autonomous_robot/install/my_robot_pkg/share/my_robot_pkg\n'}
[32.223530] (my_robot_pkg) StdoutLine: {'line': b'running install_egg_info\n'}
[32.225181] (webots_ros2_mavic) StdoutLine: {'line': b'creating /home/onur/autonomous_robot/install/webots_ros2_mavic/lib/python3.14/site-packages/webots_ros2_mavic\n'}
[32.225291] (webots_ros2_mavic) StdoutLine: {'line': b'copying /home/onur/autonomous_robot/build/webots_ros2_mavic/build/lib/webots_ros2_mavic/mavic_driver.py -> /home/onur/autonomous_robot/install/webots_ros2_mavic/lib/python3.14/site-packages/webots_ros2_mavic\n'}
[32.225401] (webots_ros2_mavic) StdoutLine: {'line': b'copying /home/onur/autonomous_robot/build/webots_ros2_mavic/build/lib/webots_ros2_mavic/__init__.py -> /home/onur/autonomous_robot/install/webots_ros2_mavic/lib/python3.14/site-packages/webots_ros2_mavic\n'}
[32.225692] (webots_ros2_mavic) StdoutLine: {'line': b'byte-compiling /home/onur/autonomous_robot/install/webots_ros2_mavic/lib/python3.14/site-packages/webots_ros2_mavic/mavic_driver.py to mavic_driver.cpython-314.pyc\n'}
[32.226487] (webots_ros2_mavic) StdoutLine: {'line': b'byte-compiling /home/onur/autonomous_robot/install/webots_ros2_mavic/lib/python3.14/site-packages/webots_ros2_mavic/__init__.py to __init__.cpython-314.pyc\n'}
[32.226587] (webots_ros2_mavic) StdoutLine: {'line': b'running install_data\n'}
[32.226679] (webots_ros2_mavic) StdoutLine: {'line': b'creating /home/onur/autonomous_robot/install/webots_ros2_mavic/share/ament_index/resource_index/packages\n'}
[32.226773] (webots_ros2_mavic) StdoutLine: {'line': b'copying resource/webots_ros2_mavic -> /home/onur/autonomous_robot/install/webots_ros2_mavic/share/ament_index/resource_index/packages\n'}
[32.226873] (webots_ros2_mavic) StdoutLine: {'line': b'creating /home/onur/autonomous_robot/install/webots_ros2_mavic/share/webots_ros2_mavic/launch\n'}
[32.226969] (webots_ros2_mavic) StdoutLine: {'line': b'copying launch/robot_launch.py -> /home/onur/autonomous_robot/install/webots_ros2_mavic/share/webots_ros2_mavic/launch\n'}
[32.227069] (webots_ros2_mavic) StdoutLine: {'line': b'creating /home/onur/autonomous_robot/install/webots_ros2_mavic/share/webots_ros2_mavic/worlds\n'}
[32.227185] (webots_ros2_mavic) StdoutLine: {'line': b'copying worlds/mavic_world.wbt -> /home/onur/autonomous_robot/install/webots_ros2_mavic/share/webots_ros2_mavic/worlds\n'}
[32.227275] (webots_ros2_mavic) StdoutLine: {'line': b'copying worlds/.mavic_world.wbproj -> /home/onur/autonomous_robot/install/webots_ros2_mavic/share/webots_ros2_mavic/worlds\n'}
[32.227365] (webots_ros2_mavic) StdoutLine: {'line': b'creating /home/onur/autonomous_robot/install/webots_ros2_mavic/share/webots_ros2_mavic/resource\n'}
[32.227436] (webots_ros2_mavic) StdoutLine: {'line': b'copying resource/mavic_webots.urdf -> /home/onur/autonomous_robot/install/webots_ros2_mavic/share/webots_ros2_mavic/resource\n'}
[32.227507] (webots_ros2_mavic) StdoutLine: {'line': b'copying package.xml -> /home/onur/autonomous_robot/install/webots_ros2_mavic/share/webots_ros2_mavic\n'}
[32.227584] (webots_ros2_mavic) StdoutLine: {'line': b'running install_egg_info\n'}
[32.228831] (webots_ros2_crazyflie) StdoutLine: {'line': b'Copying ../../../build/webots_ros2_crazyflie/webots_ros2_crazyflie.egg-info to /home/onur/autonomous_robot/install/webots_ros2_crazyflie/lib/python3.14/site-packages/webots_ros2_crazyflie-2025.0.1-py3.14.egg-info\n'}
[32.229187] (webots_ros2_crazyflie) StdoutLine: {'line': b'running install_scripts\n'}
[32.233061] (webots_ros2_tesla) StdoutLine: {'line': b'Copying ../../../build/webots_ros2_tesla/webots_ros2_tesla.egg-info to /home/onur/autonomous_robot/install/webots_ros2_tesla/lib/python3.14/site-packages/webots_ros2_tesla-2025.0.1-py3.14.egg-info\n'}
[32.233479] (webots_ros2_tesla) StdoutLine: {'line': b'running install_scripts\n'}
[32.234974] (my_robot_pkg) StdoutLine: {'line': b'Copying ../../build/my_robot_pkg/my_robot_pkg.egg-info to /home/onur/autonomous_robot/install/my_robot_pkg/lib/python3.14/site-packages/my_robot_pkg-0.0.0-py3.14.egg-info\n'}
[32.235337] (my_robot_pkg) StdoutLine: {'line': b'running install_scripts\n'}
[32.239311] (webots_ros2_mavic) StdoutLine: {'line': b'Copying ../../../build/webots_ros2_mavic/webots_ros2_mavic.egg-info to /home/onur/autonomous_robot/install/webots_ros2_mavic/lib/python3.14/site-packages/webots_ros2_mavic-2025.0.1-py3.14.egg-info\n'}
[32.239673] (webots_ros2_mavic) StdoutLine: {'line': b'running install_scripts\n'}
[32.250469] (webots_ros2_control) StdoutLine: {'line': b'-- Configuring done (1.2s)\n'}
[32.276449] (webots_ros2_control) StdoutLine: {'line': b'-- Generating done (0.0s)\n'}
[32.288836] (webots_ros2_crazyflie) StdoutLine: {'line': b'Installing crazyflie_driver script to /home/onur/autonomous_robot/install/webots_ros2_crazyflie/lib/webots_ros2_crazyflie\n'}
[32.289041] (webots_ros2_crazyflie) StdoutLine: {'line': b"writing list of installed files to '/home/onur/autonomous_robot/build/webots_ros2_crazyflie/install.log'\n"}
[32.293027] (webots_ros2_tesla) StdoutLine: {'line': b'Installing lane_follower script to /home/onur/autonomous_robot/install/webots_ros2_tesla/lib/webots_ros2_tesla\n'}
[32.293257] (webots_ros2_tesla) StdoutLine: {'line': b"writing list of installed files to '/home/onur/autonomous_robot/build/webots_ros2_tesla/install.log'\n"}
[32.294487] (my_robot_pkg) StdoutLine: {'line': b"writing list of installed files to '/home/onur/autonomous_robot/build/my_robot_pkg/install.log'\n"}
[32.300106] (webots_ros2_mavic) StdoutLine: {'line': b"writing list of installed files to '/home/onur/autonomous_robot/build/webots_ros2_mavic/install.log'\n"}
[32.315047] (-) TimerEvent: {}
[32.317860] (webots_ros2_control) StdoutLine: {'line': b'-- Build files have been written to: /home/onur/autonomous_robot/build/webots_ros2_control\n'}
[32.321371] (webots_ros2_crazyflie) CommandEnded: {'returncode': 0}
[32.326728] (webots_ros2_crazyflie) JobEnded: {'identifier': 'webots_ros2_crazyflie', 'rc': 0}
[32.327553] (webots_ros2_control) CommandEnded: {'returncode': 0}
[32.327951] (webots_ros2_control) JobProgress: {'identifier': 'webots_ros2_control', 'progress': 'build'}
[32.327967] (webots_ros2_control) Command: {'cmd': ['/usr/bin/cmake', '--build', '/home/onur/autonomous_robot/build/webots_ros2_control', '--', '-j16', '-l16'], 'cwd': '/home/onur/autonomous_robot/build/webots_ros2_control', 'env': OrderedDict({'LESSOPEN': '| /usr/bin/lesspipe %s', 'USER': 'onur', 'GZ_CONFIG_PATH': '/opt/ros/lyrical/opt/sdformat_vendor/share/gz', 'XDG_SESSION_TYPE': 'wayland', 'PTYXIS_VERSION': '50.1', 'SHLVL': '1', 'LD_LIBRARY_PATH': '/home/onur/autonomous_robot/install/webots_ros2_driver/lib:/home/onur/autonomous_robot/install/webots_ros2_msgs/lib:/opt/ros/lyrical/opt/sdformat_vendor/lib:/opt/ros/lyrical/opt/gz_tools_vendor/lib:/opt/ros/lyrical/opt/gz_math_vendor/lib:/opt/ros/lyrical/opt/gz_utils_vendor/lib:/opt/ros/lyrical/opt/rviz_ogre_vendor/lib:/opt/ros/lyrical/lib/x86_64-linux-gnu:/opt/ros/lyrical/opt/gz_cmake_vendor/lib:/opt/ros/lyrical/lib', 'HOME': '/home/onur', 'OLDPWD': '/home/onur/autonomous_robot/src/webots_ros2', 'DESKTOP_SESSION': 'ubuntu', 'NVM_BIN': '/home/onur/.nvm/versions/node/v24.20.0/bin', 'NVM_INC': '/home/onur/.nvm/versions/node/v24.20.0/include/node', 'IM_CONFIG_ENTRY': 'profile', 'ROS_PYTHON_VERSION': '3', 'GTK_MODULES': 'gail:atk-bridge', 'MANAGERPID': '5622', 'DBUS_STARTER_BUS_TYPE': 'session', 'SYSTEMD_EXEC_PID': '5679', 'DBUS_SESSION_BUS_ADDRESS': 'unix:path=/run/user/1000/bus,guid=3e7ce15796779a58c58491916aa4375c', 'COLORTERM': 'truecolor', 'NVM_DIR': '/home/onur/.nvm', 'DEBUGINFOD_URLS': 'https://debuginfod.ubuntu.com', 'WAYLAND_DISPLAY': 'wayland-0', 'COLCON_PREFIX_PATH': '/home/onur/autonomous_robot/install', 'ROS_DISTRO': 'lyrical', 'LOGNAME': 'onur', 'MANAGERPIDFDID': '12827', '_': '/usr/bin/colcon', 'ROS_VERSION': '2', 'MEMORY_PRESSURE_WATCH': '/sys/fs/cgroup/user.slice/user-1000.slice/user@1000.service/session.slice/dbus.service/memory.pressure', 'XDG_SESSION_CLASS': 'user', 'USERNAME': 'onur', 'TERM': 'xterm-256color', 'GNOME_DESKTOP_SESSION_ID': 'this-is-deprecated', 'FLATPAK_TTY_PROGRESS': '1', 'PATH': '/opt/ros/lyrical/opt/gz_tools_vendor/bin:/opt/ros/lyrical/bin:/home/onur/.opencode/bin:/home/onur/.nvm/versions/node/v24.20.0/bin:/home/onur/.local/bin:/home/onur/.local/bin:/home/onur/.local/bin:/home/onur/.local/bin:/usr/local/sbin:/usr/local/bin:/usr/sbin:/usr/bin:/sbin:/bin:/usr/games:/usr/local/games:/snap/bin:/snap/bin:/home/onur/webots', 'INVOCATION_ID': '83eb2fbf06af433aae37214d63a74bec', 'XDG_MENU_PREFIX': 'gnome-', 'PTYXIS_PROFILE': '82a4d075e8ab3fd0d3bfb7fa6a8dfdba', 'GNOME_SETUP_DISPLAY': 'unix:/tmp/.X11-unix/X1', 'XDG_RUNTIME_DIR': '/run/user/1000', 'DISPLAY': ':0', 'LANG': 'en_US.UTF-8', 'XDG_CURRENT_DESKTOP': 'ubuntu:GNOME', 'XMODIFIERS': '@im=ibus', 'XDG_SESSION_DESKTOP': 'ubuntu', 'XAUTHORITY': '/run/user/1000/.mutter-Xwaylandauth.H8PHV3', 'LS_COLORS': 'rs=0:di=01;34:ln=01;36:mh=00:pi=40;33:so=01;35:do=01;35:bd=40;33;01:cd=40;33;01:or=40;31;01:mi=00:su=37;41:sg=30;43:ca=00:tw=30;42:ow=34;42:st=37;44:ex=01;32:*.tar=01;31:*.tgz=01;31:*.arc=01;31:*.arj=01;31:*.taz=01;31:*.lha=01;31:*.lz4=01;31:*.lzh=01;31:*.lzma=01;31:*.tlz=01;31:*.txz=01;31:*.tzo=01;31:*.t7z=01;31:*.zip=01;31:*.z=01;31:*.dz=01;31:*.gz=01;31:*.lrz=01;31:*.lz=01;31:*.lzo=01;31:*.xz=01;31:*.zst=01;31:*.tzst=01;31:*.bz2=01;31:*.bz=01;31:*.tbz=01;31:*.tbz2=01;31:*.tz=01;31:*.deb=01;31:*.rpm=01;31:*.jar=01;31:*.war=01;31:*.ear=01;31:*.sar=01;31:*.rar=01;31:*.alz=01;31:*.ace=01;31:*.zoo=01;31:*.cpio=01;31:*.7z=01;31:*.rz=01;31:*.cab=01;31:*.wim=01;31:*.swm=01;31:*.dwm=01;31:*.esd=01;31:*.avif=01;35:*.jpg=01;35:*.jpeg=01;35:*.mjpg=01;35:*.mjpeg=01;35:*.gif=01;35:*.bmp=01;35:*.pbm=01;35:*.pgm=01;35:*.ppm=01;35:*.tga=01;35:*.xbm=01;35:*.xpm=01;35:*.tif=01;35:*.tiff=01;35:*.png=01;35:*.svg=01;35:*.svgz=01;35:*.mng=01;35:*.pcx=01;35:*.mov=01;35:*.mpg=01;35:*.mpeg=01;35:*.m2v=01;35:*.mkv=01;35:*.webm=01;35:*.webp=01;35:*.ogm=01;35:*.mp4=01;35:*.m4v=01;35:*.mp4v=01;35:*.vob=01;35:*.qt=01;35:*.nuv=01;35:*.wmv=01;35:*.asf=01;35:*.rm=01;35:*.rmvb=01;35:*.flc=01;35:*.avi=01;35:*.fli=01;35:*.flv=01;35:*.gl=01;35:*.dl=01;35:*.xcf=01;35:*.xwd=01;35:*.yuv=01;35:*.cgm=01;35:*.emf=01;35:*.ogv=01;35:*.ogx=01;35:*.aac=00;36:*.au=00;36:*.flac=00;36:*.m4a=00;36:*.mid=00;36:*.midi=00;36:*.mka=00;36:*.mp3=00;36:*.mpc=00;36:*.ogg=00;36:*.ra=00;36:*.wav=00;36:*.oga=00;36:*.opus=00;36:*.spx=00;36:*.xspf=00;36:*~=00;90:*#=00;90:*.bak=00;90:*.old=00;90:*.orig=00;90:*.part=00;90:*.rej=00;90:*.swp=00;90:*.tmp=00;90:*.dpkg-dist=00;90:*.dpkg-old=00;90:*.ucf-dist=00;90:*.ucf-new=00;90:*.ucf-old=00;90:*.rpmnew=00;90:*.rpmorig=00;90:*.rpmsave=00;90:', 'SSH_AUTH_SOCK': '/run/user/1000/gcr/ssh', 'AMENT_PREFIX_PATH': '/home/onur/autonomous_robot/install/webots_ros2_driver:/home/onur/autonomous_robot/install/webots_ros2_msgs:/home/onur/autonomous_robot/install/webots_ros2_importer:/opt/ros/lyrical', 'SHELL': '/bin/bash', 'QT_ACCESSIBILITY': '1', 'GDMSESSION': 'ubuntu', 'WEBOTS_HOME': '/home/onur/webots', 'LESSCLOSE': '/usr/bin/lesspipe %s %s', 'GPG_AGENT_INFO': '/run/user/1000/gnupg/S.gpg-agent:0:1', 'ROS_AUTOMATIC_DISCOVERY_RANGE': 'SUBNET', 'QT_IM_MODULE': 'ibus', 'PWD': '/home/onur/autonomous_robot/build/webots_ros2_control', 'XDG_CONFIG_DIRS': '/etc/xdg/xdg-ubuntu:/etc/xdg', 'NVM_CD_FLAGS': '', 'DBUS_STARTER_ADDRESS': 'unix:path=/run/user/1000/bus,guid=3e7ce15796779a58c58491916aa4375c', 'XDG_DATA_DIRS': '/usr/share/ubuntu:/usr/share/gnome:/usr/local/share/:/usr/share/:/var/lib/snapd/desktop', 'XDG_SESSION_EXTRA_DEVICE_ACCESS': 'render:accel', 'PYTHONPATH': '/home/onur/autonomous_robot/install/webots_ros2_driver/lib/python3.14/site-packages:/home/onur/autonomous_robot/install/webots_ros2_msgs/lib/python3.14/site-packages:/home/onur/autonomous_robot/install/webots_ros2_importer/lib/python3.14/site-packages:/opt/ros/lyrical/opt/sdformat_vendor/lib/python:/opt/ros/lyrical/opt/gz_math_vendor/lib/python:/opt/ros/lyrical/lib/python3.14/site-packages', 'COLCON': '1', 'QT_IM_MODULES': 'wayland;ibus', 'MEMORY_PRESSURE_WRITE': 'c29tZSAyMDAwMDAgMjAwMDAwMAA=', 'VTE_VERSION': '8400', 'CMAKE_PREFIX_PATH': '/home/onur/autonomous_robot/install/webots_ros2_driver:/home/onur/autonomous_robot/install/webots_ros2_msgs:/opt/ros/lyrical/opt/sdformat_vendor:/opt/ros/lyrical/opt/gz_tools_vendor:/opt/ros/lyrical/opt/gz_math_vendor:/opt/ros/lyrical/opt/gz_utils_vendor:/opt/ros/lyrical/opt/gz_cmake_vendor:/opt/ros/lyrical'}), 'shell': False}
[32.329571] (webots_ros2_tesla) CommandEnded: {'returncode': 0}
[32.334612] (webots_ros2_tesla) JobEnded: {'identifier': 'webots_ros2_tesla', 'rc': 0}
[32.335205] (my_robot_pkg) CommandEnded: {'returncode': 0}
[32.339385] (my_robot_pkg) JobEnded: {'identifier': 'my_robot_pkg', 'rc': 0}
[32.339923] (webots_ros2_mavic) CommandEnded: {'returncode': 0}
[32.344407] (webots_ros2_mavic) JobEnded: {'identifier': 'webots_ros2_mavic', 'rc': 0}
[32.371132] (webots_ros2_control) StdoutLine: {'line': b'[ 25%] \x1b[32mBuilding CXX object CMakeFiles/webots_ros2_control_system.dir/src/Ros2ControlSystem.cpp.o\x1b[0m\n'}
[32.372556] (webots_ros2_control) StdoutLine: {'line': b'[ 50%] \x1b[32mBuilding CXX object CMakeFiles/webots_ros2_control.dir/src/Ros2Control.cpp.o\x1b[0m\n'}
[32.415140] (-) TimerEvent: {}
[32.515370] (-) TimerEvent: {}
[32.615775] (-) TimerEvent: {}
[32.716103] (-) TimerEvent: {}
[32.816353] (-) TimerEvent: {}
[32.916607] (-) TimerEvent: {}
[33.016927] (-) TimerEvent: {}
[33.117242] (-) TimerEvent: {}
[33.217502] (-) TimerEvent: {}
[33.317826] (-) TimerEvent: {}
[33.418055] (-) TimerEvent: {}
[33.518272] (-) TimerEvent: {}
[33.618536] (-) TimerEvent: {}
[33.718849] (-) TimerEvent: {}
[33.819190] (-) TimerEvent: {}
[33.919421] (-) TimerEvent: {}
[34.019736] (-) TimerEvent: {}
[34.120043] (-) TimerEvent: {}
[34.220259] (-) TimerEvent: {}
[34.320582] (-) TimerEvent: {}
[34.420806] (-) TimerEvent: {}
[34.521031] (-) TimerEvent: {}
[34.621297] (-) TimerEvent: {}
[34.721549] (-) TimerEvent: {}
[34.821879] (-) TimerEvent: {}
[34.922170] (-) TimerEvent: {}
[35.022420] (-) TimerEvent: {}
[35.122743] (-) TimerEvent: {}
[35.223049] (-) TimerEvent: {}
[35.323269] (-) TimerEvent: {}
[35.423486] (-) TimerEvent: {}
[35.523804] (-) TimerEvent: {}
[35.624035] (-) TimerEvent: {}
[35.724250] (-) TimerEvent: {}
[35.769308] (webots_ros2_control) StdoutLine: {'line': b'[ 75%] \x1b[1m\x1b[32mLinking CXX shared library libwebots_ros2_control_system.so\x1b[0m\n'}
[35.824408] (-) TimerEvent: {}
[35.905606] (webots_ros2_control) StdoutLine: {'line': b'[ 75%] Built target webots_ros2_control_system\n'}
[35.924542] (-) TimerEvent: {}
[36.024870] (-) TimerEvent: {}
[36.125202] (-) TimerEvent: {}
[36.225513] (-) TimerEvent: {}
[36.325911] (-) TimerEvent: {}
[36.426182] (-) TimerEvent: {}
[36.526578] (-) TimerEvent: {}
[36.626894] (-) TimerEvent: {}
[36.727218] (-) TimerEvent: {}
[36.827521] (-) TimerEvent: {}
[36.927837] (-) TimerEvent: {}
[36.932305] (webots_ros2_control) StdoutLine: {'line': b'[100%] \x1b[1m\x1b[32mLinking CXX shared library libwebots_ros2_control.so\x1b[0m\n'}
[37.027943] (-) TimerEvent: {}
[37.106010] (webots_ros2_control) StdoutLine: {'line': b'[100%] Built target webots_ros2_control\n'}
[37.113359] (webots_ros2_control) CommandEnded: {'returncode': 0}
[37.114834] (webots_ros2_control) JobProgress: {'identifier': 'webots_ros2_control', 'progress': 'install'}
[37.115365] (webots_ros2_control) Command: {'cmd': ['/usr/bin/cmake', '--install', '/home/onur/autonomous_robot/build/webots_ros2_control'], 'cwd': '/home/onur/autonomous_robot/build/webots_ros2_control', 'env': OrderedDict({'LESSOPEN': '| /usr/bin/lesspipe %s', 'USER': 'onur', 'GZ_CONFIG_PATH': '/opt/ros/lyrical/opt/sdformat_vendor/share/gz', 'XDG_SESSION_TYPE': 'wayland', 'PTYXIS_VERSION': '50.1', 'SHLVL': '1', 'LD_LIBRARY_PATH': '/home/onur/autonomous_robot/install/webots_ros2_driver/lib:/home/onur/autonomous_robot/install/webots_ros2_msgs/lib:/opt/ros/lyrical/opt/sdformat_vendor/lib:/opt/ros/lyrical/opt/gz_tools_vendor/lib:/opt/ros/lyrical/opt/gz_math_vendor/lib:/opt/ros/lyrical/opt/gz_utils_vendor/lib:/opt/ros/lyrical/opt/rviz_ogre_vendor/lib:/opt/ros/lyrical/lib/x86_64-linux-gnu:/opt/ros/lyrical/opt/gz_cmake_vendor/lib:/opt/ros/lyrical/lib', 'HOME': '/home/onur', 'OLDPWD': '/home/onur/autonomous_robot/src/webots_ros2', 'DESKTOP_SESSION': 'ubuntu', 'NVM_BIN': '/home/onur/.nvm/versions/node/v24.20.0/bin', 'NVM_INC': '/home/onur/.nvm/versions/node/v24.20.0/include/node', 'IM_CONFIG_ENTRY': 'profile', 'ROS_PYTHON_VERSION': '3', 'GTK_MODULES': 'gail:atk-bridge', 'MANAGERPID': '5622', 'DBUS_STARTER_BUS_TYPE': 'session', 'SYSTEMD_EXEC_PID': '5679', 'DBUS_SESSION_BUS_ADDRESS': 'unix:path=/run/user/1000/bus,guid=3e7ce15796779a58c58491916aa4375c', 'COLORTERM': 'truecolor', 'NVM_DIR': '/home/onur/.nvm', 'DEBUGINFOD_URLS': 'https://debuginfod.ubuntu.com', 'WAYLAND_DISPLAY': 'wayland-0', 'COLCON_PREFIX_PATH': '/home/onur/autonomous_robot/install', 'ROS_DISTRO': 'lyrical', 'LOGNAME': 'onur', 'MANAGERPIDFDID': '12827', '_': '/usr/bin/colcon', 'ROS_VERSION': '2', 'MEMORY_PRESSURE_WATCH': '/sys/fs/cgroup/user.slice/user-1000.slice/user@1000.service/session.slice/dbus.service/memory.pressure', 'XDG_SESSION_CLASS': 'user', 'USERNAME': 'onur', 'TERM': 'xterm-256color', 'GNOME_DESKTOP_SESSION_ID': 'this-is-deprecated', 'FLATPAK_TTY_PROGRESS': '1', 'PATH': '/opt/ros/lyrical/opt/gz_tools_vendor/bin:/opt/ros/lyrical/bin:/home/onur/.opencode/bin:/home/onur/.nvm/versions/node/v24.20.0/bin:/home/onur/.local/bin:/home/onur/.local/bin:/home/onur/.local/bin:/home/onur/.local/bin:/usr/local/sbin:/usr/local/bin:/usr/sbin:/usr/bin:/sbin:/bin:/usr/games:/usr/local/games:/snap/bin:/snap/bin:/home/onur/webots', 'INVOCATION_ID': '83eb2fbf06af433aae37214d63a74bec', 'XDG_MENU_PREFIX': 'gnome-', 'PTYXIS_PROFILE': '82a4d075e8ab3fd0d3bfb7fa6a8dfdba', 'GNOME_SETUP_DISPLAY': 'unix:/tmp/.X11-unix/X1', 'XDG_RUNTIME_DIR': '/run/user/1000', 'DISPLAY': ':0', 'LANG': 'en_US.UTF-8', 'XDG_CURRENT_DESKTOP': 'ubuntu:GNOME', 'XMODIFIERS': '@im=ibus', 'XDG_SESSION_DESKTOP': 'ubuntu', 'XAUTHORITY': '/run/user/1000/.mutter-Xwaylandauth.H8PHV3', 'LS_COLORS': 'rs=0:di=01;34:ln=01;36:mh=00:pi=40;33:so=01;35:do=01;35:bd=40;33;01:cd=40;33;01:or=40;31;01:mi=00:su=37;41:sg=30;43:ca=00:tw=30;42:ow=34;42:st=37;44:ex=01;32:*.tar=01;31:*.tgz=01;31:*.arc=01;31:*.arj=01;31:*.taz=01;31:*.lha=01;31:*.lz4=01;31:*.lzh=01;31:*.lzma=01;31:*.tlz=01;31:*.txz=01;31:*.tzo=01;31:*.t7z=01;31:*.zip=01;31:*.z=01;31:*.dz=01;31:*.gz=01;31:*.lrz=01;31:*.lz=01;31:*.lzo=01;31:*.xz=01;31:*.zst=01;31:*.tzst=01;31:*.bz2=01;31:*.bz=01;31:*.tbz=01;31:*.tbz2=01;31:*.tz=01;31:*.deb=01;31:*.rpm=01;31:*.jar=01;31:*.war=01;31:*.ear=01;31:*.sar=01;31:*.rar=01;31:*.alz=01;31:*.ace=01;31:*.zoo=01;31:*.cpio=01;31:*.7z=01;31:*.rz=01;31:*.cab=01;31:*.wim=01;31:*.swm=01;31:*.dwm=01;31:*.esd=01;31:*.avif=01;35:*.jpg=01;35:*.jpeg=01;35:*.mjpg=01;35:*.mjpeg=01;35:*.gif=01;35:*.bmp=01;35:*.pbm=01;35:*.pgm=01;35:*.ppm=01;35:*.tga=01;35:*.xbm=01;35:*.xpm=01;35:*.tif=01;35:*.tiff=01;35:*.png=01;35:*.svg=01;35:*.svgz=01;35:*.mng=01;35:*.pcx=01;35:*.mov=01;35:*.mpg=01;35:*.mpeg=01;35:*.m2v=01;35:*.mkv=01;35:*.webm=01;35:*.webp=01;35:*.ogm=01;35:*.mp4=01;35:*.m4v=01;35:*.mp4v=01;35:*.vob=01;35:*.qt=01;35:*.nuv=01;35:*.wmv=01;35:*.asf=01;35:*.rm=01;35:*.rmvb=01;35:*.flc=01;35:*.avi=01;35:*.fli=01;35:*.flv=01;35:*.gl=01;35:*.dl=01;35:*.xcf=01;35:*.xwd=01;35:*.yuv=01;35:*.cgm=01;35:*.emf=01;35:*.ogv=01;35:*.ogx=01;35:*.aac=00;36:*.au=00;36:*.flac=00;36:*.m4a=00;36:*.mid=00;36:*.midi=00;36:*.mka=00;36:*.mp3=00;36:*.mpc=00;36:*.ogg=00;36:*.ra=00;36:*.wav=00;36:*.oga=00;36:*.opus=00;36:*.spx=00;36:*.xspf=00;36:*~=00;90:*#=00;90:*.bak=00;90:*.old=00;90:*.orig=00;90:*.part=00;90:*.rej=00;90:*.swp=00;90:*.tmp=00;90:*.dpkg-dist=00;90:*.dpkg-old=00;90:*.ucf-dist=00;90:*.ucf-new=00;90:*.ucf-old=00;90:*.rpmnew=00;90:*.rpmorig=00;90:*.rpmsave=00;90:', 'SSH_AUTH_SOCK': '/run/user/1000/gcr/ssh', 'AMENT_PREFIX_PATH': '/home/onur/autonomous_robot/install/webots_ros2_driver:/home/onur/autonomous_robot/install/webots_ros2_msgs:/home/onur/autonomous_robot/install/webots_ros2_importer:/opt/ros/lyrical', 'SHELL': '/bin/bash', 'QT_ACCESSIBILITY': '1', 'GDMSESSION': 'ubuntu', 'WEBOTS_HOME': '/home/onur/webots', 'LESSCLOSE': '/usr/bin/lesspipe %s %s', 'GPG_AGENT_INFO': '/run/user/1000/gnupg/S.gpg-agent:0:1', 'ROS_AUTOMATIC_DISCOVERY_RANGE': 'SUBNET', 'QT_IM_MODULE': 'ibus', 'PWD': '/home/onur/autonomous_robot/build/webots_ros2_control', 'XDG_CONFIG_DIRS': '/etc/xdg/xdg-ubuntu:/etc/xdg', 'NVM_CD_FLAGS': '', 'DBUS_STARTER_ADDRESS': 'unix:path=/run/user/1000/bus,guid=3e7ce15796779a58c58491916aa4375c', 'XDG_DATA_DIRS': '/usr/share/ubuntu:/usr/share/gnome:/usr/local/share/:/usr/share/:/var/lib/snapd/desktop', 'XDG_SESSION_EXTRA_DEVICE_ACCESS': 'render:accel', 'PYTHONPATH': '/home/onur/autonomous_robot/install/webots_ros2_driver/lib/python3.14/site-packages:/home/onur/autonomous_robot/install/webots_ros2_msgs/lib/python3.14/site-packages:/home/onur/autonomous_robot/install/webots_ros2_importer/lib/python3.14/site-packages:/opt/ros/lyrical/opt/sdformat_vendor/lib/python:/opt/ros/lyrical/opt/gz_math_vendor/lib/python:/opt/ros/lyrical/lib/python3.14/site-packages', 'COLCON': '1', 'QT_IM_MODULES': 'wayland;ibus', 'MEMORY_PRESSURE_WRITE': 'c29tZSAyMDAwMDAgMjAwMDAwMAA=', 'VTE_VERSION': '8400', 'CMAKE_PREFIX_PATH': '/home/onur/autonomous_robot/install/webots_ros2_driver:/home/onur/autonomous_robot/install/webots_ros2_msgs:/opt/ros/lyrical/opt/sdformat_vendor:/opt/ros/lyrical/opt/gz_tools_vendor:/opt/ros/lyrical/opt/gz_math_vendor:/opt/ros/lyrical/opt/gz_utils_vendor:/opt/ros/lyrical/opt/gz_cmake_vendor:/opt/ros/lyrical'}), 'shell': False}
[37.123479] (webots_ros2_control) StdoutLine: {'line': b'-- Install configuration: ""\n'}
[37.123765] (webots_ros2_control) StdoutLine: {'line': b'-- Installing: /home/onur/autonomous_robot/install/webots_ros2_control/share/webots_ros2_control/webots_ros2_control.xml\n'}
[37.123937] (webots_ros2_control) StdoutLine: {'line': b'-- Installing: /home/onur/autonomous_robot/install/webots_ros2_control/share/webots_ros2_control/webots_ros2_control_system.xml\n'}
[37.124082] (webots_ros2_control) StdoutLine: {'line': b'-- Installing: /home/onur/autonomous_robot/install/webots_ros2_control/lib/libwebots_ros2_control.so\n'}
[37.125868] (webots_ros2_control) StdoutLine: {'line': b'-- Set non-toolchain portion of runtime path of "/home/onur/autonomous_robot/install/webots_ros2_control/lib/libwebots_ros2_control.so" to ""\n'}
[37.126109] (webots_ros2_control) StdoutLine: {'line': b'-- Installing: /home/onur/autonomous_robot/install/webots_ros2_control/lib/libwebots_ros2_control_system.so\n'}
[37.126753] (webots_ros2_control) StdoutLine: {'line': b'-- Set non-toolchain portion of runtime path of "/home/onur/autonomous_robot/install/webots_ros2_control/lib/libwebots_ros2_control_system.so" to ""\n'}
[37.126922] (webots_ros2_control) StdoutLine: {'line': b'-- Installing: /home/onur/autonomous_robot/install/webots_ros2_control/include\n'}
[37.127053] (webots_ros2_control) StdoutLine: {'line': b'-- Installing: /home/onur/autonomous_robot/install/webots_ros2_control/include/webots_ros2_control\n'}
[37.127346] (webots_ros2_control) StdoutLine: {'line': b'-- Installing: /home/onur/autonomous_robot/install/webots_ros2_control/include/webots_ros2_control/Ros2ControlSystemInterface.hpp\n'}
[37.127523] (webots_ros2_control) StdoutLine: {'line': b'-- Installing: /home/onur/autonomous_robot/install/webots_ros2_control/include/webots_ros2_control/Ros2Control.hpp\n'}
[37.127664] (webots_ros2_control) StdoutLine: {'line': b'-- Installing: /home/onur/autonomous_robot/install/webots_ros2_control/include/webots_ros2_control/Ros2ControlSystem.hpp\n'}
[37.127802] (webots_ros2_control) StdoutLine: {'line': b'-- Installing: /home/onur/autonomous_robot/install/webots_ros2_control/share/webots_ros2_control/environment/library_path.sh\n'}
[37.127962] (-) TimerEvent: {}
[37.128113] (webots_ros2_control) StdoutLine: {'line': b'-- Installing: /home/onur/autonomous_robot/install/webots_ros2_control/share/webots_ros2_control/environment/library_path.dsv\n'}
[37.128268] (webots_ros2_control) StdoutLine: {'line': b'-- Installing: /home/onur/autonomous_robot/install/webots_ros2_control/share/ament_index/resource_index/package_run_dependencies/webots_ros2_control\n'}
[37.128420] (webots_ros2_control) StdoutLine: {'line': b'-- Installing: /home/onur/autonomous_robot/install/webots_ros2_control/share/ament_index/resource_index/parent_prefix_path/webots_ros2_control\n'}
[37.128563] (webots_ros2_control) StdoutLine: {'line': b'-- Installing: /home/onur/autonomous_robot/install/webots_ros2_control/share/webots_ros2_control/environment/ament_prefix_path.sh\n'}
[37.128700] (webots_ros2_control) StdoutLine: {'line': b'-- Installing: /home/onur/autonomous_robot/install/webots_ros2_control/share/webots_ros2_control/environment/ament_prefix_path.dsv\n'}
[37.128848] (webots_ros2_control) StdoutLine: {'line': b'-- Installing: /home/onur/autonomous_robot/install/webots_ros2_control/share/webots_ros2_control/environment/path.sh\n'}
[37.128997] (webots_ros2_control) StdoutLine: {'line': b'-- Installing: /home/onur/autonomous_robot/install/webots_ros2_control/share/webots_ros2_control/environment/path.dsv\n'}
[37.129137] (webots_ros2_control) StdoutLine: {'line': b'-- Installing: /home/onur/autonomous_robot/install/webots_ros2_control/share/webots_ros2_control/local_setup.bash\n'}
[37.129277] (webots_ros2_control) StdoutLine: {'line': b'-- Installing: /home/onur/autonomous_robot/install/webots_ros2_control/share/webots_ros2_control/local_setup.fish\n'}
[37.129418] (webots_ros2_control) StdoutLine: {'line': b'-- Installing: /home/onur/autonomous_robot/install/webots_ros2_control/share/webots_ros2_control/local_setup.sh\n'}
[37.129543] (webots_ros2_control) StdoutLine: {'line': b'-- Installing: /home/onur/autonomous_robot/install/webots_ros2_control/share/webots_ros2_control/local_setup.zsh\n'}
[37.129675] (webots_ros2_control) StdoutLine: {'line': b'-- Installing: /home/onur/autonomous_robot/install/webots_ros2_control/share/webots_ros2_control/local_setup.dsv\n'}
[37.129782] (webots_ros2_control) StdoutLine: {'line': b'-- Installing: /home/onur/autonomous_robot/install/webots_ros2_control/share/webots_ros2_control/package.dsv\n'}
[37.129876] (webots_ros2_control) StdoutLine: {'line': b'-- Installing: /home/onur/autonomous_robot/install/webots_ros2_control/share/ament_index/resource_index/packages/webots_ros2_control\n'}
[37.129984] (webots_ros2_control) StdoutLine: {'line': b'-- Installing: /home/onur/autonomous_robot/install/webots_ros2_control/share/ament_index/resource_index/webots_ros2_driver__pluginlib__plugin/webots_ros2_control\n'}
[37.130076] (webots_ros2_control) StdoutLine: {'line': b'-- Installing: /home/onur/autonomous_robot/install/webots_ros2_control/share/ament_index/resource_index/webots_ros2_control__pluginlib__plugin/webots_ros2_control\n'}
[37.130170] (webots_ros2_control) StdoutLine: {'line': b'-- Installing: /home/onur/autonomous_robot/install/webots_ros2_control/share/webots_ros2_control/cmake/ament_cmake_export_include_directories-extras.cmake\n'}
[37.130264] (webots_ros2_control) StdoutLine: {'line': b'-- Installing: /home/onur/autonomous_robot/install/webots_ros2_control/share/webots_ros2_control/cmake/ament_cmake_export_dependencies-extras.cmake\n'}
[37.130357] (webots_ros2_control) StdoutLine: {'line': b'-- Installing: /home/onur/autonomous_robot/install/webots_ros2_control/share/webots_ros2_control/cmake/ament_cmake_export_libraries-extras.cmake\n'}
[37.130458] (webots_ros2_control) StdoutLine: {'line': b'-- Installing: /home/onur/autonomous_robot/install/webots_ros2_control/share/webots_ros2_control/cmake/webots_ros2_controlConfig.cmake\n'}
[37.130553] (webots_ros2_control) StdoutLine: {'line': b'-- Installing: /home/onur/autonomous_robot/install/webots_ros2_control/share/webots_ros2_control/cmake/webots_ros2_controlConfig-version.cmake\n'}
[37.130643] (webots_ros2_control) StdoutLine: {'line': b'-- Installing: /home/onur/autonomous_robot/install/webots_ros2_control/share/webots_ros2_control/package.xml\n'}
[37.131443] (webots_ros2_control) CommandEnded: {'returncode': 0}
[37.153773] (webots_ros2_control) JobEnded: {'identifier': 'webots_ros2_control', 'rc': 0}
[37.154742] (webots_ros2_epuck) JobStarted: {'identifier': 'webots_ros2_epuck'}
[37.158329] (webots_ros2_husarion) JobStarted: {'identifier': 'webots_ros2_husarion'}
[37.161888] (webots_ros2_tiago) JobStarted: {'identifier': 'webots_ros2_tiago'}
[37.166223] (webots_ros2_turtlebot) JobStarted: {'identifier': 'webots_ros2_turtlebot'}
[37.169499] (webots_ros2_universal_robot) JobStarted: {'identifier': 'webots_ros2_universal_robot'}
[37.228060] (-) TimerEvent: {}
[37.328481] (-) TimerEvent: {}
[37.428811] (-) TimerEvent: {}
[37.529157] (-) TimerEvent: {}
[37.629465] (-) TimerEvent: {}
[37.729871] (-) TimerEvent: {}
[37.830240] (-) TimerEvent: {}
[37.930481] (-) TimerEvent: {}
[38.030811] (-) TimerEvent: {}
[38.131030] (-) TimerEvent: {}
[38.231228] (-) TimerEvent: {}
[38.288380] (webots_ros2_husarion) Command: {'cmd': ['/usr/bin/python3', '-W', 'ignore:setup.py install is deprecated', '-W', 'ignore:easy_install command is deprecated', 'setup.py', 'egg_info', '--egg-base', '../../../build/webots_ros2_husarion', 'build', '--build-base', '/home/onur/autonomous_robot/build/webots_ros2_husarion/build', 'install', '--record', '/home/onur/autonomous_robot/build/webots_ros2_husarion/install.log', '--single-version-externally-managed', 'install_data'], 'cwd': '/home/onur/autonomous_robot/src/webots_ros2/webots_ros2_husarion', 'env': {'LESSOPEN': '| /usr/bin/lesspipe %s', 'USER': 'onur', 'GZ_CONFIG_PATH': '/opt/ros/lyrical/opt/sdformat_vendor/share/gz', 'XDG_SESSION_TYPE': 'wayland', 'PTYXIS_VERSION': '50.1', 'SHLVL': '1', 'LD_LIBRARY_PATH': '/home/onur/autonomous_robot/install/webots_ros2_control/lib:/home/onur/autonomous_robot/install/webots_ros2_driver/lib:/home/onur/autonomous_robot/install/webots_ros2_msgs/lib:/opt/ros/lyrical/opt/sdformat_vendor/lib:/opt/ros/lyrical/opt/gz_tools_vendor/lib:/opt/ros/lyrical/opt/gz_math_vendor/lib:/opt/ros/lyrical/opt/gz_utils_vendor/lib:/opt/ros/lyrical/opt/rviz_ogre_vendor/lib:/opt/ros/lyrical/lib/x86_64-linux-gnu:/opt/ros/lyrical/opt/gz_cmake_vendor/lib:/opt/ros/lyrical/lib', 'HOME': '/home/onur', 'OLDPWD': '/home/onur/autonomous_robot/src/webots_ros2', 'DESKTOP_SESSION': 'ubuntu', 'NVM_BIN': '/home/onur/.nvm/versions/node/v24.20.0/bin', 'NVM_INC': '/home/onur/.nvm/versions/node/v24.20.0/include/node', 'IM_CONFIG_ENTRY': 'profile', 'ROS_PYTHON_VERSION': '3', 'GTK_MODULES': 'gail:atk-bridge', 'MANAGERPID': '5622', 'DBUS_STARTER_BUS_TYPE': 'session', 'SYSTEMD_EXEC_PID': '5679', 'DBUS_SESSION_BUS_ADDRESS': 'unix:path=/run/user/1000/bus,guid=3e7ce15796779a58c58491916aa4375c', 'COLORTERM': 'truecolor', 'NVM_DIR': '/home/onur/.nvm', 'DEBUGINFOD_URLS': 'https://debuginfod.ubuntu.com', 'WAYLAND_DISPLAY': 'wayland-0', 'COLCON_PREFIX_PATH': '/home/onur/autonomous_robot/install', 'ROS_DISTRO': 'lyrical', 'LOGNAME': 'onur', 'MANAGERPIDFDID': '12827', '_': '/usr/bin/colcon', 'ROS_VERSION': '2', 'MEMORY_PRESSURE_WATCH': '/sys/fs/cgroup/user.slice/user-1000.slice/user@1000.service/session.slice/dbus.service/memory.pressure', 'XDG_SESSION_CLASS': 'user', 'USERNAME': 'onur', 'TERM': 'xterm-256color', 'GNOME_DESKTOP_SESSION_ID': 'this-is-deprecated', 'FLATPAK_TTY_PROGRESS': '1', 'PATH': '/opt/ros/lyrical/opt/gz_tools_vendor/bin:/opt/ros/lyrical/bin:/home/onur/.opencode/bin:/home/onur/.nvm/versions/node/v24.20.0/bin:/home/onur/.local/bin:/home/onur/.local/bin:/home/onur/.local/bin:/home/onur/.local/bin:/usr/local/sbin:/usr/local/bin:/usr/sbin:/usr/bin:/sbin:/bin:/usr/games:/usr/local/games:/snap/bin:/snap/bin:/home/onur/webots', 'INVOCATION_ID': '83eb2fbf06af433aae37214d63a74bec', 'XDG_MENU_PREFIX': 'gnome-', 'PTYXIS_PROFILE': '82a4d075e8ab3fd0d3bfb7fa6a8dfdba', 'GNOME_SETUP_DISPLAY': 'unix:/tmp/.X11-unix/X1', 'XDG_RUNTIME_DIR': '/run/user/1000', 'DISPLAY': ':0', 'LANG': 'en_US.UTF-8', 'XDG_CURRENT_DESKTOP': 'ubuntu:GNOME', 'XMODIFIERS': '@im=ibus', 'XDG_SESSION_DESKTOP': 'ubuntu', 'XAUTHORITY': '/run/user/1000/.mutter-Xwaylandauth.H8PHV3', 'LS_COLORS': 'rs=0:di=01;34:ln=01;36:mh=00:pi=40;33:so=01;35:do=01;35:bd=40;33;01:cd=40;33;01:or=40;31;01:mi=00:su=37;41:sg=30;43:ca=00:tw=30;42:ow=34;42:st=37;44:ex=01;32:*.tar=01;31:*.tgz=01;31:*.arc=01;31:*.arj=01;31:*.taz=01;31:*.lha=01;31:*.lz4=01;31:*.lzh=01;31:*.lzma=01;31:*.tlz=01;31:*.txz=01;31:*.tzo=01;31:*.t7z=01;31:*.zip=01;31:*.z=01;31:*.dz=01;31:*.gz=01;31:*.lrz=01;31:*.lz=01;31:*.lzo=01;31:*.xz=01;31:*.zst=01;31:*.tzst=01;31:*.bz2=01;31:*.bz=01;31:*.tbz=01;31:*.tbz2=01;31:*.tz=01;31:*.deb=01;31:*.rpm=01;31:*.jar=01;31:*.war=01;31:*.ear=01;31:*.sar=01;31:*.rar=01;31:*.alz=01;31:*.ace=01;31:*.zoo=01;31:*.cpio=01;31:*.7z=01;31:*.rz=01;31:*.cab=01;31:*.wim=01;31:*.swm=01;31:*.dwm=01;31:*.esd=01;31:*.avif=01;35:*.jpg=01;35:*.jpeg=01;35:*.mjpg=01;35:*.mjpeg=01;35:*.gif=01;35:*.bmp=01;35:*.pbm=01;35:*.pgm=01;35:*.ppm=01;35:*.tga=01;35:*.xbm=01;35:*.xpm=01;35:*.tif=01;35:*.tiff=01;35:*.png=01;35:*.svg=01;35:*.svgz=01;35:*.mng=01;35:*.pcx=01;35:*.mov=01;35:*.mpg=01;35:*.mpeg=01;35:*.m2v=01;35:*.mkv=01;35:*.webm=01;35:*.webp=01;35:*.ogm=01;35:*.mp4=01;35:*.m4v=01;35:*.mp4v=01;35:*.vob=01;35:*.qt=01;35:*.nuv=01;35:*.wmv=01;35:*.asf=01;35:*.rm=01;35:*.rmvb=01;35:*.flc=01;35:*.avi=01;35:*.fli=01;35:*.flv=01;35:*.gl=01;35:*.dl=01;35:*.xcf=01;35:*.xwd=01;35:*.yuv=01;35:*.cgm=01;35:*.emf=01;35:*.ogv=01;35:*.ogx=01;35:*.aac=00;36:*.au=00;36:*.flac=00;36:*.m4a=00;36:*.mid=00;36:*.midi=00;36:*.mka=00;36:*.mp3=00;36:*.mpc=00;36:*.ogg=00;36:*.ra=00;36:*.wav=00;36:*.oga=00;36:*.opus=00;36:*.spx=00;36:*.xspf=00;36:*~=00;90:*#=00;90:*.bak=00;90:*.old=00;90:*.orig=00;90:*.part=00;90:*.rej=00;90:*.swp=00;90:*.tmp=00;90:*.dpkg-dist=00;90:*.dpkg-old=00;90:*.ucf-dist=00;90:*.ucf-new=00;90:*.ucf-old=00;90:*.rpmnew=00;90:*.rpmorig=00;90:*.rpmsave=00;90:', 'SSH_AUTH_SOCK': '/run/user/1000/gcr/ssh', 'AMENT_PREFIX_PATH': '/home/onur/autonomous_robot/install/webots_ros2_control:/home/onur/autonomous_robot/install/webots_ros2_driver:/home/onur/autonomous_robot/install/webots_ros2_msgs:/home/onur/autonomous_robot/install/webots_ros2_importer:/opt/ros/lyrical', 'SHELL': '/bin/bash', 'QT_ACCESSIBILITY': '1', 'GDMSESSION': 'ubuntu', 'WEBOTS_HOME': '/home/onur/webots', 'LESSCLOSE': '/usr/bin/lesspipe %s %s', 'GPG_AGENT_INFO': '/run/user/1000/gnupg/S.gpg-agent:0:1', 'ROS_AUTOMATIC_DISCOVERY_RANGE': 'SUBNET', 'QT_IM_MODULE': 'ibus', 'PWD': '/home/onur/autonomous_robot/build/webots_ros2_husarion', 'XDG_CONFIG_DIRS': '/etc/xdg/xdg-ubuntu:/etc/xdg', 'NVM_CD_FLAGS': '', 'DBUS_STARTER_ADDRESS': 'unix:path=/run/user/1000/bus,guid=3e7ce15796779a58c58491916aa4375c', 'XDG_DATA_DIRS': '/usr/share/ubuntu:/usr/share/gnome:/usr/local/share/:/usr/share/:/var/lib/snapd/desktop', 'XDG_SESSION_EXTRA_DEVICE_ACCESS': 'render:accel', 'PYTHONPATH': '/home/onur/autonomous_robot/build/webots_ros2_husarion/prefix_override:/usr/lib/python3/dist-packages/colcon_core/task/python/colcon_distutils_commands:/home/onur/autonomous_robot/install/webots_ros2_husarion/lib/python3.14/site-packages:/home/onur/autonomous_robot/install/webots_ros2_driver/lib/python3.14/site-packages:/home/onur/autonomous_robot/install/webots_ros2_msgs/lib/python3.14/site-packages:/home/onur/autonomous_robot/install/webots_ros2_importer/lib/python3.14/site-packages:/opt/ros/lyrical/opt/sdformat_vendor/lib/python:/opt/ros/lyrical/opt/gz_math_vendor/lib/python:/opt/ros/lyrical/lib/python3.14/site-packages', 'COLCON': '1', 'QT_IM_MODULES': 'wayland;ibus', 'MEMORY_PRESSURE_WRITE': 'c29tZSAyMDAwMDAgMjAwMDAwMAA=', 'VTE_VERSION': '8400', 'CMAKE_PREFIX_PATH': '/home/onur/autonomous_robot/install/webots_ros2_control:/home/onur/autonomous_robot/install/webots_ros2_driver:/home/onur/autonomous_robot/install/webots_ros2_msgs:/opt/ros/lyrical/opt/sdformat_vendor:/opt/ros/lyrical/opt/gz_tools_vendor:/opt/ros/lyrical/opt/gz_math_vendor:/opt/ros/lyrical/opt/gz_utils_vendor:/opt/ros/lyrical/opt/gz_cmake_vendor'}, 'shell': False}
[38.290193] (webots_ros2_epuck) Command: {'cmd': ['/usr/bin/python3', '-W', 'ignore:setup.py install is deprecated', '-W', 'ignore:easy_install command is deprecated', 'setup.py', 'egg_info', '--egg-base', '../../../build/webots_ros2_epuck', 'build', '--build-base', '/home/onur/autonomous_robot/build/webots_ros2_epuck/build', 'install', '--record', '/home/onur/autonomous_robot/build/webots_ros2_epuck/install.log', '--install-scripts', '$base/lib/webots_ros2_epuck', '--single-version-externally-managed', 'install_data'], 'cwd': '/home/onur/autonomous_robot/src/webots_ros2/webots_ros2_epuck', 'env': {'LESSOPEN': '| /usr/bin/lesspipe %s', 'USER': 'onur', 'GZ_CONFIG_PATH': '/opt/ros/lyrical/opt/sdformat_vendor/share/gz', 'XDG_SESSION_TYPE': 'wayland', 'PTYXIS_VERSION': '50.1', 'SHLVL': '1', 'LD_LIBRARY_PATH': '/home/onur/autonomous_robot/install/webots_ros2_control/lib:/home/onur/autonomous_robot/install/webots_ros2_driver/lib:/home/onur/autonomous_robot/install/webots_ros2_msgs/lib:/opt/ros/lyrical/opt/sdformat_vendor/lib:/opt/ros/lyrical/opt/gz_tools_vendor/lib:/opt/ros/lyrical/opt/gz_math_vendor/lib:/opt/ros/lyrical/opt/gz_utils_vendor/lib:/opt/ros/lyrical/opt/rviz_ogre_vendor/lib:/opt/ros/lyrical/lib/x86_64-linux-gnu:/opt/ros/lyrical/opt/gz_cmake_vendor/lib:/opt/ros/lyrical/lib', 'HOME': '/home/onur', 'OLDPWD': '/home/onur/autonomous_robot/src/webots_ros2', 'DESKTOP_SESSION': 'ubuntu', 'NVM_BIN': '/home/onur/.nvm/versions/node/v24.20.0/bin', 'NVM_INC': '/home/onur/.nvm/versions/node/v24.20.0/include/node', 'IM_CONFIG_ENTRY': 'profile', 'ROS_PYTHON_VERSION': '3', 'GTK_MODULES': 'gail:atk-bridge', 'MANAGERPID': '5622', 'DBUS_STARTER_BUS_TYPE': 'session', 'SYSTEMD_EXEC_PID': '5679', 'DBUS_SESSION_BUS_ADDRESS': 'unix:path=/run/user/1000/bus,guid=3e7ce15796779a58c58491916aa4375c', 'COLORTERM': 'truecolor', 'NVM_DIR': '/home/onur/.nvm', 'DEBUGINFOD_URLS': 'https://debuginfod.ubuntu.com', 'WAYLAND_DISPLAY': 'wayland-0', 'COLCON_PREFIX_PATH': '/home/onur/autonomous_robot/install', 'ROS_DISTRO': 'lyrical', 'LOGNAME': 'onur', 'MANAGERPIDFDID': '12827', '_': '/usr/bin/colcon', 'ROS_VERSION': '2', 'MEMORY_PRESSURE_WATCH': '/sys/fs/cgroup/user.slice/user-1000.slice/user@1000.service/session.slice/dbus.service/memory.pressure', 'XDG_SESSION_CLASS': 'user', 'USERNAME': 'onur', 'TERM': 'xterm-256color', 'GNOME_DESKTOP_SESSION_ID': 'this-is-deprecated', 'FLATPAK_TTY_PROGRESS': '1', 'PATH': '/opt/ros/lyrical/opt/gz_tools_vendor/bin:/opt/ros/lyrical/bin:/home/onur/.opencode/bin:/home/onur/.nvm/versions/node/v24.20.0/bin:/home/onur/.local/bin:/home/onur/.local/bin:/home/onur/.local/bin:/home/onur/.local/bin:/usr/local/sbin:/usr/local/bin:/usr/sbin:/usr/bin:/sbin:/bin:/usr/games:/usr/local/games:/snap/bin:/snap/bin:/home/onur/webots', 'INVOCATION_ID': '83eb2fbf06af433aae37214d63a74bec', 'XDG_MENU_PREFIX': 'gnome-', 'PTYXIS_PROFILE': '82a4d075e8ab3fd0d3bfb7fa6a8dfdba', 'GNOME_SETUP_DISPLAY': 'unix:/tmp/.X11-unix/X1', 'XDG_RUNTIME_DIR': '/run/user/1000', 'DISPLAY': ':0', 'LANG': 'en_US.UTF-8', 'XDG_CURRENT_DESKTOP': 'ubuntu:GNOME', 'XMODIFIERS': '@im=ibus', 'XDG_SESSION_DESKTOP': 'ubuntu', 'XAUTHORITY': '/run/user/1000/.mutter-Xwaylandauth.H8PHV3', 'LS_COLORS': 'rs=0:di=01;34:ln=01;36:mh=00:pi=40;33:so=01;35:do=01;35:bd=40;33;01:cd=40;33;01:or=40;31;01:mi=00:su=37;41:sg=30;43:ca=00:tw=30;42:ow=34;42:st=37;44:ex=01;32:*.tar=01;31:*.tgz=01;31:*.arc=01;31:*.arj=01;31:*.taz=01;31:*.lha=01;31:*.lz4=01;31:*.lzh=01;31:*.lzma=01;31:*.tlz=01;31:*.txz=01;31:*.tzo=01;31:*.t7z=01;31:*.zip=01;31:*.z=01;31:*.dz=01;31:*.gz=01;31:*.lrz=01;31:*.lz=01;31:*.lzo=01;31:*.xz=01;31:*.zst=01;31:*.tzst=01;31:*.bz2=01;31:*.bz=01;31:*.tbz=01;31:*.tbz2=01;31:*.tz=01;31:*.deb=01;31:*.rpm=01;31:*.jar=01;31:*.war=01;31:*.ear=01;31:*.sar=01;31:*.rar=01;31:*.alz=01;31:*.ace=01;31:*.zoo=01;31:*.cpio=01;31:*.7z=01;31:*.rz=01;31:*.cab=01;31:*.wim=01;31:*.swm=01;31:*.dwm=01;31:*.esd=01;31:*.avif=01;35:*.jpg=01;35:*.jpeg=01;35:*.mjpg=01;35:*.mjpeg=01;35:*.gif=01;35:*.bmp=01;35:*.pbm=01;35:*.pgm=01;35:*.ppm=01;35:*.tga=01;35:*.xbm=01;35:*.xpm=01;35:*.tif=01;35:*.tiff=01;35:*.png=01;35:*.svg=01;35:*.svgz=01;35:*.mng=01;35:*.pcx=01;35:*.mov=01;35:*.mpg=01;35:*.mpeg=01;35:*.m2v=01;35:*.mkv=01;35:*.webm=01;35:*.webp=01;35:*.ogm=01;35:*.mp4=01;35:*.m4v=01;35:*.mp4v=01;35:*.vob=01;35:*.qt=01;35:*.nuv=01;35:*.wmv=01;35:*.asf=01;35:*.rm=01;35:*.rmvb=01;35:*.flc=01;35:*.avi=01;35:*.fli=01;35:*.flv=01;35:*.gl=01;35:*.dl=01;35:*.xcf=01;35:*.xwd=01;35:*.yuv=01;35:*.cgm=01;35:*.emf=01;35:*.ogv=01;35:*.ogx=01;35:*.aac=00;36:*.au=00;36:*.flac=00;36:*.m4a=00;36:*.mid=00;36:*.midi=00;36:*.mka=00;36:*.mp3=00;36:*.mpc=00;36:*.ogg=00;36:*.ra=00;36:*.wav=00;36:*.oga=00;36:*.opus=00;36:*.spx=00;36:*.xspf=00;36:*~=00;90:*#=00;90:*.bak=00;90:*.old=00;90:*.orig=00;90:*.part=00;90:*.rej=00;90:*.swp=00;90:*.tmp=00;90:*.dpkg-dist=00;90:*.dpkg-old=00;90:*.ucf-dist=00;90:*.ucf-new=00;90:*.ucf-old=00;90:*.rpmnew=00;90:*.rpmorig=00;90:*.rpmsave=00;90:', 'SSH_AUTH_SOCK': '/run/user/1000/gcr/ssh', 'AMENT_PREFIX_PATH': '/home/onur/autonomous_robot/install/webots_ros2_control:/home/onur/autonomous_robot/install/webots_ros2_driver:/home/onur/autonomous_robot/install/webots_ros2_msgs:/home/onur/autonomous_robot/install/webots_ros2_importer:/opt/ros/lyrical', 'SHELL': '/bin/bash', 'QT_ACCESSIBILITY': '1', 'GDMSESSION': 'ubuntu', 'WEBOTS_HOME': '/home/onur/webots', 'LESSCLOSE': '/usr/bin/lesspipe %s %s', 'GPG_AGENT_INFO': '/run/user/1000/gnupg/S.gpg-agent:0:1', 'ROS_AUTOMATIC_DISCOVERY_RANGE': 'SUBNET', 'QT_IM_MODULE': 'ibus', 'PWD': '/home/onur/autonomous_robot/build/webots_ros2_epuck', 'XDG_CONFIG_DIRS': '/etc/xdg/xdg-ubuntu:/etc/xdg', 'NVM_CD_FLAGS': '', 'DBUS_STARTER_ADDRESS': 'unix:path=/run/user/1000/bus,guid=3e7ce15796779a58c58491916aa4375c', 'XDG_DATA_DIRS': '/usr/share/ubuntu:/usr/share/gnome:/usr/local/share/:/usr/share/:/var/lib/snapd/desktop', 'XDG_SESSION_EXTRA_DEVICE_ACCESS': 'render:accel', 'PYTHONPATH': '/home/onur/autonomous_robot/build/webots_ros2_epuck/prefix_override:/usr/lib/python3/dist-packages/colcon_core/task/python/colcon_distutils_commands:/home/onur/autonomous_robot/install/webots_ros2_epuck/lib/python3.14/site-packages:/home/onur/autonomous_robot/install/webots_ros2_driver/lib/python3.14/site-packages:/home/onur/autonomous_robot/install/webots_ros2_msgs/lib/python3.14/site-packages:/home/onur/autonomous_robot/install/webots_ros2_importer/lib/python3.14/site-packages:/opt/ros/lyrical/opt/sdformat_vendor/lib/python:/opt/ros/lyrical/opt/gz_math_vendor/lib/python:/opt/ros/lyrical/lib/python3.14/site-packages', 'COLCON': '1', 'QT_IM_MODULES': 'wayland;ibus', 'MEMORY_PRESSURE_WRITE': 'c29tZSAyMDAwMDAgMjAwMDAwMAA=', 'VTE_VERSION': '8400', 'CMAKE_PREFIX_PATH': '/home/onur/autonomous_robot/install/webots_ros2_control:/home/onur/autonomous_robot/install/webots_ros2_driver:/home/onur/autonomous_robot/install/webots_ros2_msgs:/opt/ros/lyrical/opt/sdformat_vendor:/opt/ros/lyrical/opt/gz_tools_vendor:/opt/ros/lyrical/opt/gz_math_vendor:/opt/ros/lyrical/opt/gz_utils_vendor:/opt/ros/lyrical/opt/gz_cmake_vendor'}, 'shell': False}
[38.293962] (webots_ros2_turtlebot) Command: {'cmd': ['/usr/bin/python3', '-W', 'ignore:setup.py install is deprecated', '-W', 'ignore:easy_install command is deprecated', 'setup.py', 'egg_info', '--egg-base', '../../../build/webots_ros2_turtlebot', 'build', '--build-base', '/home/onur/autonomous_robot/build/webots_ros2_turtlebot/build', 'install', '--record', '/home/onur/autonomous_robot/build/webots_ros2_turtlebot/install.log', '--install-scripts', '$base/lib/webots_ros2_turtlebot', '--single-version-externally-managed', 'install_data'], 'cwd': '/home/onur/autonomous_robot/src/webots_ros2/webots_ros2_turtlebot', 'env': {'LESSOPEN': '| /usr/bin/lesspipe %s', 'USER': 'onur', 'GZ_CONFIG_PATH': '/opt/ros/lyrical/opt/sdformat_vendor/share/gz', 'XDG_SESSION_TYPE': 'wayland', 'PTYXIS_VERSION': '50.1', 'SHLVL': '1', 'LD_LIBRARY_PATH': '/home/onur/autonomous_robot/install/webots_ros2_control/lib:/home/onur/autonomous_robot/install/webots_ros2_driver/lib:/home/onur/autonomous_robot/install/webots_ros2_msgs/lib:/opt/ros/lyrical/opt/sdformat_vendor/lib:/opt/ros/lyrical/opt/gz_tools_vendor/lib:/opt/ros/lyrical/opt/gz_math_vendor/lib:/opt/ros/lyrical/opt/gz_utils_vendor/lib:/opt/ros/lyrical/opt/rviz_ogre_vendor/lib:/opt/ros/lyrical/lib/x86_64-linux-gnu:/opt/ros/lyrical/opt/gz_cmake_vendor/lib:/opt/ros/lyrical/lib', 'HOME': '/home/onur', 'OLDPWD': '/home/onur/autonomous_robot/src/webots_ros2', 'DESKTOP_SESSION': 'ubuntu', 'NVM_BIN': '/home/onur/.nvm/versions/node/v24.20.0/bin', 'NVM_INC': '/home/onur/.nvm/versions/node/v24.20.0/include/node', 'IM_CONFIG_ENTRY': 'profile', 'ROS_PYTHON_VERSION': '3', 'GTK_MODULES': 'gail:atk-bridge', 'MANAGERPID': '5622', 'DBUS_STARTER_BUS_TYPE': 'session', 'SYSTEMD_EXEC_PID': '5679', 'DBUS_SESSION_BUS_ADDRESS': 'unix:path=/run/user/1000/bus,guid=3e7ce15796779a58c58491916aa4375c', 'COLORTERM': 'truecolor', 'NVM_DIR': '/home/onur/.nvm', 'DEBUGINFOD_URLS': 'https://debuginfod.ubuntu.com', 'WAYLAND_DISPLAY': 'wayland-0', 'COLCON_PREFIX_PATH': '/home/onur/autonomous_robot/install', 'ROS_DISTRO': 'lyrical', 'LOGNAME': 'onur', 'MANAGERPIDFDID': '12827', '_': '/usr/bin/colcon', 'ROS_VERSION': '2', 'MEMORY_PRESSURE_WATCH': '/sys/fs/cgroup/user.slice/user-1000.slice/user@1000.service/session.slice/dbus.service/memory.pressure', 'XDG_SESSION_CLASS': 'user', 'USERNAME': 'onur', 'TERM': 'xterm-256color', 'GNOME_DESKTOP_SESSION_ID': 'this-is-deprecated', 'FLATPAK_TTY_PROGRESS': '1', 'PATH': '/opt/ros/lyrical/opt/gz_tools_vendor/bin:/opt/ros/lyrical/bin:/home/onur/.opencode/bin:/home/onur/.nvm/versions/node/v24.20.0/bin:/home/onur/.local/bin:/home/onur/.local/bin:/home/onur/.local/bin:/home/onur/.local/bin:/usr/local/sbin:/usr/local/bin:/usr/sbin:/usr/bin:/sbin:/bin:/usr/games:/usr/local/games:/snap/bin:/snap/bin:/home/onur/webots', 'INVOCATION_ID': '83eb2fbf06af433aae37214d63a74bec', 'XDG_MENU_PREFIX': 'gnome-', 'PTYXIS_PROFILE': '82a4d075e8ab3fd0d3bfb7fa6a8dfdba', 'GNOME_SETUP_DISPLAY': 'unix:/tmp/.X11-unix/X1', 'XDG_RUNTIME_DIR': '/run/user/1000', 'DISPLAY': ':0', 'LANG': 'en_US.UTF-8', 'XDG_CURRENT_DESKTOP': 'ubuntu:GNOME', 'XMODIFIERS': '@im=ibus', 'XDG_SESSION_DESKTOP': 'ubuntu', 'XAUTHORITY': '/run/user/1000/.mutter-Xwaylandauth.H8PHV3', 'LS_COLORS': 'rs=0:di=01;34:ln=01;36:mh=00:pi=40;33:so=01;35:do=01;35:bd=40;33;01:cd=40;33;01:or=40;31;01:mi=00:su=37;41:sg=30;43:ca=00:tw=30;42:ow=34;42:st=37;44:ex=01;32:*.tar=01;31:*.tgz=01;31:*.arc=01;31:*.arj=01;31:*.taz=01;31:*.lha=01;31:*.lz4=01;31:*.lzh=01;31:*.lzma=01;31:*.tlz=01;31:*.txz=01;31:*.tzo=01;31:*.t7z=01;31:*.zip=01;31:*.z=01;31:*.dz=01;31:*.gz=01;31:*.lrz=01;31:*.lz=01;31:*.lzo=01;31:*.xz=01;31:*.zst=01;31:*.tzst=01;31:*.bz2=01;31:*.bz=01;31:*.tbz=01;31:*.tbz2=01;31:*.tz=01;31:*.deb=01;31:*.rpm=01;31:*.jar=01;31:*.war=01;31:*.ear=01;31:*.sar=01;31:*.rar=01;31:*.alz=01;31:*.ace=01;31:*.zoo=01;31:*.cpio=01;31:*.7z=01;31:*.rz=01;31:*.cab=01;31:*.wim=01;31:*.swm=01;31:*.dwm=01;31:*.esd=01;31:*.avif=01;35:*.jpg=01;35:*.jpeg=01;35:*.mjpg=01;35:*.mjpeg=01;35:*.gif=01;35:*.bmp=01;35:*.pbm=01;35:*.pgm=01;35:*.ppm=01;35:*.tga=01;35:*.xbm=01;35:*.xpm=01;35:*.tif=01;35:*.tiff=01;35:*.png=01;35:*.svg=01;35:*.svgz=01;35:*.mng=01;35:*.pcx=01;35:*.mov=01;35:*.mpg=01;35:*.mpeg=01;35:*.m2v=01;35:*.mkv=01;35:*.webm=01;35:*.webp=01;35:*.ogm=01;35:*.mp4=01;35:*.m4v=01;35:*.mp4v=01;35:*.vob=01;35:*.qt=01;35:*.nuv=01;35:*.wmv=01;35:*.asf=01;35:*.rm=01;35:*.rmvb=01;35:*.flc=01;35:*.avi=01;35:*.fli=01;35:*.flv=01;35:*.gl=01;35:*.dl=01;35:*.xcf=01;35:*.xwd=01;35:*.yuv=01;35:*.cgm=01;35:*.emf=01;35:*.ogv=01;35:*.ogx=01;35:*.aac=00;36:*.au=00;36:*.flac=00;36:*.m4a=00;36:*.mid=00;36:*.midi=00;36:*.mka=00;36:*.mp3=00;36:*.mpc=00;36:*.ogg=00;36:*.ra=00;36:*.wav=00;36:*.oga=00;36:*.opus=00;36:*.spx=00;36:*.xspf=00;36:*~=00;90:*#=00;90:*.bak=00;90:*.old=00;90:*.orig=00;90:*.part=00;90:*.rej=00;90:*.swp=00;90:*.tmp=00;90:*.dpkg-dist=00;90:*.dpkg-old=00;90:*.ucf-dist=00;90:*.ucf-new=00;90:*.ucf-old=00;90:*.rpmnew=00;90:*.rpmorig=00;90:*.rpmsave=00;90:', 'SSH_AUTH_SOCK': '/run/user/1000/gcr/ssh', 'AMENT_PREFIX_PATH': '/home/onur/autonomous_robot/install/webots_ros2_control:/home/onur/autonomous_robot/install/webots_ros2_driver:/home/onur/autonomous_robot/install/webots_ros2_msgs:/home/onur/autonomous_robot/install/webots_ros2_importer:/opt/ros/lyrical', 'SHELL': '/bin/bash', 'QT_ACCESSIBILITY': '1', 'GDMSESSION': 'ubuntu', 'WEBOTS_HOME': '/home/onur/webots', 'LESSCLOSE': '/usr/bin/lesspipe %s %s', 'GPG_AGENT_INFO': '/run/user/1000/gnupg/S.gpg-agent:0:1', 'ROS_AUTOMATIC_DISCOVERY_RANGE': 'SUBNET', 'QT_IM_MODULE': 'ibus', 'PWD': '/home/onur/autonomous_robot/build/webots_ros2_turtlebot', 'XDG_CONFIG_DIRS': '/etc/xdg/xdg-ubuntu:/etc/xdg', 'NVM_CD_FLAGS': '', 'DBUS_STARTER_ADDRESS': 'unix:path=/run/user/1000/bus,guid=3e7ce15796779a58c58491916aa4375c', 'XDG_DATA_DIRS': '/usr/share/ubuntu:/usr/share/gnome:/usr/local/share/:/usr/share/:/var/lib/snapd/desktop', 'XDG_SESSION_EXTRA_DEVICE_ACCESS': 'render:accel', 'PYTHONPATH': '/home/onur/autonomous_robot/build/webots_ros2_turtlebot/prefix_override:/usr/lib/python3/dist-packages/colcon_core/task/python/colcon_distutils_commands:/home/onur/autonomous_robot/install/webots_ros2_turtlebot/lib/python3.14/site-packages:/home/onur/autonomous_robot/install/webots_ros2_driver/lib/python3.14/site-packages:/home/onur/autonomous_robot/install/webots_ros2_msgs/lib/python3.14/site-packages:/home/onur/autonomous_robot/install/webots_ros2_importer/lib/python3.14/site-packages:/opt/ros/lyrical/opt/sdformat_vendor/lib/python:/opt/ros/lyrical/opt/gz_math_vendor/lib/python:/opt/ros/lyrical/lib/python3.14/site-packages', 'COLCON': '1', 'QT_IM_MODULES': 'wayland;ibus', 'MEMORY_PRESSURE_WRITE': 'c29tZSAyMDAwMDAgMjAwMDAwMAA=', 'VTE_VERSION': '8400', 'CMAKE_PREFIX_PATH': '/home/onur/autonomous_robot/install/webots_ros2_control:/home/onur/autonomous_robot/install/webots_ros2_driver:/home/onur/autonomous_robot/install/webots_ros2_msgs:/opt/ros/lyrical/opt/sdformat_vendor:/opt/ros/lyrical/opt/gz_tools_vendor:/opt/ros/lyrical/opt/gz_math_vendor:/opt/ros/lyrical/opt/gz_utils_vendor:/opt/ros/lyrical/opt/gz_cmake_vendor'}, 'shell': False}
[38.298465] (webots_ros2_tiago) Command: {'cmd': ['/usr/bin/python3', '-W', 'ignore:setup.py install is deprecated', '-W', 'ignore:easy_install command is deprecated', 'setup.py', 'egg_info', '--egg-base', '../../../build/webots_ros2_tiago', 'build', '--build-base', '/home/onur/autonomous_robot/build/webots_ros2_tiago/build', 'install', '--record', '/home/onur/autonomous_robot/build/webots_ros2_tiago/install.log', '--install-scripts', '$base/lib/webots_ros2_tiago', '--single-version-externally-managed', 'install_data'], 'cwd': '/home/onur/autonomous_robot/src/webots_ros2/webots_ros2_tiago', 'env': {'LESSOPEN': '| /usr/bin/lesspipe %s', 'USER': 'onur', 'GZ_CONFIG_PATH': '/opt/ros/lyrical/opt/sdformat_vendor/share/gz', 'XDG_SESSION_TYPE': 'wayland', 'PTYXIS_VERSION': '50.1', 'SHLVL': '1', 'LD_LIBRARY_PATH': '/home/onur/autonomous_robot/install/webots_ros2_control/lib:/home/onur/autonomous_robot/install/webots_ros2_driver/lib:/home/onur/autonomous_robot/install/webots_ros2_msgs/lib:/opt/ros/lyrical/opt/sdformat_vendor/lib:/opt/ros/lyrical/opt/gz_tools_vendor/lib:/opt/ros/lyrical/opt/gz_math_vendor/lib:/opt/ros/lyrical/opt/gz_utils_vendor/lib:/opt/ros/lyrical/opt/rviz_ogre_vendor/lib:/opt/ros/lyrical/lib/x86_64-linux-gnu:/opt/ros/lyrical/opt/gz_cmake_vendor/lib:/opt/ros/lyrical/lib', 'HOME': '/home/onur', 'OLDPWD': '/home/onur/autonomous_robot/src/webots_ros2', 'DESKTOP_SESSION': 'ubuntu', 'NVM_BIN': '/home/onur/.nvm/versions/node/v24.20.0/bin', 'NVM_INC': '/home/onur/.nvm/versions/node/v24.20.0/include/node', 'IM_CONFIG_ENTRY': 'profile', 'ROS_PYTHON_VERSION': '3', 'GTK_MODULES': 'gail:atk-bridge', 'MANAGERPID': '5622', 'DBUS_STARTER_BUS_TYPE': 'session', 'SYSTEMD_EXEC_PID': '5679', 'DBUS_SESSION_BUS_ADDRESS': 'unix:path=/run/user/1000/bus,guid=3e7ce15796779a58c58491916aa4375c', 'COLORTERM': 'truecolor', 'NVM_DIR': '/home/onur/.nvm', 'DEBUGINFOD_URLS': 'https://debuginfod.ubuntu.com', 'WAYLAND_DISPLAY': 'wayland-0', 'COLCON_PREFIX_PATH': '/home/onur/autonomous_robot/install', 'ROS_DISTRO': 'lyrical', 'LOGNAME': 'onur', 'MANAGERPIDFDID': '12827', '_': '/usr/bin/colcon', 'ROS_VERSION': '2', 'MEMORY_PRESSURE_WATCH': '/sys/fs/cgroup/user.slice/user-1000.slice/user@1000.service/session.slice/dbus.service/memory.pressure', 'XDG_SESSION_CLASS': 'user', 'USERNAME': 'onur', 'TERM': 'xterm-256color', 'GNOME_DESKTOP_SESSION_ID': 'this-is-deprecated', 'FLATPAK_TTY_PROGRESS': '1', 'PATH': '/opt/ros/lyrical/opt/gz_tools_vendor/bin:/opt/ros/lyrical/bin:/home/onur/.opencode/bin:/home/onur/.nvm/versions/node/v24.20.0/bin:/home/onur/.local/bin:/home/onur/.local/bin:/home/onur/.local/bin:/home/onur/.local/bin:/usr/local/sbin:/usr/local/bin:/usr/sbin:/usr/bin:/sbin:/bin:/usr/games:/usr/local/games:/snap/bin:/snap/bin:/home/onur/webots', 'INVOCATION_ID': '83eb2fbf06af433aae37214d63a74bec', 'XDG_MENU_PREFIX': 'gnome-', 'PTYXIS_PROFILE': '82a4d075e8ab3fd0d3bfb7fa6a8dfdba', 'GNOME_SETUP_DISPLAY': 'unix:/tmp/.X11-unix/X1', 'XDG_RUNTIME_DIR': '/run/user/1000', 'DISPLAY': ':0', 'LANG': 'en_US.UTF-8', 'XDG_CURRENT_DESKTOP': 'ubuntu:GNOME', 'XMODIFIERS': '@im=ibus', 'XDG_SESSION_DESKTOP': 'ubuntu', 'XAUTHORITY': '/run/user/1000/.mutter-Xwaylandauth.H8PHV3', 'LS_COLORS': 'rs=0:di=01;34:ln=01;36:mh=00:pi=40;33:so=01;35:do=01;35:bd=40;33;01:cd=40;33;01:or=40;31;01:mi=00:su=37;41:sg=30;43:ca=00:tw=30;42:ow=34;42:st=37;44:ex=01;32:*.tar=01;31:*.tgz=01;31:*.arc=01;31:*.arj=01;31:*.taz=01;31:*.lha=01;31:*.lz4=01;31:*.lzh=01;31:*.lzma=01;31:*.tlz=01;31:*.txz=01;31:*.tzo=01;31:*.t7z=01;31:*.zip=01;31:*.z=01;31:*.dz=01;31:*.gz=01;31:*.lrz=01;31:*.lz=01;31:*.lzo=01;31:*.xz=01;31:*.zst=01;31:*.tzst=01;31:*.bz2=01;31:*.bz=01;31:*.tbz=01;31:*.tbz2=01;31:*.tz=01;31:*.deb=01;31:*.rpm=01;31:*.jar=01;31:*.war=01;31:*.ear=01;31:*.sar=01;31:*.rar=01;31:*.alz=01;31:*.ace=01;31:*.zoo=01;31:*.cpio=01;31:*.7z=01;31:*.rz=01;31:*.cab=01;31:*.wim=01;31:*.swm=01;31:*.dwm=01;31:*.esd=01;31:*.avif=01;35:*.jpg=01;35:*.jpeg=01;35:*.mjpg=01;35:*.mjpeg=01;35:*.gif=01;35:*.bmp=01;35:*.pbm=01;35:*.pgm=01;35:*.ppm=01;35:*.tga=01;35:*.xbm=01;35:*.xpm=01;35:*.tif=01;35:*.tiff=01;35:*.png=01;35:*.svg=01;35:*.svgz=01;35:*.mng=01;35:*.pcx=01;35:*.mov=01;35:*.mpg=01;35:*.mpeg=01;35:*.m2v=01;35:*.mkv=01;35:*.webm=01;35:*.webp=01;35:*.ogm=01;35:*.mp4=01;35:*.m4v=01;35:*.mp4v=01;35:*.vob=01;35:*.qt=01;35:*.nuv=01;35:*.wmv=01;35:*.asf=01;35:*.rm=01;35:*.rmvb=01;35:*.flc=01;35:*.avi=01;35:*.fli=01;35:*.flv=01;35:*.gl=01;35:*.dl=01;35:*.xcf=01;35:*.xwd=01;35:*.yuv=01;35:*.cgm=01;35:*.emf=01;35:*.ogv=01;35:*.ogx=01;35:*.aac=00;36:*.au=00;36:*.flac=00;36:*.m4a=00;36:*.mid=00;36:*.midi=00;36:*.mka=00;36:*.mp3=00;36:*.mpc=00;36:*.ogg=00;36:*.ra=00;36:*.wav=00;36:*.oga=00;36:*.opus=00;36:*.spx=00;36:*.xspf=00;36:*~=00;90:*#=00;90:*.bak=00;90:*.old=00;90:*.orig=00;90:*.part=00;90:*.rej=00;90:*.swp=00;90:*.tmp=00;90:*.dpkg-dist=00;90:*.dpkg-old=00;90:*.ucf-dist=00;90:*.ucf-new=00;90:*.ucf-old=00;90:*.rpmnew=00;90:*.rpmorig=00;90:*.rpmsave=00;90:', 'SSH_AUTH_SOCK': '/run/user/1000/gcr/ssh', 'AMENT_PREFIX_PATH': '/home/onur/autonomous_robot/install/webots_ros2_control:/home/onur/autonomous_robot/install/webots_ros2_driver:/home/onur/autonomous_robot/install/webots_ros2_msgs:/home/onur/autonomous_robot/install/webots_ros2_importer:/opt/ros/lyrical', 'SHELL': '/bin/bash', 'QT_ACCESSIBILITY': '1', 'GDMSESSION': 'ubuntu', 'WEBOTS_HOME': '/home/onur/webots', 'LESSCLOSE': '/usr/bin/lesspipe %s %s', 'GPG_AGENT_INFO': '/run/user/1000/gnupg/S.gpg-agent:0:1', 'ROS_AUTOMATIC_DISCOVERY_RANGE': 'SUBNET', 'QT_IM_MODULE': 'ibus', 'PWD': '/home/onur/autonomous_robot/build/webots_ros2_tiago', 'XDG_CONFIG_DIRS': '/etc/xdg/xdg-ubuntu:/etc/xdg', 'NVM_CD_FLAGS': '', 'DBUS_STARTER_ADDRESS': 'unix:path=/run/user/1000/bus,guid=3e7ce15796779a58c58491916aa4375c', 'XDG_DATA_DIRS': '/usr/share/ubuntu:/usr/share/gnome:/usr/local/share/:/usr/share/:/var/lib/snapd/desktop', 'XDG_SESSION_EXTRA_DEVICE_ACCESS': 'render:accel', 'PYTHONPATH': '/home/onur/autonomous_robot/build/webots_ros2_tiago/prefix_override:/usr/lib/python3/dist-packages/colcon_core/task/python/colcon_distutils_commands:/home/onur/autonomous_robot/install/webots_ros2_tiago/lib/python3.14/site-packages:/home/onur/autonomous_robot/install/webots_ros2_driver/lib/python3.14/site-packages:/home/onur/autonomous_robot/install/webots_ros2_msgs/lib/python3.14/site-packages:/home/onur/autonomous_robot/install/webots_ros2_importer/lib/python3.14/site-packages:/opt/ros/lyrical/opt/sdformat_vendor/lib/python:/opt/ros/lyrical/opt/gz_math_vendor/lib/python:/opt/ros/lyrical/lib/python3.14/site-packages', 'COLCON': '1', 'QT_IM_MODULES': 'wayland;ibus', 'MEMORY_PRESSURE_WRITE': 'c29tZSAyMDAwMDAgMjAwMDAwMAA=', 'VTE_VERSION': '8400', 'CMAKE_PREFIX_PATH': '/home/onur/autonomous_robot/install/webots_ros2_control:/home/onur/autonomous_robot/install/webots_ros2_driver:/home/onur/autonomous_robot/install/webots_ros2_msgs:/opt/ros/lyrical/opt/sdformat_vendor:/opt/ros/lyrical/opt/gz_tools_vendor:/opt/ros/lyrical/opt/gz_math_vendor:/opt/ros/lyrical/opt/gz_utils_vendor:/opt/ros/lyrical/opt/gz_cmake_vendor'}, 'shell': False}
[38.302054] (webots_ros2_universal_robot) Command: {'cmd': ['/usr/bin/python3', '-W', 'ignore:setup.py install is deprecated', '-W', 'ignore:easy_install command is deprecated', 'setup.py', 'egg_info', '--egg-base', '../../../build/webots_ros2_universal_robot', 'build', '--build-base', '/home/onur/autonomous_robot/build/webots_ros2_universal_robot/build', 'install', '--record', '/home/onur/autonomous_robot/build/webots_ros2_universal_robot/install.log', '--install-scripts', '$base/lib/webots_ros2_universal_robot', '--single-version-externally-managed', 'install_data'], 'cwd': '/home/onur/autonomous_robot/src/webots_ros2/webots_ros2_universal_robot', 'env': {'LESSOPEN': '| /usr/bin/lesspipe %s', 'USER': 'onur', 'GZ_CONFIG_PATH': '/opt/ros/lyrical/opt/sdformat_vendor/share/gz', 'XDG_SESSION_TYPE': 'wayland', 'PTYXIS_VERSION': '50.1', 'SHLVL': '1', 'LD_LIBRARY_PATH': '/home/onur/autonomous_robot/install/webots_ros2_control/lib:/home/onur/autonomous_robot/install/webots_ros2_driver/lib:/home/onur/autonomous_robot/install/webots_ros2_msgs/lib:/opt/ros/lyrical/opt/sdformat_vendor/lib:/opt/ros/lyrical/opt/gz_tools_vendor/lib:/opt/ros/lyrical/opt/gz_math_vendor/lib:/opt/ros/lyrical/opt/gz_utils_vendor/lib:/opt/ros/lyrical/opt/rviz_ogre_vendor/lib:/opt/ros/lyrical/lib/x86_64-linux-gnu:/opt/ros/lyrical/opt/gz_cmake_vendor/lib:/opt/ros/lyrical/lib', 'HOME': '/home/onur', 'OLDPWD': '/home/onur/autonomous_robot/src/webots_ros2', 'DESKTOP_SESSION': 'ubuntu', 'NVM_BIN': '/home/onur/.nvm/versions/node/v24.20.0/bin', 'NVM_INC': '/home/onur/.nvm/versions/node/v24.20.0/include/node', 'IM_CONFIG_ENTRY': 'profile', 'ROS_PYTHON_VERSION': '3', 'GTK_MODULES': 'gail:atk-bridge', 'MANAGERPID': '5622', 'DBUS_STARTER_BUS_TYPE': 'session', 'SYSTEMD_EXEC_PID': '5679', 'DBUS_SESSION_BUS_ADDRESS': 'unix:path=/run/user/1000/bus,guid=3e7ce15796779a58c58491916aa4375c', 'COLORTERM': 'truecolor', 'NVM_DIR': '/home/onur/.nvm', 'DEBUGINFOD_URLS': 'https://debuginfod.ubuntu.com', 'WAYLAND_DISPLAY': 'wayland-0', 'COLCON_PREFIX_PATH': '/home/onur/autonomous_robot/install', 'ROS_DISTRO': 'lyrical', 'LOGNAME': 'onur', 'MANAGERPIDFDID': '12827', '_': '/usr/bin/colcon', 'ROS_VERSION': '2', 'MEMORY_PRESSURE_WATCH': '/sys/fs/cgroup/user.slice/user-1000.slice/user@1000.service/session.slice/dbus.service/memory.pressure', 'XDG_SESSION_CLASS': 'user', 'USERNAME': 'onur', 'TERM': 'xterm-256color', 'GNOME_DESKTOP_SESSION_ID': 'this-is-deprecated', 'FLATPAK_TTY_PROGRESS': '1', 'PATH': '/opt/ros/lyrical/opt/gz_tools_vendor/bin:/opt/ros/lyrical/bin:/home/onur/.opencode/bin:/home/onur/.nvm/versions/node/v24.20.0/bin:/home/onur/.local/bin:/home/onur/.local/bin:/home/onur/.local/bin:/home/onur/.local/bin:/usr/local/sbin:/usr/local/bin:/usr/sbin:/usr/bin:/sbin:/bin:/usr/games:/usr/local/games:/snap/bin:/snap/bin:/home/onur/webots', 'INVOCATION_ID': '83eb2fbf06af433aae37214d63a74bec', 'XDG_MENU_PREFIX': 'gnome-', 'PTYXIS_PROFILE': '82a4d075e8ab3fd0d3bfb7fa6a8dfdba', 'GNOME_SETUP_DISPLAY': 'unix:/tmp/.X11-unix/X1', 'XDG_RUNTIME_DIR': '/run/user/1000', 'DISPLAY': ':0', 'LANG': 'en_US.UTF-8', 'XDG_CURRENT_DESKTOP': 'ubuntu:GNOME', 'XMODIFIERS': '@im=ibus', 'XDG_SESSION_DESKTOP': 'ubuntu', 'XAUTHORITY': '/run/user/1000/.mutter-Xwaylandauth.H8PHV3', 'LS_COLORS': 'rs=0:di=01;34:ln=01;36:mh=00:pi=40;33:so=01;35:do=01;35:bd=40;33;01:cd=40;33;01:or=40;31;01:mi=00:su=37;41:sg=30;43:ca=00:tw=30;42:ow=34;42:st=37;44:ex=01;32:*.tar=01;31:*.tgz=01;31:*.arc=01;31:*.arj=01;31:*.taz=01;31:*.lha=01;31:*.lz4=01;31:*.lzh=01;31:*.lzma=01;31:*.tlz=01;31:*.txz=01;31:*.tzo=01;31:*.t7z=01;31:*.zip=01;31:*.z=01;31:*.dz=01;31:*.gz=01;31:*.lrz=01;31:*.lz=01;31:*.lzo=01;31:*.xz=01;31:*.zst=01;31:*.tzst=01;31:*.bz2=01;31:*.bz=01;31:*.tbz=01;31:*.tbz2=01;31:*.tz=01;31:*.deb=01;31:*.rpm=01;31:*.jar=01;31:*.war=01;31:*.ear=01;31:*.sar=01;31:*.rar=01;31:*.alz=01;31:*.ace=01;31:*.zoo=01;31:*.cpio=01;31:*.7z=01;31:*.rz=01;31:*.cab=01;31:*.wim=01;31:*.swm=01;31:*.dwm=01;31:*.esd=01;31:*.avif=01;35:*.jpg=01;35:*.jpeg=01;35:*.mjpg=01;35:*.mjpeg=01;35:*.gif=01;35:*.bmp=01;35:*.pbm=01;35:*.pgm=01;35:*.ppm=01;35:*.tga=01;35:*.xbm=01;35:*.xpm=01;35:*.tif=01;35:*.tiff=01;35:*.png=01;35:*.svg=01;35:*.svgz=01;35:*.mng=01;35:*.pcx=01;35:*.mov=01;35:*.mpg=01;35:*.mpeg=01;35:*.m2v=01;35:*.mkv=01;35:*.webm=01;35:*.webp=01;35:*.ogm=01;35:*.mp4=01;35:*.m4v=01;35:*.mp4v=01;35:*.vob=01;35:*.qt=01;35:*.nuv=01;35:*.wmv=01;35:*.asf=01;35:*.rm=01;35:*.rmvb=01;35:*.flc=01;35:*.avi=01;35:*.fli=01;35:*.flv=01;35:*.gl=01;35:*.dl=01;35:*.xcf=01;35:*.xwd=01;35:*.yuv=01;35:*.cgm=01;35:*.emf=01;35:*.ogv=01;35:*.ogx=01;35:*.aac=00;36:*.au=00;36:*.flac=00;36:*.m4a=00;36:*.mid=00;36:*.midi=00;36:*.mka=00;36:*.mp3=00;36:*.mpc=00;36:*.ogg=00;36:*.ra=00;36:*.wav=00;36:*.oga=00;36:*.opus=00;36:*.spx=00;36:*.xspf=00;36:*~=00;90:*#=00;90:*.bak=00;90:*.old=00;90:*.orig=00;90:*.part=00;90:*.rej=00;90:*.swp=00;90:*.tmp=00;90:*.dpkg-dist=00;90:*.dpkg-old=00;90:*.ucf-dist=00;90:*.ucf-new=00;90:*.ucf-old=00;90:*.rpmnew=00;90:*.rpmorig=00;90:*.rpmsave=00;90:', 'SSH_AUTH_SOCK': '/run/user/1000/gcr/ssh', 'AMENT_PREFIX_PATH': '/home/onur/autonomous_robot/install/webots_ros2_control:/home/onur/autonomous_robot/install/webots_ros2_driver:/home/onur/autonomous_robot/install/webots_ros2_msgs:/home/onur/autonomous_robot/install/webots_ros2_importer:/opt/ros/lyrical', 'SHELL': '/bin/bash', 'QT_ACCESSIBILITY': '1', 'GDMSESSION': 'ubuntu', 'WEBOTS_HOME': '/home/onur/webots', 'LESSCLOSE': '/usr/bin/lesspipe %s %s', 'GPG_AGENT_INFO': '/run/user/1000/gnupg/S.gpg-agent:0:1', 'ROS_AUTOMATIC_DISCOVERY_RANGE': 'SUBNET', 'QT_IM_MODULE': 'ibus', 'PWD': '/home/onur/autonomous_robot/build/webots_ros2_universal_robot', 'XDG_CONFIG_DIRS': '/etc/xdg/xdg-ubuntu:/etc/xdg', 'NVM_CD_FLAGS': '', 'DBUS_STARTER_ADDRESS': 'unix:path=/run/user/1000/bus,guid=3e7ce15796779a58c58491916aa4375c', 'XDG_DATA_DIRS': '/usr/share/ubuntu:/usr/share/gnome:/usr/local/share/:/usr/share/:/var/lib/snapd/desktop', 'XDG_SESSION_EXTRA_DEVICE_ACCESS': 'render:accel', 'PYTHONPATH': '/home/onur/autonomous_robot/build/webots_ros2_universal_robot/prefix_override:/usr/lib/python3/dist-packages/colcon_core/task/python/colcon_distutils_commands:/home/onur/autonomous_robot/install/webots_ros2_universal_robot/lib/python3.14/site-packages:/home/onur/autonomous_robot/install/webots_ros2_driver/lib/python3.14/site-packages:/home/onur/autonomous_robot/install/webots_ros2_msgs/lib/python3.14/site-packages:/home/onur/autonomous_robot/install/webots_ros2_importer/lib/python3.14/site-packages:/opt/ros/lyrical/opt/sdformat_vendor/lib/python:/opt/ros/lyrical/opt/gz_math_vendor/lib/python:/opt/ros/lyrical/lib/python3.14/site-packages', 'COLCON': '1', 'QT_IM_MODULES': 'wayland;ibus', 'MEMORY_PRESSURE_WRITE': 'c29tZSAyMDAwMDAgMjAwMDAwMAA=', 'VTE_VERSION': '8400', 'CMAKE_PREFIX_PATH': '/home/onur/autonomous_robot/install/webots_ros2_control:/home/onur/autonomous_robot/install/webots_ros2_driver:/home/onur/autonomous_robot/install/webots_ros2_msgs:/opt/ros/lyrical/opt/sdformat_vendor:/opt/ros/lyrical/opt/gz_tools_vendor:/opt/ros/lyrical/opt/gz_math_vendor:/opt/ros/lyrical/opt/gz_utils_vendor:/opt/ros/lyrical/opt/gz_cmake_vendor'}, 'shell': False}
[38.331445] (-) TimerEvent: {}
[38.404273] (webots_ros2_epuck) StderrLine: {'line': b"/usr/lib/python3/dist-packages/setuptools/_distutils/dist.py:289: UserWarning: Unknown distribution option: 'tests_require'\n"}
[38.404486] (webots_ros2_epuck) StderrLine: {'line': b'  warnings.warn(msg)\n'}
[38.404572] (webots_ros2_husarion) StderrLine: {'line': b"/usr/lib/python3/dist-packages/setuptools/_distutils/dist.py:289: UserWarning: Unknown distribution option: 'tests_require'\n"}
[38.404685] (webots_ros2_husarion) StderrLine: {'line': b'  warnings.warn(msg)\n'}
[38.407284] (webots_ros2_turtlebot) StderrLine: {'line': b"/usr/lib/python3/dist-packages/setuptools/_distutils/dist.py:289: UserWarning: Unknown distribution option: 'tests_require'\n"}
[38.407470] (webots_ros2_turtlebot) StderrLine: {'line': b'  warnings.warn(msg)\n'}
[38.411437] (webots_ros2_tiago) StderrLine: {'line': b"/usr/lib/python3/dist-packages/setuptools/_distutils/dist.py:289: UserWarning: Unknown distribution option: 'tests_require'\n"}
[38.411625] (webots_ros2_tiago) StderrLine: {'line': b'  warnings.warn(msg)\n'}
[38.419262] (webots_ros2_universal_robot) StderrLine: {'line': b"/usr/lib/python3/dist-packages/setuptools/_distutils/dist.py:289: UserWarning: Unknown distribution option: 'tests_require'\n"}
[38.419460] (webots_ros2_universal_robot) StderrLine: {'line': b'  warnings.warn(msg)\n'}
[38.427175] (webots_ros2_husarion) StderrLine: {'line': b'/usr/lib/python3/dist-packages/setuptools/dist.py:759: SetuptoolsDeprecationWarning: License classifiers are deprecated.\n'}
[38.427318] (webots_ros2_husarion) StderrLine: {'line': b'!!\n'}
[38.427401] (webots_ros2_husarion) StderrLine: {'line': b'\n'}
[38.427477] (webots_ros2_husarion) StderrLine: {'line': b'        ********************************************************************************\n'}
[38.427552] (webots_ros2_husarion) StderrLine: {'line': b'        Please consider removing the following classifiers in favor of a SPDX license expression:\n'}
[38.427628] (webots_ros2_husarion) StderrLine: {'line': b'\n'}
[38.427704] (webots_ros2_husarion) StderrLine: {'line': b'        License :: OSI Approved :: Apache Software License\n'}
[38.427781] (webots_ros2_husarion) StderrLine: {'line': b'\n'}
[38.427857] (webots_ros2_husarion) StderrLine: {'line': b'        See https://packaging.python.org/en/latest/guides/writing-pyproject-toml/#license for details.\n'}
[38.428071] (webots_ros2_husarion) StderrLine: {'line': b'        ********************************************************************************\n'}
[38.428164] (webots_ros2_husarion) StderrLine: {'line': b'\n'}
[38.428239] (webots_ros2_husarion) StderrLine: {'line': b'!!\n'}
[38.428312] (webots_ros2_husarion) StderrLine: {'line': b'  self._finalize_license_expression()\n'}
[38.428384] (webots_ros2_epuck) StderrLine: {'line': b'/usr/lib/python3/dist-packages/setuptools/dist.py:759: SetuptoolsDeprecationWarning: License classifiers are deprecated.\n'}
[38.428463] (webots_ros2_epuck) StderrLine: {'line': b'!!\n'}
[38.428534] (webots_ros2_epuck) StderrLine: {'line': b'\n'}
[38.428605] (webots_ros2_epuck) StderrLine: {'line': b'        ********************************************************************************\n'}
[38.428682] (webots_ros2_epuck) StderrLine: {'line': b'        Please consider removing the following classifiers in favor of a SPDX license expression:\n'}
[38.428753] (webots_ros2_epuck) StderrLine: {'line': b'\n'}
[38.428825] (webots_ros2_epuck) StderrLine: {'line': b'        License :: OSI Approved :: Apache Software License\n'}
[38.428906] (webots_ros2_epuck) StderrLine: {'line': b'\n'}
[38.428981] (webots_ros2_epuck) StderrLine: {'line': b'        See https://packaging.python.org/en/latest/guides/writing-pyproject-toml/#license for details.\n'}
[38.429053] (webots_ros2_epuck) StderrLine: {'line': b'        ********************************************************************************\n'}
[38.429135] (webots_ros2_epuck) StderrLine: {'line': b'\n'}
[38.429206] (webots_ros2_epuck) StderrLine: {'line': b'!!\n'}
[38.429276] (webots_ros2_epuck) StderrLine: {'line': b'  self._finalize_license_expression()\n'}
[38.430563] (webots_ros2_turtlebot) StderrLine: {'line': b'/usr/lib/python3/dist-packages/setuptools/dist.py:759: SetuptoolsDeprecationWarning: License classifiers are deprecated.\n'}
[38.430691] (webots_ros2_turtlebot) StderrLine: {'line': b'!!\n'}
[38.430773] (webots_ros2_turtlebot) StderrLine: {'line': b'\n'}
[38.430847] (webots_ros2_turtlebot) StderrLine: {'line': b'        ********************************************************************************\n'}
[38.430933] (webots_ros2_turtlebot) StderrLine: {'line': b'        Please consider removing the following classifiers in favor of a SPDX license expression:\n'}
[38.431009] (webots_ros2_turtlebot) StderrLine: {'line': b'\n'}
[38.431080] (webots_ros2_turtlebot) StderrLine: {'line': b'        License :: OSI Approved :: Apache Software License\n'}
[38.431151] (webots_ros2_turtlebot) StderrLine: {'line': b'\n'}
[38.431220] (webots_ros2_turtlebot) StderrLine: {'line': b'        See https://packaging.python.org/en/latest/guides/writing-pyproject-toml/#license for details.\n'}
[38.431291] (webots_ros2_turtlebot) StderrLine: {'line': b'        ********************************************************************************\n'}
[38.431361] (webots_ros2_turtlebot) StderrLine: {'line': b'\n'}
[38.431432] (webots_ros2_turtlebot) StderrLine: {'line': b'!!\n'}
[38.431501] (-) TimerEvent: {}
[38.431626] (webots_ros2_turtlebot) StderrLine: {'line': b'  self._finalize_license_expression()\n'}
[38.434035] (webots_ros2_tiago) StderrLine: {'line': b'/usr/lib/python3/dist-packages/setuptools/dist.py:759: SetuptoolsDeprecationWarning: License classifiers are deprecated.\n'}
[38.434148] (webots_ros2_tiago) StderrLine: {'line': b'!!\n'}
[38.434220] (webots_ros2_tiago) StderrLine: {'line': b'\n'}
[38.434290] (webots_ros2_tiago) StderrLine: {'line': b'        ********************************************************************************\n'}
[38.434360] (webots_ros2_tiago) StderrLine: {'line': b'        Please consider removing the following classifiers in favor of a SPDX license expression:\n'}
[38.434429] (webots_ros2_tiago) StderrLine: {'line': b'\n'}
[38.434498] (webots_ros2_tiago) StderrLine: {'line': b'        License :: OSI Approved :: Apache Software License\n'}
[38.434568] (webots_ros2_tiago) StderrLine: {'line': b'\n'}
[38.434637] (webots_ros2_tiago) StderrLine: {'line': b'        See https://packaging.python.org/en/latest/guides/writing-pyproject-toml/#license for details.\n'}
[38.434707] (webots_ros2_tiago) StderrLine: {'line': b'        ********************************************************************************\n'}
[38.434777] (webots_ros2_tiago) StderrLine: {'line': b'\n'}
[38.434845] (webots_ros2_tiago) StderrLine: {'line': b'!!\n'}
[38.434926] (webots_ros2_tiago) StderrLine: {'line': b'  self._finalize_license_expression()\n'}
[38.442538] (webots_ros2_universal_robot) StderrLine: {'line': b'/usr/lib/python3/dist-packages/setuptools/dist.py:759: SetuptoolsDeprecationWarning: License classifiers are deprecated.\n'}
[38.442669] (webots_ros2_universal_robot) StderrLine: {'line': b'!!\n'}
[38.442747] (webots_ros2_universal_robot) StderrLine: {'line': b'\n'}
[38.442820] (webots_ros2_universal_robot) StderrLine: {'line': b'        ********************************************************************************\n'}
[38.442897] (webots_ros2_universal_robot) StderrLine: {'line': b'        Please consider removing the following classifiers in favor of a SPDX license expression:\n'}
[38.442973] (webots_ros2_universal_robot) StderrLine: {'line': b'\n'}
[38.443041] (webots_ros2_universal_robot) StderrLine: {'line': b'        License :: OSI Approved :: Apache Software License\n'}
[38.443109] (webots_ros2_universal_robot) StderrLine: {'line': b'\n'}
[38.443188] (webots_ros2_universal_robot) StderrLine: {'line': b'        See https://packaging.python.org/en/latest/guides/writing-pyproject-toml/#license for details.\n'}
[38.443256] (webots_ros2_universal_robot) StderrLine: {'line': b'        ********************************************************************************\n'}
[38.443323] (webots_ros2_universal_robot) StderrLine: {'line': b'\n'}
[38.443391] (webots_ros2_universal_robot) StderrLine: {'line': b'!!\n'}
[38.443458] (webots_ros2_universal_robot) StderrLine: {'line': b'  self._finalize_license_expression()\n'}
[38.474351] (webots_ros2_husarion) StdoutLine: {'line': b'running egg_info\n'}
[38.474719] (webots_ros2_epuck) StdoutLine: {'line': b'running egg_info\n'}
[38.478123] (webots_ros2_turtlebot) StdoutLine: {'line': b'running egg_info\n'}
[38.481014] (webots_ros2_tiago) StdoutLine: {'line': b'running egg_info\n'}
[38.485368] (webots_ros2_husarion) StdoutLine: {'line': b'creating ../../../build/webots_ros2_husarion/webots_ros2_husarion.egg-info\n'}
[38.485538] (webots_ros2_husarion) StdoutLine: {'line': b'writing ../../../build/webots_ros2_husarion/webots_ros2_husarion.egg-info/PKG-INFO\n'}
[38.485803] (webots_ros2_husarion) StdoutLine: {'line': b'writing dependency_links to ../../../build/webots_ros2_husarion/webots_ros2_husarion.egg-info/dependency_links.txt\n'}
[38.486079] (webots_ros2_epuck) StdoutLine: {'line': b'creating ../../../build/webots_ros2_epuck/webots_ros2_epuck.egg-info\n'}
[38.486203] (webots_ros2_epuck) StdoutLine: {'line': b'writing ../../../build/webots_ros2_epuck/webots_ros2_epuck.egg-info/PKG-INFO\n'}
[38.486293] (webots_ros2_husarion) StdoutLine: {'line': b'writing requirements to ../../../build/webots_ros2_husarion/webots_ros2_husarion.egg-info/requires.txt\n'}
[38.486380] (webots_ros2_husarion) StdoutLine: {'line': b'writing top-level names to ../../../build/webots_ros2_husarion/webots_ros2_husarion.egg-info/top_level.txt\n'}
[38.486491] (webots_ros2_husarion) StdoutLine: {'line': b"writing manifest file '../../../build/webots_ros2_husarion/webots_ros2_husarion.egg-info/SOURCES.txt'\n"}
[38.486571] (webots_ros2_epuck) StdoutLine: {'line': b'writing dependency_links to ../../../build/webots_ros2_epuck/webots_ros2_epuck.egg-info/dependency_links.txt\n'}
[38.486648] (webots_ros2_epuck) StdoutLine: {'line': b'writing entry points to ../../../build/webots_ros2_epuck/webots_ros2_epuck.egg-info/entry_points.txt\n'}
[38.486719] (webots_ros2_epuck) StdoutLine: {'line': b'writing requirements to ../../../build/webots_ros2_epuck/webots_ros2_epuck.egg-info/requires.txt\n'}
[38.486790] (webots_ros2_epuck) StdoutLine: {'line': b'writing top-level names to ../../../build/webots_ros2_epuck/webots_ros2_epuck.egg-info/top_level.txt\n'}
[38.486861] (webots_ros2_epuck) StdoutLine: {'line': b"writing manifest file '../../../build/webots_ros2_epuck/webots_ros2_epuck.egg-info/SOURCES.txt'\n"}
[38.489488] (webots_ros2_turtlebot) StdoutLine: {'line': b'creating ../../../build/webots_ros2_turtlebot/webots_ros2_turtlebot.egg-info\n'}
[38.489650] (webots_ros2_turtlebot) StdoutLine: {'line': b'writing ../../../build/webots_ros2_turtlebot/webots_ros2_turtlebot.egg-info/PKG-INFO\n'}
[38.489765] (webots_ros2_turtlebot) StdoutLine: {'line': b'writing dependency_links to ../../../build/webots_ros2_turtlebot/webots_ros2_turtlebot.egg-info/dependency_links.txt\n'}
[38.489863] (webots_ros2_turtlebot) StdoutLine: {'line': b'writing entry points to ../../../build/webots_ros2_turtlebot/webots_ros2_turtlebot.egg-info/entry_points.txt\n'}
[38.489969] (webots_ros2_turtlebot) StdoutLine: {'line': b'writing requirements to ../../../build/webots_ros2_turtlebot/webots_ros2_turtlebot.egg-info/requires.txt\n'}
[38.490048] (webots_ros2_turtlebot) StdoutLine: {'line': b'writing top-level names to ../../../build/webots_ros2_turtlebot/webots_ros2_turtlebot.egg-info/top_level.txt\n'}
[38.490220] (webots_ros2_turtlebot) StdoutLine: {'line': b"writing manifest file '../../../build/webots_ros2_turtlebot/webots_ros2_turtlebot.egg-info/SOURCES.txt'\n"}
[38.490465] (webots_ros2_universal_robot) StdoutLine: {'line': b'running egg_info\n'}
[38.492299] (webots_ros2_tiago) StdoutLine: {'line': b'creating ../../../build/webots_ros2_tiago/webots_ros2_tiago.egg-info\n'}
[38.492455] (webots_ros2_tiago) StdoutLine: {'line': b'writing ../../../build/webots_ros2_tiago/webots_ros2_tiago.egg-info/PKG-INFO\n'}
[38.492680] (webots_ros2_tiago) StdoutLine: {'line': b'writing dependency_links to ../../../build/webots_ros2_tiago/webots_ros2_tiago.egg-info/dependency_links.txt\n'}
[38.492833] (webots_ros2_tiago) StdoutLine: {'line': b'writing entry points to ../../../build/webots_ros2_tiago/webots_ros2_tiago.egg-info/entry_points.txt\n'}
[38.492942] (webots_ros2_tiago) StdoutLine: {'line': b'writing requirements to ../../../build/webots_ros2_tiago/webots_ros2_tiago.egg-info/requires.txt\n'}
[38.493018] (webots_ros2_tiago) StdoutLine: {'line': b'writing top-level names to ../../../build/webots_ros2_tiago/webots_ros2_tiago.egg-info/top_level.txt\n'}
[38.493091] (webots_ros2_tiago) StdoutLine: {'line': b"writing manifest file '../../../build/webots_ros2_tiago/webots_ros2_tiago.egg-info/SOURCES.txt'\n"}
[38.501689] (webots_ros2_universal_robot) StdoutLine: {'line': b'creating ../../../build/webots_ros2_universal_robot/webots_ros2_universal_robot.egg-info\n'}
[38.501844] (webots_ros2_universal_robot) StdoutLine: {'line': b'writing ../../../build/webots_ros2_universal_robot/webots_ros2_universal_robot.egg-info/PKG-INFO\n'}
[38.502212] (webots_ros2_universal_robot) StdoutLine: {'line': b'writing dependency_links to ../../../build/webots_ros2_universal_robot/webots_ros2_universal_robot.egg-info/dependency_links.txt\n'}
[38.502321] (webots_ros2_universal_robot) StdoutLine: {'line': b'writing entry points to ../../../build/webots_ros2_universal_robot/webots_ros2_universal_robot.egg-info/entry_points.txt\n'}
[38.502397] (webots_ros2_universal_robot) StdoutLine: {'line': b'writing requirements to ../../../build/webots_ros2_universal_robot/webots_ros2_universal_robot.egg-info/requires.txt\n'}
[38.502468] (webots_ros2_universal_robot) StdoutLine: {'line': b'writing top-level names to ../../../build/webots_ros2_universal_robot/webots_ros2_universal_robot.egg-info/top_level.txt\n'}
[38.502536] (webots_ros2_universal_robot) StdoutLine: {'line': b"writing manifest file '../../../build/webots_ros2_universal_robot/webots_ros2_universal_robot.egg-info/SOURCES.txt'\n"}
[38.505791] (webots_ros2_tiago) StdoutLine: {'line': b"reading manifest file '../../../build/webots_ros2_tiago/webots_ros2_tiago.egg-info/SOURCES.txt'\n"}
[38.506411] (webots_ros2_tiago) StdoutLine: {'line': b"writing manifest file '../../../build/webots_ros2_tiago/webots_ros2_tiago.egg-info/SOURCES.txt'\n"}
[38.506572] (webots_ros2_tiago) StdoutLine: {'line': b'running build\n'}
[38.506653] (webots_ros2_tiago) StdoutLine: {'line': b'running install\n'}
[38.509701] (webots_ros2_tiago) StdoutLine: {'line': b'running install_data\n'}
[38.509860] (webots_ros2_tiago) StdoutLine: {'line': b'creating /home/onur/autonomous_robot/install/webots_ros2_tiago/share/ament_index/resource_index/packages\n'}
[38.510091] (webots_ros2_tiago) StdoutLine: {'line': b'copying resource/webots_ros2_tiago -> /home/onur/autonomous_robot/install/webots_ros2_tiago/share/ament_index/resource_index/packages\n'}
[38.510264] (webots_ros2_tiago) StdoutLine: {'line': b'creating /home/onur/autonomous_robot/install/webots_ros2_tiago/share/webots_ros2_tiago/launch\n'}
[38.510488] (webots_ros2_tiago) StdoutLine: {'line': b'copying launch/robot_launch.py -> /home/onur/autonomous_robot/install/webots_ros2_tiago/share/webots_ros2_tiago/launch\n'}
[38.510652] (webots_ros2_tiago) StdoutLine: {'line': b'copying launch/robot_bringup_launch.py -> /home/onur/autonomous_robot/install/webots_ros2_tiago/share/webots_ros2_tiago/launch\n'}
[38.510747] (webots_ros2_tiago) StdoutLine: {'line': b'creating /home/onur/autonomous_robot/install/webots_ros2_tiago/share/webots_ros2_tiago/resource\n'}
[38.510876] (webots_ros2_tiago) StdoutLine: {'line': b'copying resource/tiago_webots.urdf -> /home/onur/autonomous_robot/install/webots_ros2_tiago/share/webots_ros2_tiago/resource\n'}
[38.511036] (webots_ros2_tiago) StdoutLine: {'line': b'copying resource/tiago_bringup_webots.urdf -> /home/onur/autonomous_robot/install/webots_ros2_tiago/share/webots_ros2_tiago/resource\n'}
[38.511159] (webots_ros2_tiago) StdoutLine: {'line': b'copying resource/ros2_control.yml -> /home/onur/autonomous_robot/install/webots_ros2_tiago/share/webots_ros2_tiago/resource\n'}
[38.511246] (webots_ros2_tiago) StdoutLine: {'line': b'copying resource/ros2_control_bringup.yml -> /home/onur/autonomous_robot/install/webots_ros2_tiago/share/webots_ros2_tiago/resource\n'}
[38.511326] (webots_ros2_tiago) StdoutLine: {'line': b'copying resource/nav2_params.yaml -> /home/onur/autonomous_robot/install/webots_ros2_tiago/share/webots_ros2_tiago/resource\n'}
[38.511405] (webots_ros2_tiago) StdoutLine: {'line': b'copying resource/nav2_params_iron.yaml -> /home/onur/autonomous_robot/install/webots_ros2_tiago/share/webots_ros2_tiago/resource\n'}
[38.511483] (webots_ros2_husarion) StdoutLine: {'line': b"reading manifest file '../../../build/webots_ros2_husarion/webots_ros2_husarion.egg-info/SOURCES.txt'\n"}
[38.511639] (webots_ros2_tiago) StdoutLine: {'line': b'copying resource/default.rviz -> /home/onur/autonomous_robot/install/webots_ros2_tiago/share/webots_ros2_tiago/resource\n'}
[38.511727] (webots_ros2_tiago) StdoutLine: {'line': b'copying resource/default_bringup.rviz -> /home/onur/autonomous_robot/install/webots_ros2_tiago/share/webots_ros2_tiago/resource\n'}
[38.511821] (webots_ros2_tiago) StdoutLine: {'line': b'copying resource/map.pgm -> /home/onur/autonomous_robot/install/webots_ros2_tiago/share/webots_ros2_tiago/resource\n'}
[38.511925] (webots_ros2_tiago) StdoutLine: {'line': b'copying resource/map.yaml -> /home/onur/autonomous_robot/install/webots_ros2_tiago/share/webots_ros2_tiago/resource\n'}
[38.512005] (webots_ros2_tiago) StdoutLine: {'line': b'copying resource/cartographer.lua -> /home/onur/autonomous_robot/install/webots_ros2_tiago/share/webots_ros2_tiago/resource\n'}
[38.512039] (webots_ros2_tiago) StdoutLine: {'line': b'copying resource/slam_toolbox_params.yaml -> /home/onur/autonomous_robot/install/webots_ros2_tiago/share/webots_ros2_tiago/resource\n'}
[38.512086] (webots_ros2_tiago) StdoutLine: {'line': b'copying package.xml -> /home/onur/autonomous_robot/install/webots_ros2_tiago/share/webots_ros2_tiago\n'}
[38.512115] (webots_ros2_tiago) StdoutLine: {'line': b'creating /home/onur/autonomous_robot/install/webots_ros2_tiago/share/webots_ros2_tiago/worlds\n'}
[38.512144] (webots_ros2_tiago) StdoutLine: {'line': b'copying worlds/default.wbt -> /home/onur/autonomous_robot/install/webots_ros2_tiago/share/webots_ros2_tiago/worlds\n'}
[38.512185] (webots_ros2_tiago) StdoutLine: {'line': b'copying worlds/.default.wbproj -> /home/onur/autonomous_robot/install/webots_ros2_tiago/share/webots_ros2_tiago/worlds\n'}
[38.512213] (webots_ros2_husarion) StdoutLine: {'line': b"writing manifest file '../../../build/webots_ros2_husarion/webots_ros2_husarion.egg-info/SOURCES.txt'\n"}
[38.512245] (webots_ros2_tiago) StdoutLine: {'line': b'copying worlds/default_bringup.wbt -> /home/onur/autonomous_robot/install/webots_ros2_tiago/share/webots_ros2_tiago/worlds\n'}
[38.512274] (webots_ros2_tiago) StdoutLine: {'line': b'copying worlds/.default_bringup.wbproj -> /home/onur/autonomous_robot/install/webots_ros2_tiago/share/webots_ros2_tiago/worlds\n'}
[38.512300] (webots_ros2_tiago) StdoutLine: {'line': b'running install_egg_info\n'}
[38.512326] (webots_ros2_husarion) StdoutLine: {'line': b'running build\n'}
[38.512354] (webots_ros2_husarion) StdoutLine: {'line': b'running build_py\n'}
[38.512379] (webots_ros2_epuck) StdoutLine: {'line': b"reading manifest file '../../../build/webots_ros2_epuck/webots_ros2_epuck.egg-info/SOURCES.txt'\n"}
[38.512410] (webots_ros2_husarion) StdoutLine: {'line': b'creating /home/onur/autonomous_robot/build/webots_ros2_husarion/build/lib/webots_ros2_husarion\n'}
[38.512436] (webots_ros2_husarion) StdoutLine: {'line': b'copying webots_ros2_husarion/__init__.py -> /home/onur/autonomous_robot/build/webots_ros2_husarion/build/lib/webots_ros2_husarion\n'}
[38.512465] (webots_ros2_husarion) StdoutLine: {'line': b'running install\n'}
[38.512491] (webots_ros2_epuck) StdoutLine: {'line': b"writing manifest file '../../../build/webots_ros2_epuck/webots_ros2_epuck.egg-info/SOURCES.txt'\n"}
[38.512518] (webots_ros2_epuck) StdoutLine: {'line': b'running build\n'}
[38.512543] (webots_ros2_epuck) StdoutLine: {'line': b'running build_py\n'}
[38.512569] (webots_ros2_epuck) StdoutLine: {'line': b'creating /home/onur/autonomous_robot/build/webots_ros2_epuck/build/lib/webots_ros2_epuck\n'}
[38.512595] (webots_ros2_epuck) StdoutLine: {'line': b'copying webots_ros2_epuck/drive_calibrator.py -> /home/onur/autonomous_robot/build/webots_ros2_epuck/build/lib/webots_ros2_epuck\n'}
[38.512641] (webots_ros2_epuck) StdoutLine: {'line': b'copying webots_ros2_epuck/simple_mapper.py -> /home/onur/autonomous_robot/build/webots_ros2_epuck/build/lib/webots_ros2_epuck\n'}
[38.512691] (webots_ros2_epuck) StdoutLine: {'line': b'copying webots_ros2_epuck/epuck_node.py -> /home/onur/autonomous_robot/build/webots_ros2_epuck/build/lib/webots_ros2_epuck\n'}
[38.512719] (webots_ros2_epuck) StdoutLine: {'line': b'copying webots_ros2_epuck/__init__.py -> /home/onur/autonomous_robot/build/webots_ros2_epuck/build/lib/webots_ros2_epuck\n'}
[38.512743] (webots_ros2_epuck) StdoutLine: {'line': b'running install\n'}
[38.514347] (webots_ros2_husarion) StdoutLine: {'line': b'running install_lib\n'}
[38.514580] (webots_ros2_turtlebot) StdoutLine: {'line': b"reading manifest file '../../../build/webots_ros2_turtlebot/webots_ros2_turtlebot.egg-info/SOURCES.txt'\n"}
[38.515055] (webots_ros2_turtlebot) StdoutLine: {'line': b"writing manifest file '../../../build/webots_ros2_turtlebot/webots_ros2_turtlebot.egg-info/SOURCES.txt'\n"}
[38.515111] (webots_ros2_turtlebot) StdoutLine: {'line': b'running build\n'}
[38.515154] (webots_ros2_turtlebot) StdoutLine: {'line': b'running build_py\n'}
[38.515228] (webots_ros2_turtlebot) StdoutLine: {'line': b'creating /home/onur/autonomous_robot/build/webots_ros2_turtlebot/build/lib/webots_ros2_turtlebot\n'}
[38.515332] (webots_ros2_turtlebot) StdoutLine: {'line': b'copying webots_ros2_turtlebot/__init__.py -> /home/onur/autonomous_robot/build/webots_ros2_turtlebot/build/lib/webots_ros2_turtlebot\n'}
[38.515434] (webots_ros2_turtlebot) StdoutLine: {'line': b'copying webots_ros2_turtlebot/plugin_example.py -> /home/onur/autonomous_robot/build/webots_ros2_turtlebot/build/lib/webots_ros2_turtlebot\n'}
[38.515503] (webots_ros2_epuck) StdoutLine: {'line': b'running install_lib\n'}
[38.515586] (webots_ros2_turtlebot) StdoutLine: {'line': b'running install\n'}
[38.518706] (webots_ros2_turtlebot) StdoutLine: {'line': b'running install_lib\n'}
[38.525940] (webots_ros2_husarion) StdoutLine: {'line': b'creating /home/onur/autonomous_robot/install/webots_ros2_husarion/lib/python3.14/site-packages/webots_ros2_husarion\n'}
[38.525978] (webots_ros2_husarion) StdoutLine: {'line': b'copying /home/onur/autonomous_robot/build/webots_ros2_husarion/build/lib/webots_ros2_husarion/__init__.py -> /home/onur/autonomous_robot/install/webots_ros2_husarion/lib/python3.14/site-packages/webots_ros2_husarion\n'}
[38.526365] (webots_ros2_husarion) StdoutLine: {'line': b'byte-compiling /home/onur/autonomous_robot/install/webots_ros2_husarion/lib/python3.14/site-packages/webots_ros2_husarion/__init__.py to __init__.cpython-314.pyc\n'}
[38.526442] (webots_ros2_husarion) StdoutLine: {'line': b'running install_data\n'}
[38.526638] (webots_ros2_husarion) StdoutLine: {'line': b'creating /home/onur/autonomous_robot/install/webots_ros2_husarion/share/ament_index/resource_index/packages\n'}
[38.526691] (webots_ros2_husarion) StdoutLine: {'line': b'copying resource/webots_ros2_husarion -> /home/onur/autonomous_robot/install/webots_ros2_husarion/share/ament_index/resource_index/packages\n'}
[38.526797] (webots_ros2_husarion) StdoutLine: {'line': b'creating /home/onur/autonomous_robot/install/webots_ros2_husarion/share/webots_ros2_husarion/launch\n'}
[38.526827] (webots_ros2_husarion) StdoutLine: {'line': b'copying launch/rosbot_launch.py -> /home/onur/autonomous_robot/install/webots_ros2_husarion/share/webots_ros2_husarion/launch\n'}
[38.526915] (webots_ros2_husarion) StdoutLine: {'line': b'copying launch/rosbot_xl_launch.py -> /home/onur/autonomous_robot/install/webots_ros2_husarion/share/webots_ros2_husarion/launch\n'}
[38.526967] (webots_ros2_husarion) StdoutLine: {'line': b'creating /home/onur/autonomous_robot/install/webots_ros2_husarion/share/webots_ros2_husarion/resource\n'}
[38.527015] (webots_ros2_husarion) StdoutLine: {'line': b'copying resource/rosbot_controllers.yaml -> /home/onur/autonomous_robot/install/webots_ros2_husarion/share/webots_ros2_husarion/resource\n'}
[38.527066] (webots_ros2_husarion) StdoutLine: {'line': b'copying resource/rosbot_xl_controllers.yaml -> /home/onur/autonomous_robot/install/webots_ros2_husarion/share/webots_ros2_husarion/resource\n'}
[38.527139] (webots_ros2_epuck) StdoutLine: {'line': b'creating /home/onur/autonomous_robot/install/webots_ros2_epuck/lib/python3.14/site-packages/webots_ros2_epuck\n'}
[38.527215] (webots_ros2_universal_robot) StdoutLine: {'line': b"reading manifest file '../../../build/webots_ros2_universal_robot/webots_ros2_universal_robot.egg-info/SOURCES.txt'\n"}
[38.527358] (webots_ros2_husarion) StdoutLine: {'line': b'copying resource/ekf.yaml -> /home/onur/autonomous_robot/install/webots_ros2_husarion/share/webots_ros2_husarion/resource\n'}
[38.527398] (webots_ros2_husarion) StdoutLine: {'line': b'copying resource/laser_filter.yaml -> /home/onur/autonomous_robot/install/webots_ros2_husarion/share/webots_ros2_husarion/resource\n'}
[38.527435] (webots_ros2_epuck) StdoutLine: {'line': b'copying /home/onur/autonomous_robot/build/webots_ros2_epuck/build/lib/webots_ros2_epuck/drive_calibrator.py -> /home/onur/autonomous_robot/install/webots_ros2_epuck/lib/python3.14/site-packages/webots_ros2_epuck\n'}
[38.527476] (webots_ros2_husarion) StdoutLine: {'line': b'copying resource/rosbot_webots.urdf -> /home/onur/autonomous_robot/install/webots_ros2_husarion/share/webots_ros2_husarion/resource\n'}
[38.527513] (webots_ros2_epuck) StdoutLine: {'line': b'copying /home/onur/autonomous_robot/build/webots_ros2_epuck/build/lib/webots_ros2_epuck/simple_mapper.py -> /home/onur/autonomous_robot/install/webots_ros2_epuck/lib/python3.14/site-packages/webots_ros2_epuck\n'}
[38.527588] (webots_ros2_epuck) StdoutLine: {'line': b'copying /home/onur/autonomous_robot/build/webots_ros2_epuck/build/lib/webots_ros2_epuck/epuck_node.py -> /home/onur/autonomous_robot/install/webots_ros2_epuck/lib/python3.14/site-packages/webots_ros2_epuck\n'}
[38.527623] (webots_ros2_epuck) StdoutLine: {'line': b'copying /home/onur/autonomous_robot/build/webots_ros2_epuck/build/lib/webots_ros2_epuck/__init__.py -> /home/onur/autonomous_robot/install/webots_ros2_epuck/lib/python3.14/site-packages/webots_ros2_epuck\n'}
[38.527655] (webots_ros2_husarion) StdoutLine: {'line': b'copying resource/rosbot_links_remappings.yaml -> /home/onur/autonomous_robot/install/webots_ros2_husarion/share/webots_ros2_husarion/resource\n'}
[38.527739] (webots_ros2_husarion) StdoutLine: {'line': b'creating /home/onur/autonomous_robot/install/webots_ros2_husarion/share/webots_ros2_husarion/worlds\n'}
[38.527769] (webots_ros2_husarion) StdoutLine: {'line': b'copying worlds/rosbot.wbt -> /home/onur/autonomous_robot/install/webots_ros2_husarion/share/webots_ros2_husarion/worlds\n'}
[38.527795] (webots_ros2_husarion) StdoutLine: {'line': b'copying worlds/rosbot_xl.wbt -> /home/onur/autonomous_robot/install/webots_ros2_husarion/share/webots_ros2_husarion/worlds\n'}
[38.527852] (webots_ros2_husarion) StdoutLine: {'line': b'creating /home/onur/autonomous_robot/install/webots_ros2_husarion/share/webots_ros2_husarion/worlds/meshes\n'}
[38.527888] (webots_ros2_husarion) StdoutLine: {'line': b'copying worlds/meshes/husarion_world.dae -> /home/onur/autonomous_robot/install/webots_ros2_husarion/share/webots_ros2_husarion/worlds/meshes\n'}
[38.527916] (webots_ros2_epuck) StdoutLine: {'line': b'byte-compiling /home/onur/autonomous_robot/install/webots_ros2_epuck/lib/python3.14/site-packages/webots_ros2_epuck/drive_calibrator.py to drive_calibrator.cpython-314.pyc\n'}
[38.527945] (webots_ros2_husarion) StdoutLine: {'line': b'copying package.xml -> /home/onur/autonomous_robot/install/webots_ros2_husarion/share/webots_ros2_husarion\n'}
[38.527973] (webots_ros2_universal_robot) StdoutLine: {'line': b"writing manifest file '../../../build/webots_ros2_universal_robot/webots_ros2_universal_robot.egg-info/SOURCES.txt'\n"}
[38.528026] (webots_ros2_universal_robot) StdoutLine: {'line': b'running build\n'}
[38.528055] (webots_ros2_universal_robot) StdoutLine: {'line': b'running build_py\n'}
[38.528098] (webots_ros2_universal_robot) StdoutLine: {'line': b'creating /home/onur/autonomous_robot/build/webots_ros2_universal_robot/build/lib/webots_ros2_universal_robot\n'}
[38.528141] (webots_ros2_universal_robot) StdoutLine: {'line': b'copying webots_ros2_universal_robot/follow_joint_trajectory_client.py -> /home/onur/autonomous_robot/build/webots_ros2_universal_robot/build/lib/webots_ros2_universal_robot\n'}
[38.528191] (webots_ros2_husarion) StdoutLine: {'line': b'running install_egg_info\n'}
[38.528240] (webots_ros2_universal_robot) StdoutLine: {'line': b'copying webots_ros2_universal_robot/ur5e_controller.py -> /home/onur/autonomous_robot/build/webots_ros2_universal_robot/build/lib/webots_ros2_universal_robot\n'}
[38.528301] (webots_ros2_universal_robot) StdoutLine: {'line': b'copying webots_ros2_universal_robot/abb_controller.py -> /home/onur/autonomous_robot/build/webots_ros2_universal_robot/build/lib/webots_ros2_universal_robot\n'}
[38.528358] (webots_ros2_universal_robot) StdoutLine: {'line': b'copying webots_ros2_universal_robot/__init__.py -> /home/onur/autonomous_robot/build/webots_ros2_universal_robot/build/lib/webots_ros2_universal_robot\n'}
[38.528453] (webots_ros2_epuck) StdoutLine: {'line': b'byte-compiling /home/onur/autonomous_robot/install/webots_ros2_epuck/lib/python3.14/site-packages/webots_ros2_epuck/simple_mapper.py to simple_mapper.cpython-314.pyc\n'}
[38.528504] (webots_ros2_universal_robot) StdoutLine: {'line': b'running install\n'}
[38.529410] (webots_ros2_epuck) StdoutLine: {'line': b'byte-compiling /home/onur/autonomous_robot/install/webots_ros2_epuck/lib/python3.14/site-packages/webots_ros2_epuck/epuck_node.py to epuck_node.cpython-314.pyc\n'}
[38.530054] (webots_ros2_epuck) StdoutLine: {'line': b'byte-compiling /home/onur/autonomous_robot/install/webots_ros2_epuck/lib/python3.14/site-packages/webots_ros2_epuck/__init__.py to __init__.cpython-314.pyc\n'}
[38.530159] (webots_ros2_epuck) StdoutLine: {'line': b'running install_data\n'}
[38.530248] (webots_ros2_turtlebot) StdoutLine: {'line': b'creating /home/onur/autonomous_robot/install/webots_ros2_turtlebot/lib/python3.14/site-packages/webots_ros2_turtlebot\n'}
[38.530287] (webots_ros2_epuck) StdoutLine: {'line': b'creating /home/onur/autonomous_robot/install/webots_ros2_epuck/share/ament_index/resource_index/packages\n'}
[38.530329] (webots_ros2_turtlebot) StdoutLine: {'line': b'copying /home/onur/autonomous_robot/build/webots_ros2_turtlebot/build/lib/webots_ros2_turtlebot/__init__.py -> /home/onur/autonomous_robot/install/webots_ros2_turtlebot/lib/python3.14/site-packages/webots_ros2_turtlebot\n'}
[38.530388] (webots_ros2_turtlebot) StdoutLine: {'line': b'copying /home/onur/autonomous_robot/build/webots_ros2_turtlebot/build/lib/webots_ros2_turtlebot/plugin_example.py -> /home/onur/autonomous_robot/install/webots_ros2_turtlebot/lib/python3.14/site-packages/webots_ros2_turtlebot\n'}
[38.530418] (webots_ros2_epuck) StdoutLine: {'line': b'copying resource/webots_ros2_epuck -> /home/onur/autonomous_robot/install/webots_ros2_epuck/share/ament_index/resource_index/packages\n'}
[38.530463] (webots_ros2_epuck) StdoutLine: {'line': b'creating /home/onur/autonomous_robot/install/webots_ros2_epuck/share/webots_ros2_epuck/launch\n'}
[38.530505] (webots_ros2_epuck) StdoutLine: {'line': b'copying launch/robot_launch.py -> /home/onur/autonomous_robot/install/webots_ros2_epuck/share/webots_ros2_epuck/launch\n'}
[38.530571] (webots_ros2_epuck) StdoutLine: {'line': b'copying launch/robot_tools_launch.py -> /home/onur/autonomous_robot/install/webots_ros2_epuck/share/webots_ros2_epuck/launch\n'}
[38.530628] (webots_ros2_epuck) StdoutLine: {'line': b'copying launch/rats_life_launch.py -> /home/onur/autonomous_robot/install/webots_ros2_epuck/share/webots_ros2_epuck/launch\n'}
[38.530670] (webots_ros2_epuck) StdoutLine: {'line': b'copying launch/rats_life_waypoints_launch.py -> /home/onur/autonomous_robot/install/webots_ros2_epuck/share/webots_ros2_epuck/launch\n'}
[38.530724] (webots_ros2_epuck) StdoutLine: {'line': b'creating /home/onur/autonomous_robot/install/webots_ros2_epuck/share/webots_ros2_epuck/worlds\n'}
[38.530783] (webots_ros2_turtlebot) StdoutLine: {'line': b'byte-compiling /home/onur/autonomous_robot/install/webots_ros2_turtlebot/lib/python3.14/site-packages/webots_ros2_turtlebot/__init__.py to __init__.cpython-314.pyc\n'}
[38.530815] (webots_ros2_epuck) StdoutLine: {'line': b'copying worlds/epuck_world.wbt -> /home/onur/autonomous_robot/install/webots_ros2_epuck/share/webots_ros2_epuck/worlds\n'}
[38.530856] (webots_ros2_epuck) StdoutLine: {'line': b'copying worlds/.epuck_world.wbproj -> /home/onur/autonomous_robot/install/webots_ros2_epuck/share/webots_ros2_epuck/worlds\n'}
[38.530924] (webots_ros2_turtlebot) StdoutLine: {'line': b'byte-compiling /home/onur/autonomous_robot/install/webots_ros2_turtlebot/lib/python3.14/site-packages/webots_ros2_turtlebot/plugin_example.py to plugin_example.cpython-314.pyc\n'}
[38.530957] (webots_ros2_epuck) StdoutLine: {'line': b'copying worlds/rats_life_benchmark.wbt -> /home/onur/autonomous_robot/install/webots_ros2_epuck/share/webots_ros2_epuck/worlds\n'}
[38.530994] (webots_ros2_epuck) StdoutLine: {'line': b'copying worlds/.rats_life_benchmark.wbproj -> /home/onur/autonomous_robot/install/webots_ros2_epuck/share/webots_ros2_epuck/worlds\n'}
[38.531028] (webots_ros2_epuck) StdoutLine: {'line': b'creating /home/onur/autonomous_robot/install/webots_ros2_epuck/share/webots_ros2_epuck/protos\n'}
[38.531056] (webots_ros2_epuck) StdoutLine: {'line': b'copying protos/LegoTallInterval.proto -> /home/onur/autonomous_robot/install/webots_ros2_epuck/share/webots_ros2_epuck/protos\n'}
[38.531103] (webots_ros2_epuck) StdoutLine: {'line': b'copying protos/LegoTallWall.proto -> /home/onur/autonomous_robot/install/webots_ros2_epuck/share/webots_ros2_epuck/protos\n'}
[38.531156] (webots_ros2_epuck) StdoutLine: {'line': b'creating /home/onur/autonomous_robot/install/webots_ros2_epuck/share/webots_ros2_epuck/resource\n'}
[38.531188] (webots_ros2_epuck) StdoutLine: {'line': b'copying resource/all.rviz -> /home/onur/autonomous_robot/install/webots_ros2_epuck/share/webots_ros2_epuck/resource\n'}
[38.531232] (webots_ros2_turtlebot) StdoutLine: {'line': b'running install_data\n'}
[38.531280] (webots_ros2_epuck) StdoutLine: {'line': b'copying resource/nav2_params.yaml -> /home/onur/autonomous_robot/install/webots_ros2_epuck/share/webots_ros2_epuck/resource\n'}
[38.531330] (webots_ros2_epuck) StdoutLine: {'line': b'copying resource/nav2_params_iron.yaml -> /home/onur/autonomous_robot/install/webots_ros2_epuck/share/webots_ros2_epuck/resource\n'}
[38.531368] (webots_ros2_epuck) StdoutLine: {'line': b'copying resource/map_rats_life.pgm -> /home/onur/autonomous_robot/install/webots_ros2_epuck/share/webots_ros2_epuck/resource\n'}
[38.531393] (webots_ros2_turtlebot) StdoutLine: {'line': b'creating /home/onur/autonomous_robot/install/webots_ros2_turtlebot/share/ament_index/resource_index/packages\n'}
[38.531440] (webots_ros2_epuck) StdoutLine: {'line': b'copying resource/map_rats_life.yaml -> /home/onur/autonomous_robot/install/webots_ros2_epuck/share/webots_ros2_epuck/resource\n'}
[38.531495] (webots_ros2_turtlebot) StdoutLine: {'line': b'copying resource/webots_ros2_turtlebot -> /home/onur/autonomous_robot/install/webots_ros2_turtlebot/share/ament_index/resource_index/packages\n'}
[38.531533] (-) TimerEvent: {}
[38.531727] (webots_ros2_turtlebot) StdoutLine: {'line': b'creating /home/onur/autonomous_robot/install/webots_ros2_turtlebot/share/webots_ros2_turtlebot/launch\n'}
[38.531910] (webots_ros2_turtlebot) StdoutLine: {'line': b'copying launch/robot_launch.py -> /home/onur/autonomous_robot/install/webots_ros2_turtlebot/share/webots_ros2_turtlebot/launch\n'}
[38.532040] (webots_ros2_universal_robot) StdoutLine: {'line': b'running install_lib\n'}
[38.532148] (webots_ros2_turtlebot) StdoutLine: {'line': b'creating /home/onur/autonomous_robot/install/webots_ros2_turtlebot/share/webots_ros2_turtlebot/resource\n'}
[38.532292] (webots_ros2_epuck) StdoutLine: {'line': b'copying resource/nav2_rats_life_waypoints.yaml -> /home/onur/autonomous_robot/install/webots_ros2_epuck/share/webots_ros2_epuck/resource\n'}
[38.532399] (webots_ros2_epuck) StdoutLine: {'line': b'copying resource/epuck_world_map.pgm -> /home/onur/autonomous_robot/install/webots_ros2_epuck/share/webots_ros2_epuck/resource\n'}
[38.532480] (webots_ros2_epuck) StdoutLine: {'line': b'copying resource/epuck_world_map.yaml -> /home/onur/autonomous_robot/install/webots_ros2_epuck/share/webots_ros2_epuck/resource\n'}
[38.532554] (webots_ros2_epuck) StdoutLine: {'line': b'copying resource/epuck_webots.urdf -> /home/onur/autonomous_robot/install/webots_ros2_epuck/share/webots_ros2_epuck/resource\n'}
[38.532627] (webots_ros2_turtlebot) StdoutLine: {'line': b'copying resource/turtlebot3_burger_example_map.pgm -> /home/onur/autonomous_robot/install/webots_ros2_turtlebot/share/webots_ros2_turtlebot/resource\n'}
[38.532700] (webots_ros2_epuck) StdoutLine: {'line': b'copying resource/ros2_control.yml -> /home/onur/autonomous_robot/install/webots_ros2_epuck/share/webots_ros2_epuck/resource\n'}
[38.532774] (webots_ros2_turtlebot) StdoutLine: {'line': b'copying resource/turtlebot3_burger_example_map.yaml -> /home/onur/autonomous_robot/install/webots_ros2_turtlebot/share/webots_ros2_turtlebot/resource\n'}
[38.532846] (webots_ros2_epuck) StdoutLine: {'line': b'copying package.xml -> /home/onur/autonomous_robot/install/webots_ros2_epuck/share/webots_ros2_epuck\n'}
[38.532963] (webots_ros2_epuck) StdoutLine: {'line': b'running install_egg_info\n'}
[38.533009] (webots_ros2_turtlebot) StdoutLine: {'line': b'copying resource/turtlebot_webots.urdf -> /home/onur/autonomous_robot/install/webots_ros2_turtlebot/share/webots_ros2_turtlebot/resource\n'}
[38.533042] (webots_ros2_turtlebot) StdoutLine: {'line': b'copying resource/ros2control.yml -> /home/onur/autonomous_robot/install/webots_ros2_turtlebot/share/webots_ros2_turtlebot/resource\n'}
[38.533075] (webots_ros2_turtlebot) StdoutLine: {'line': b'copying resource/nav2_params.yaml -> /home/onur/autonomous_robot/install/webots_ros2_turtlebot/share/webots_ros2_turtlebot/resource\n'}
[38.533101] (webots_ros2_turtlebot) StdoutLine: {'line': b'creating /home/onur/autonomous_robot/install/webots_ros2_turtlebot/share/webots_ros2_turtlebot/worlds\n'}
[38.533127] (webots_ros2_turtlebot) StdoutLine: {'line': b'copying worlds/turtlebot3_burger_example.wbt -> /home/onur/autonomous_robot/install/webots_ros2_turtlebot/share/webots_ros2_turtlebot/worlds\n'}
[38.533152] (webots_ros2_turtlebot) StdoutLine: {'line': b'copying worlds/.turtlebot3_burger_example.wbproj -> /home/onur/autonomous_robot/install/webots_ros2_turtlebot/share/webots_ros2_turtlebot/worlds\n'}
[38.533177] (webots_ros2_turtlebot) StdoutLine: {'line': b'copying package.xml -> /home/onur/autonomous_robot/install/webots_ros2_turtlebot/share/webots_ros2_turtlebot\n'}
[38.533202] (webots_ros2_turtlebot) StdoutLine: {'line': b'running install_egg_info\n'}
[38.536019] (webots_ros2_tiago) StdoutLine: {'line': b'Copying ../../../build/webots_ros2_tiago/webots_ros2_tiago.egg-info to /home/onur/autonomous_robot/install/webots_ros2_tiago/lib/python3.14/site-packages/webots_ros2_tiago-2025.0.1-py3.14.egg-info\n'}
[38.536400] (webots_ros2_tiago) StdoutLine: {'line': b'running install_scripts\n'}
[38.539617] (webots_ros2_husarion) StdoutLine: {'line': b'Copying ../../../build/webots_ros2_husarion/webots_ros2_husarion.egg-info to /home/onur/autonomous_robot/install/webots_ros2_husarion/lib/python3.14/site-packages/webots_ros2_husarion-2025.0.1-py3.14.egg-info\n'}
[38.539948] (webots_ros2_husarion) StdoutLine: {'line': b'running install_scripts\n'}
[38.543188] (webots_ros2_universal_robot) StdoutLine: {'line': b'creating /home/onur/autonomous_robot/install/webots_ros2_universal_robot/lib/python3.14/site-packages/webots_ros2_universal_robot\n'}
[38.543337] (webots_ros2_universal_robot) StdoutLine: {'line': b'copying /home/onur/autonomous_robot/build/webots_ros2_universal_robot/build/lib/webots_ros2_universal_robot/follow_joint_trajectory_client.py -> /home/onur/autonomous_robot/install/webots_ros2_universal_robot/lib/python3.14/site-packages/webots_ros2_universal_robot\n'}
[38.543446] (webots_ros2_universal_robot) StdoutLine: {'line': b'copying /home/onur/autonomous_robot/build/webots_ros2_universal_robot/build/lib/webots_ros2_universal_robot/ur5e_controller.py -> /home/onur/autonomous_robot/install/webots_ros2_universal_robot/lib/python3.14/site-packages/webots_ros2_universal_robot\n'}
[38.543524] (webots_ros2_universal_robot) StdoutLine: {'line': b'copying /home/onur/autonomous_robot/build/webots_ros2_universal_robot/build/lib/webots_ros2_universal_robot/abb_controller.py -> /home/onur/autonomous_robot/install/webots_ros2_universal_robot/lib/python3.14/site-packages/webots_ros2_universal_robot\n'}
[38.543628] (webots_ros2_universal_robot) StdoutLine: {'line': b'copying /home/onur/autonomous_robot/build/webots_ros2_universal_robot/build/lib/webots_ros2_universal_robot/__init__.py -> /home/onur/autonomous_robot/install/webots_ros2_universal_robot/lib/python3.14/site-packages/webots_ros2_universal_robot\n'}
[38.543711] (webots_ros2_epuck) StdoutLine: {'line': b'Copying ../../../build/webots_ros2_epuck/webots_ros2_epuck.egg-info to /home/onur/autonomous_robot/install/webots_ros2_epuck/lib/python3.14/site-packages/webots_ros2_epuck-2025.0.1-py3.14.egg-info\n'}
[38.543829] (webots_ros2_universal_robot) StdoutLine: {'line': b'byte-compiling /home/onur/autonomous_robot/install/webots_ros2_universal_robot/lib/python3.14/site-packages/webots_ros2_universal_robot/follow_joint_trajectory_client.py to follow_joint_trajectory_client.cpython-314.pyc\n'}
[38.543967] (webots_ros2_epuck) StdoutLine: {'line': b'running install_scripts\n'}
[38.544076] (webots_ros2_turtlebot) StdoutLine: {'line': b'Copying ../../../build/webots_ros2_turtlebot/webots_ros2_turtlebot.egg-info to /home/onur/autonomous_robot/install/webots_ros2_turtlebot/lib/python3.14/site-packages/webots_ros2_turtlebot-2025.0.1-py3.14.egg-info\n'}
[38.544269] (webots_ros2_turtlebot) StdoutLine: {'line': b'running install_scripts\n'}
[38.544471] (webots_ros2_universal_robot) StdoutLine: {'line': b'byte-compiling /home/onur/autonomous_robot/install/webots_ros2_universal_robot/lib/python3.14/site-packages/webots_ros2_universal_robot/ur5e_controller.py to ur5e_controller.cpython-314.pyc\n'}
[38.544829] (webots_ros2_universal_robot) StdoutLine: {'line': b'byte-compiling /home/onur/autonomous_robot/install/webots_ros2_universal_robot/lib/python3.14/site-packages/webots_ros2_universal_robot/abb_controller.py to abb_controller.cpython-314.pyc\n'}
[38.545193] (webots_ros2_universal_robot) StdoutLine: {'line': b'byte-compiling /home/onur/autonomous_robot/install/webots_ros2_universal_robot/lib/python3.14/site-packages/webots_ros2_universal_robot/__init__.py to __init__.cpython-314.pyc\n'}
[38.545304] (webots_ros2_universal_robot) StdoutLine: {'line': b'running install_data\n'}
[38.545442] (webots_ros2_universal_robot) StdoutLine: {'line': b'creating /home/onur/autonomous_robot/install/webots_ros2_universal_robot/share/ament_index/resource_index/packages\n'}
[38.545562] (webots_ros2_universal_robot) StdoutLine: {'line': b'copying resource/webots_ros2_universal_robot -> /home/onur/autonomous_robot/install/webots_ros2_universal_robot/share/ament_index/resource_index/packages\n'}
[38.545647] (webots_ros2_universal_robot) StdoutLine: {'line': b'creating /home/onur/autonomous_robot/install/webots_ros2_universal_robot/share/webots_ros2_universal_robot/launch\n'}
[38.545770] (webots_ros2_universal_robot) StdoutLine: {'line': b'copying launch/robot_launch/robot_nodes_launch.py -> /home/onur/autonomous_robot/install/webots_ros2_universal_robot/share/webots_ros2_universal_robot/launch\n'}
[38.545891] (webots_ros2_universal_robot) StdoutLine: {'line': b'copying launch/robot_launch/robot_world_launch.py -> /home/onur/autonomous_robot/install/webots_ros2_universal_robot/share/webots_ros2_universal_robot/launch\n'}
[38.545976] (webots_ros2_universal_robot) StdoutLine: {'line': b'copying launch/robot_launch/robot_moveit_nodes_launch.py -> /home/onur/autonomous_robot/install/webots_ros2_universal_robot/share/webots_ros2_universal_robot/launch\n'}
[38.546078] (webots_ros2_universal_robot) StdoutLine: {'line': b'copying launch/multirobot_launch.py -> /home/onur/autonomous_robot/install/webots_ros2_universal_robot/share/webots_ros2_universal_robot/launch\n'}
[38.546167] (webots_ros2_universal_robot) StdoutLine: {'line': b'creating /home/onur/autonomous_robot/install/webots_ros2_universal_robot/share/webots_ros2_universal_robot/worlds\n'}
[38.546266] (webots_ros2_universal_robot) StdoutLine: {'line': b'copying worlds/universal_robot.wbt -> /home/onur/autonomous_robot/install/webots_ros2_universal_robot/share/webots_ros2_universal_robot/worlds\n'}
[38.546351] (webots_ros2_universal_robot) StdoutLine: {'line': b'copying worlds/.universal_robot.wbproj -> /home/onur/autonomous_robot/install/webots_ros2_universal_robot/share/webots_ros2_universal_robot/worlds\n'}
[38.546476] (webots_ros2_universal_robot) StdoutLine: {'line': b'copying worlds/robotic_arms.wbt -> /home/onur/autonomous_robot/install/webots_ros2_universal_robot/share/webots_ros2_universal_robot/worlds\n'}
[38.546559] (webots_ros2_universal_robot) StdoutLine: {'line': b'copying worlds/.robotic_arms.wbproj -> /home/onur/autonomous_robot/install/webots_ros2_universal_robot/share/webots_ros2_universal_robot/worlds\n'}
[38.546660] (webots_ros2_universal_robot) StdoutLine: {'line': b'copying package.xml -> /home/onur/autonomous_robot/install/webots_ros2_universal_robot/share/webots_ros2_universal_robot\n'}
[38.546762] (webots_ros2_universal_robot) StdoutLine: {'line': b'creating /home/onur/autonomous_robot/install/webots_ros2_universal_robot/share/webots_ros2_universal_robot/resource\n'}
[38.546858] (webots_ros2_universal_robot) StdoutLine: {'line': b'copying resource/moveit_movegroup.yaml -> /home/onur/autonomous_robot/install/webots_ros2_universal_robot/share/webots_ros2_universal_robot/resource\n'}
[38.546947] (webots_ros2_universal_robot) StdoutLine: {'line': b'copying resource/ros2_control_abb_config.yaml -> /home/onur/autonomous_robot/install/webots_ros2_universal_robot/share/webots_ros2_universal_robot/resource\n'}
[38.547062] (webots_ros2_universal_robot) StdoutLine: {'line': b'copying resource/moveit_visualization.rviz -> /home/onur/autonomous_robot/install/webots_ros2_universal_robot/share/webots_ros2_universal_robot/resource\n'}
[38.547159] (webots_ros2_universal_robot) StdoutLine: {'line': b'copying resource/ros2_control_config.yaml -> /home/onur/autonomous_robot/install/webots_ros2_universal_robot/share/webots_ros2_universal_robot/resource\n'}
[38.547235] (webots_ros2_universal_robot) StdoutLine: {'line': b'copying resource/ur5e_with_gripper.urdf -> /home/onur/autonomous_robot/install/webots_ros2_universal_robot/share/webots_ros2_universal_robot/resource\n'}
[38.547309] (webots_ros2_universal_robot) StdoutLine: {'line': b'copying resource/moveit_kinematics.yaml -> /home/onur/autonomous_robot/install/webots_ros2_universal_robot/share/webots_ros2_universal_robot/resource\n'}
[38.547383] (webots_ros2_universal_robot) StdoutLine: {'line': b'copying resource/moveit_controllers.yaml -> /home/onur/autonomous_robot/install/webots_ros2_universal_robot/share/webots_ros2_universal_robot/resource\n'}
[38.547456] (webots_ros2_universal_robot) StdoutLine: {'line': b'copying resource/ur5e_with_gripper.urdf.xacro -> /home/onur/autonomous_robot/install/webots_ros2_universal_robot/share/webots_ros2_universal_robot/resource\n'}
[38.547549] (webots_ros2_universal_robot) StdoutLine: {'line': b'copying resource/webots_abb_description.urdf -> /home/onur/autonomous_robot/install/webots_ros2_universal_robot/share/webots_ros2_universal_robot/resource\n'}
[38.547649] (webots_ros2_universal_robot) StdoutLine: {'line': b'copying resource/moveit_ur5e.srdf -> /home/onur/autonomous_robot/install/webots_ros2_universal_robot/share/webots_ros2_universal_robot/resource\n'}
[38.547756] (webots_ros2_universal_robot) StdoutLine: {'line': b'creating /home/onur/autonomous_robot/install/webots_ros2_universal_robot/share/webots_ros2_universal_robot/resource/robotiq/robotiq_3f_gripper_visualization/meshes/robotiq-3f-gripper_articulated/visual\n'}
[38.547870] (webots_ros2_universal_robot) StdoutLine: {'line': b'copying resource/robotiq/robotiq_3f_gripper_visualization/meshes/robotiq-3f-gripper_articulated/visual/link_0.dae -> /home/onur/autonomous_robot/install/webots_ros2_universal_robot/share/webots_ros2_universal_robot/resource/robotiq/robotiq_3f_gripper_visualization/meshes/robotiq-3f-gripper_articulated/visual\n'}
[38.547963] (webots_ros2_universal_robot) StdoutLine: {'line': b'copying resource/robotiq/robotiq_3f_gripper_visualization/meshes/robotiq-3f-gripper_articulated/visual/palm.dae -> /home/onur/autonomous_robot/install/webots_ros2_universal_robot/share/webots_ros2_universal_robot/resource/robotiq/robotiq_3f_gripper_visualization/meshes/robotiq-3f-gripper_articulated/visual\n'}
[38.548049] (webots_ros2_universal_robot) StdoutLine: {'line': b'copying resource/robotiq/robotiq_3f_gripper_visualization/meshes/robotiq-3f-gripper_articulated/visual/link_3.dae -> /home/onur/autonomous_robot/install/webots_ros2_universal_robot/share/webots_ros2_universal_robot/resource/robotiq/robotiq_3f_gripper_visualization/meshes/robotiq-3f-gripper_articulated/visual\n'}
[38.548179] (webots_ros2_universal_robot) StdoutLine: {'line': b'copying resource/robotiq/robotiq_3f_gripper_visualization/meshes/robotiq-3f-gripper_articulated/visual/link_1.dae -> /home/onur/autonomous_robot/install/webots_ros2_universal_robot/share/webots_ros2_universal_robot/resource/robotiq/robotiq_3f_gripper_visualization/meshes/robotiq-3f-gripper_articulated/visual\n'}
[38.548289] (webots_ros2_universal_robot) StdoutLine: {'line': b'copying resource/robotiq/robotiq_3f_gripper_visualization/meshes/robotiq-3f-gripper_articulated/visual/link_2.dae -> /home/onur/autonomous_robot/install/webots_ros2_universal_robot/share/webots_ros2_universal_robot/resource/robotiq/robotiq_3f_gripper_visualization/meshes/robotiq-3f-gripper_articulated/visual\n'}
[38.548398] (webots_ros2_universal_robot) StdoutLine: {'line': b'creating /home/onur/autonomous_robot/install/webots_ros2_universal_robot/share/webots_ros2_universal_robot/resource/robotiq/robotiq_3f_gripper_visualization/meshes/robotiq-3f-gripper_articulated/collision\n'}
[38.548497] (webots_ros2_universal_robot) StdoutLine: {'line': b'copying resource/robotiq/robotiq_3f_gripper_visualization/meshes/robotiq-3f-gripper_articulated/collision/palm.STL -> /home/onur/autonomous_robot/install/webots_ros2_universal_robot/share/webots_ros2_universal_robot/resource/robotiq/robotiq_3f_gripper_visualization/meshes/robotiq-3f-gripper_articulated/collision\n'}
[38.548577] (webots_ros2_universal_robot) StdoutLine: {'line': b'copying resource/robotiq/robotiq_3f_gripper_visualization/meshes/robotiq-3f-gripper_articulated/collision/link_2.STL -> /home/onur/autonomous_robot/install/webots_ros2_universal_robot/share/webots_ros2_universal_robot/resource/robotiq/robotiq_3f_gripper_visualization/meshes/robotiq-3f-gripper_articulated/collision\n'}
[38.548653] (webots_ros2_universal_robot) StdoutLine: {'line': b'copying resource/robotiq/robotiq_3f_gripper_visualization/meshes/robotiq-3f-gripper_articulated/collision/link_3.STL -> /home/onur/autonomous_robot/install/webots_ros2_universal_robot/share/webots_ros2_universal_robot/resource/robotiq/robotiq_3f_gripper_visualization/meshes/robotiq-3f-gripper_articulated/collision\n'}
[38.548729] (webots_ros2_universal_robot) StdoutLine: {'line': b'copying resource/robotiq/robotiq_3f_gripper_visualization/meshes/robotiq-3f-gripper_articulated/collision/link_0.STL -> /home/onur/autonomous_robot/install/webots_ros2_universal_robot/share/webots_ros2_universal_robot/resource/robotiq/robotiq_3f_gripper_visualization/meshes/robotiq-3f-gripper_articulated/collision\n'}
[38.548809] (webots_ros2_universal_robot) StdoutLine: {'line': b'copying resource/robotiq/robotiq_3f_gripper_visualization/meshes/robotiq-3f-gripper_articulated/collision/link_1.STL -> /home/onur/autonomous_robot/install/webots_ros2_universal_robot/share/webots_ros2_universal_robot/resource/robotiq/robotiq_3f_gripper_visualization/meshes/robotiq-3f-gripper_articulated/collision\n'}
[38.548892] (webots_ros2_universal_robot) StdoutLine: {'line': b'creating /home/onur/autonomous_robot/install/webots_ros2_universal_robot/share/webots_ros2_universal_robot/resource/robotiq/robotiq_3f_gripper_visualization/cfg\n'}
[38.548982] (webots_ros2_universal_robot) StdoutLine: {'line': b'copying resource/robotiq/robotiq_3f_gripper_visualization/cfg/robotiq-3f-gripper_finger_articulated_macro.xacro -> /home/onur/autonomous_robot/install/webots_ros2_universal_robot/share/webots_ros2_universal_robot/resource/robotiq/robotiq_3f_gripper_visualization/cfg\n'}
[38.549020] (webots_ros2_universal_robot) StdoutLine: {'line': b'copying resource/robotiq/robotiq_3f_gripper_visualization/cfg/robotiq-3f-gripper_articulated_macro.xacro -> /home/onur/autonomous_robot/install/webots_ros2_universal_robot/share/webots_ros2_universal_robot/resource/robotiq/robotiq_3f_gripper_visualization/cfg\n'}
[38.549050] (webots_ros2_universal_robot) StdoutLine: {'line': b'creating /home/onur/autonomous_robot/install/webots_ros2_universal_robot/share/webots_ros2_universal_robot/resource/Universal_Robots_ROS2_Driver/ur_description/meshes/ur5e/visual\n'}
[38.549091] (webots_ros2_universal_robot) StdoutLine: {'line': b'copying resource/Universal_Robots_ROS2_Driver/ur_description/meshes/ur5e/visual/upperarm.dae -> /home/onur/autonomous_robot/install/webots_ros2_universal_robot/share/webots_ros2_universal_robot/resource/Universal_Robots_ROS2_Driver/ur_description/meshes/ur5e/visual\n'}
[38.549435] (webots_ros2_universal_robot) StdoutLine: {'line': b'copying resource/Universal_Robots_ROS2_Driver/ur_description/meshes/ur5e/visual/wrist2.dae -> /home/onur/autonomous_robot/install/webots_ros2_universal_robot/share/webots_ros2_universal_robot/resource/Universal_Robots_ROS2_Driver/ur_description/meshes/ur5e/visual\n'}
[38.549962] (webots_ros2_universal_robot) StdoutLine: {'line': b'copying resource/Universal_Robots_ROS2_Driver/ur_description/meshes/ur5e/visual/wrist1.dae -> /home/onur/autonomous_robot/install/webots_ros2_universal_robot/share/webots_ros2_universal_robot/resource/Universal_Robots_ROS2_Driver/ur_description/meshes/ur5e/visual\n'}
[38.550412] (webots_ros2_universal_robot) StdoutLine: {'line': b'copying resource/Universal_Robots_ROS2_Driver/ur_description/meshes/ur5e/visual/forearm.dae -> /home/onur/autonomous_robot/install/webots_ros2_universal_robot/share/webots_ros2_universal_robot/resource/Universal_Robots_ROS2_Driver/ur_description/meshes/ur5e/visual\n'}
[38.550849] (webots_ros2_universal_robot) StdoutLine: {'line': b'copying resource/Universal_Robots_ROS2_Driver/ur_description/meshes/ur5e/visual/base.dae -> /home/onur/autonomous_robot/install/webots_ros2_universal_robot/share/webots_ros2_universal_robot/resource/Universal_Robots_ROS2_Driver/ur_description/meshes/ur5e/visual\n'}
[38.550971] (webots_ros2_universal_robot) StdoutLine: {'line': b'copying resource/Universal_Robots_ROS2_Driver/ur_description/meshes/ur5e/visual/shoulder.dae -> /home/onur/autonomous_robot/install/webots_ros2_universal_robot/share/webots_ros2_universal_robot/resource/Universal_Robots_ROS2_Driver/ur_description/meshes/ur5e/visual\n'}
[38.551609] (webots_ros2_universal_robot) StdoutLine: {'line': b'copying resource/Universal_Robots_ROS2_Driver/ur_description/meshes/ur5e/visual/wrist3.dae -> /home/onur/autonomous_robot/install/webots_ros2_universal_robot/share/webots_ros2_universal_robot/resource/Universal_Robots_ROS2_Driver/ur_description/meshes/ur5e/visual\n'}
[38.551665] (webots_ros2_universal_robot) StdoutLine: {'line': b'creating /home/onur/autonomous_robot/install/webots_ros2_universal_robot/share/webots_ros2_universal_robot/resource/Universal_Robots_ROS2_Driver/ur_description/meshes/ur5e/collision\n'}
[38.551713] (webots_ros2_universal_robot) StdoutLine: {'line': b'copying resource/Universal_Robots_ROS2_Driver/ur_description/meshes/ur5e/collision/wrist3.stl -> /home/onur/autonomous_robot/install/webots_ros2_universal_robot/share/webots_ros2_universal_robot/resource/Universal_Robots_ROS2_Driver/ur_description/meshes/ur5e/collision\n'}
[38.551753] (webots_ros2_universal_robot) StdoutLine: {'line': b'copying resource/Universal_Robots_ROS2_Driver/ur_description/meshes/ur5e/collision/wrist1.stl -> /home/onur/autonomous_robot/install/webots_ros2_universal_robot/share/webots_ros2_universal_robot/resource/Universal_Robots_ROS2_Driver/ur_description/meshes/ur5e/collision\n'}
[38.551810] (webots_ros2_universal_robot) StdoutLine: {'line': b'copying resource/Universal_Robots_ROS2_Driver/ur_description/meshes/ur5e/collision/forearm.stl -> /home/onur/autonomous_robot/install/webots_ros2_universal_robot/share/webots_ros2_universal_robot/resource/Universal_Robots_ROS2_Driver/ur_description/meshes/ur5e/collision\n'}
[38.551901] (webots_ros2_universal_robot) StdoutLine: {'line': b'copying resource/Universal_Robots_ROS2_Driver/ur_description/meshes/ur5e/collision/base.stl -> /home/onur/autonomous_robot/install/webots_ros2_universal_robot/share/webots_ros2_universal_robot/resource/Universal_Robots_ROS2_Driver/ur_description/meshes/ur5e/collision\n'}
[38.551977] (webots_ros2_universal_robot) StdoutLine: {'line': b'copying resource/Universal_Robots_ROS2_Driver/ur_description/meshes/ur5e/collision/shoulder.stl -> /home/onur/autonomous_robot/install/webots_ros2_universal_robot/share/webots_ros2_universal_robot/resource/Universal_Robots_ROS2_Driver/ur_description/meshes/ur5e/collision\n'}
[38.552071] (webots_ros2_universal_robot) StdoutLine: {'line': b'copying resource/Universal_Robots_ROS2_Driver/ur_description/meshes/ur5e/collision/upperarm.stl -> /home/onur/autonomous_robot/install/webots_ros2_universal_robot/share/webots_ros2_universal_robot/resource/Universal_Robots_ROS2_Driver/ur_description/meshes/ur5e/collision\n'}
[38.552169] (webots_ros2_universal_robot) StdoutLine: {'line': b'copying resource/Universal_Robots_ROS2_Driver/ur_description/meshes/ur5e/collision/wrist2.stl -> /home/onur/autonomous_robot/install/webots_ros2_universal_robot/share/webots_ros2_universal_robot/resource/Universal_Robots_ROS2_Driver/ur_description/meshes/ur5e/collision\n'}
[38.552248] (webots_ros2_universal_robot) StdoutLine: {'line': b'creating /home/onur/autonomous_robot/install/webots_ros2_universal_robot/share/webots_ros2_universal_robot/resource/Universal_Robots_ROS2_Driver/ur_description/urdf\n'}
[38.552293] (webots_ros2_universal_robot) StdoutLine: {'line': b'copying resource/Universal_Robots_ROS2_Driver/ur_description/urdf/ur.urdf.xacro -> /home/onur/autonomous_robot/install/webots_ros2_universal_robot/share/webots_ros2_universal_robot/resource/Universal_Robots_ROS2_Driver/ur_description/urdf\n'}
[38.552353] (webots_ros2_universal_robot) StdoutLine: {'line': b'copying resource/Universal_Robots_ROS2_Driver/ur_description/urdf/ur.ros2_control.xacro -> /home/onur/autonomous_robot/install/webots_ros2_universal_robot/share/webots_ros2_universal_robot/resource/Universal_Robots_ROS2_Driver/ur_description/urdf\n'}
[38.552417] (webots_ros2_universal_robot) StdoutLine: {'line': b'copying resource/Universal_Robots_ROS2_Driver/ur_description/urdf/ur_macro.xacro -> /home/onur/autonomous_robot/install/webots_ros2_universal_robot/share/webots_ros2_universal_robot/resource/Universal_Robots_ROS2_Driver/ur_description/urdf\n'}
[38.552476] (webots_ros2_universal_robot) StdoutLine: {'line': b'creating /home/onur/autonomous_robot/install/webots_ros2_universal_robot/share/webots_ros2_universal_robot/resource/Universal_Robots_ROS2_Driver/ur_description/urdf/inc\n'}
[38.552522] (webots_ros2_universal_robot) StdoutLine: {'line': b'copying resource/Universal_Robots_ROS2_Driver/ur_description/urdf/inc/ur_common.xacro -> /home/onur/autonomous_robot/install/webots_ros2_universal_robot/share/webots_ros2_universal_robot/resource/Universal_Robots_ROS2_Driver/ur_description/urdf/inc\n'}
[38.552587] (webots_ros2_universal_robot) StdoutLine: {'line': b'copying resource/Universal_Robots_ROS2_Driver/ur_description/urdf/inc/ur_transmissions.xacro -> /home/onur/autonomous_robot/install/webots_ros2_universal_robot/share/webots_ros2_universal_robot/resource/Universal_Robots_ROS2_Driver/ur_description/urdf/inc\n'}
[38.552641] (webots_ros2_universal_robot) StdoutLine: {'line': b'creating /home/onur/autonomous_robot/install/webots_ros2_universal_robot/share/webots_ros2_universal_robot/resource/Universal_Robots_ROS2_Driver/ur_description/config\n'}
[38.552683] (webots_ros2_universal_robot) StdoutLine: {'line': b'copying resource/Universal_Robots_ROS2_Driver/ur_description/config/initial_positions.yaml -> /home/onur/autonomous_robot/install/webots_ros2_universal_robot/share/webots_ros2_universal_robot/resource/Universal_Robots_ROS2_Driver/ur_description/config\n'}
[38.552730] (webots_ros2_universal_robot) StdoutLine: {'line': b'creating /home/onur/autonomous_robot/install/webots_ros2_universal_robot/share/webots_ros2_universal_robot/resource/Universal_Robots_ROS2_Driver/ur_description/config/ur5e\n'}
[38.552774] (webots_ros2_universal_robot) StdoutLine: {'line': b'copying resource/Universal_Robots_ROS2_Driver/ur_description/config/ur5e/visual_parameters.yaml -> /home/onur/autonomous_robot/install/webots_ros2_universal_robot/share/webots_ros2_universal_robot/resource/Universal_Robots_ROS2_Driver/ur_description/config/ur5e\n'}
[38.552830] (webots_ros2_universal_robot) StdoutLine: {'line': b'copying resource/Universal_Robots_ROS2_Driver/ur_description/config/ur5e/physical_parameters.yaml -> /home/onur/autonomous_robot/install/webots_ros2_universal_robot/share/webots_ros2_universal_robot/resource/Universal_Robots_ROS2_Driver/ur_description/config/ur5e\n'}
[38.552896] (webots_ros2_universal_robot) StdoutLine: {'line': b'copying resource/Universal_Robots_ROS2_Driver/ur_description/config/ur5e/joint_limits.yaml -> /home/onur/autonomous_robot/install/webots_ros2_universal_robot/share/webots_ros2_universal_robot/resource/Universal_Robots_ROS2_Driver/ur_description/config/ur5e\n'}
[38.552961] (webots_ros2_universal_robot) StdoutLine: {'line': b'copying resource/Universal_Robots_ROS2_Driver/ur_description/config/ur5e/default_kinematics.yaml -> /home/onur/autonomous_robot/install/webots_ros2_universal_robot/share/webots_ros2_universal_robot/resource/Universal_Robots_ROS2_Driver/ur_description/config/ur5e\n'}
[38.553002] (webots_ros2_universal_robot) StdoutLine: {'line': b'running install_egg_info\n'}
[38.565086] (webots_ros2_universal_robot) StdoutLine: {'line': b'Copying ../../../build/webots_ros2_universal_robot/webots_ros2_universal_robot.egg-info to /home/onur/autonomous_robot/install/webots_ros2_universal_robot/lib/python3.14/site-packages/webots_ros2_universal_robot-2025.0.1-py3.14.egg-info\n'}
[38.565441] (webots_ros2_universal_robot) StdoutLine: {'line': b'running install_scripts\n'}
[38.595664] (webots_ros2_tiago) StdoutLine: {'line': b"writing list of installed files to '/home/onur/autonomous_robot/build/webots_ros2_tiago/install.log'\n"}
[38.599132] (webots_ros2_husarion) StdoutLine: {'line': b"writing list of installed files to '/home/onur/autonomous_robot/build/webots_ros2_husarion/install.log'\n"}
[38.603792] (webots_ros2_epuck) StdoutLine: {'line': b'Installing drive_calibrator script to /home/onur/autonomous_robot/install/webots_ros2_epuck/lib/webots_ros2_epuck\n'}
[38.603997] (webots_ros2_epuck) StdoutLine: {'line': b'Installing epuck_node script to /home/onur/autonomous_robot/install/webots_ros2_epuck/lib/webots_ros2_epuck\n'}
[38.604303] (webots_ros2_epuck) StdoutLine: {'line': b'Installing simple_mapper script to /home/onur/autonomous_robot/install/webots_ros2_epuck/lib/webots_ros2_epuck\n'}
[38.604413] (webots_ros2_epuck) StdoutLine: {'line': b"writing list of installed files to '/home/onur/autonomous_robot/build/webots_ros2_epuck/install.log'\n"}
[38.604497] (webots_ros2_turtlebot) StdoutLine: {'line': b"writing list of installed files to '/home/onur/autonomous_robot/build/webots_ros2_turtlebot/install.log'\n"}
[38.626181] (webots_ros2_tiago) CommandEnded: {'returncode': 0}
[38.627827] (webots_ros2_universal_robot) StdoutLine: {'line': b'Installing abb_controller script to /home/onur/autonomous_robot/install/webots_ros2_universal_robot/lib/webots_ros2_universal_robot\n'}
[38.628278] (webots_ros2_universal_robot) StdoutLine: {'line': b'Installing ur5e_controller script to /home/onur/autonomous_robot/install/webots_ros2_universal_robot/lib/webots_ros2_universal_robot\n'}
[38.628775] (webots_ros2_universal_robot) StdoutLine: {'line': b"writing list of installed files to '/home/onur/autonomous_robot/build/webots_ros2_universal_robot/install.log'\n"}
[38.631697] (-) TimerEvent: {}
[38.632343] (webots_ros2_tiago) JobEnded: {'identifier': 'webots_ros2_tiago', 'rc': 0}
[38.639972] (webots_ros2_turtlebot) CommandEnded: {'returncode': 0}
[38.645571] (webots_ros2_turtlebot) JobEnded: {'identifier': 'webots_ros2_turtlebot', 'rc': 0}
[38.645948] (webots_ros2_epuck) CommandEnded: {'returncode': 0}
[38.650227] (webots_ros2_epuck) JobEnded: {'identifier': 'webots_ros2_epuck', 'rc': 0}
[38.651127] (webots_ros2_husarion) CommandEnded: {'returncode': 0}
[38.656205] (webots_ros2_husarion) JobEnded: {'identifier': 'webots_ros2_husarion', 'rc': 0}
[38.657143] (webots_ros2_universal_robot) CommandEnded: {'returncode': 0}
[38.661593] (webots_ros2_universal_robot) JobEnded: {'identifier': 'webots_ros2_universal_robot', 'rc': 0}
[38.670672] (webots_ros2_tests) JobStarted: {'identifier': 'webots_ros2_tests'}
[38.731810] (-) TimerEvent: {}
[38.832055] (-) TimerEvent: {}
[38.932238] (-) TimerEvent: {}
[39.032447] (-) TimerEvent: {}
[39.132733] (-) TimerEvent: {}
[39.217900] (webots_ros2_tests) Command: {'cmd': ['/usr/bin/python3', '-W', 'ignore:setup.py install is deprecated', '-W', 'ignore:easy_install command is deprecated', 'setup.py', 'egg_info', '--egg-base', '../../../build/webots_ros2_tests', 'build', '--build-base', '/home/onur/autonomous_robot/build/webots_ros2_tests/build', 'install', '--record', '/home/onur/autonomous_robot/build/webots_ros2_tests/install.log', '--install-scripts', '$base/lib/webots_ros2_tests', '--single-version-externally-managed', 'install_data'], 'cwd': '/home/onur/autonomous_robot/src/webots_ros2/webots_ros2_tests', 'env': {'LESSOPEN': '| /usr/bin/lesspipe %s', 'USER': 'onur', 'GZ_CONFIG_PATH': '/opt/ros/lyrical/opt/sdformat_vendor/share/gz', 'XDG_SESSION_TYPE': 'wayland', 'PTYXIS_VERSION': '50.1', 'SHLVL': '1', 'LD_LIBRARY_PATH': '/home/onur/autonomous_robot/install/webots_ros2_control/lib:/home/onur/autonomous_robot/install/webots_ros2_driver/lib:/home/onur/autonomous_robot/install/webots_ros2_msgs/lib:/opt/ros/lyrical/opt/sdformat_vendor/lib:/opt/ros/lyrical/opt/gz_tools_vendor/lib:/opt/ros/lyrical/opt/gz_math_vendor/lib:/opt/ros/lyrical/opt/gz_utils_vendor/lib:/opt/ros/lyrical/opt/rviz_ogre_vendor/lib:/opt/ros/lyrical/lib/x86_64-linux-gnu:/opt/ros/lyrical/opt/gz_cmake_vendor/lib:/opt/ros/lyrical/lib', 'HOME': '/home/onur', 'OLDPWD': '/home/onur/autonomous_robot/src/webots_ros2', 'DESKTOP_SESSION': 'ubuntu', 'NVM_BIN': '/home/onur/.nvm/versions/node/v24.20.0/bin', 'NVM_INC': '/home/onur/.nvm/versions/node/v24.20.0/include/node', 'IM_CONFIG_ENTRY': 'profile', 'ROS_PYTHON_VERSION': '3', 'GTK_MODULES': 'gail:atk-bridge', 'MANAGERPID': '5622', 'DBUS_STARTER_BUS_TYPE': 'session', 'SYSTEMD_EXEC_PID': '5679', 'DBUS_SESSION_BUS_ADDRESS': 'unix:path=/run/user/1000/bus,guid=3e7ce15796779a58c58491916aa4375c', 'COLORTERM': 'truecolor', 'NVM_DIR': '/home/onur/.nvm', 'DEBUGINFOD_URLS': 'https://debuginfod.ubuntu.com', 'WAYLAND_DISPLAY': 'wayland-0', 'COLCON_PREFIX_PATH': '/home/onur/autonomous_robot/install', 'ROS_DISTRO': 'lyrical', 'LOGNAME': 'onur', 'MANAGERPIDFDID': '12827', '_': '/usr/bin/colcon', 'ROS_VERSION': '2', 'MEMORY_PRESSURE_WATCH': '/sys/fs/cgroup/user.slice/user-1000.slice/user@1000.service/session.slice/dbus.service/memory.pressure', 'XDG_SESSION_CLASS': 'user', 'USERNAME': 'onur', 'TERM': 'xterm-256color', 'GNOME_DESKTOP_SESSION_ID': 'this-is-deprecated', 'FLATPAK_TTY_PROGRESS': '1', 'PATH': '/opt/ros/lyrical/opt/gz_tools_vendor/bin:/opt/ros/lyrical/bin:/home/onur/.opencode/bin:/home/onur/.nvm/versions/node/v24.20.0/bin:/home/onur/.local/bin:/home/onur/.local/bin:/home/onur/.local/bin:/home/onur/.local/bin:/usr/local/sbin:/usr/local/bin:/usr/sbin:/usr/bin:/sbin:/bin:/usr/games:/usr/local/games:/snap/bin:/snap/bin:/home/onur/webots', 'INVOCATION_ID': '83eb2fbf06af433aae37214d63a74bec', 'XDG_MENU_PREFIX': 'gnome-', 'PTYXIS_PROFILE': '82a4d075e8ab3fd0d3bfb7fa6a8dfdba', 'GNOME_SETUP_DISPLAY': 'unix:/tmp/.X11-unix/X1', 'XDG_RUNTIME_DIR': '/run/user/1000', 'DISPLAY': ':0', 'LANG': 'en_US.UTF-8', 'XDG_CURRENT_DESKTOP': 'ubuntu:GNOME', 'XMODIFIERS': '@im=ibus', 'XDG_SESSION_DESKTOP': 'ubuntu', 'XAUTHORITY': '/run/user/1000/.mutter-Xwaylandauth.H8PHV3', 'LS_COLORS': 'rs=0:di=01;34:ln=01;36:mh=00:pi=40;33:so=01;35:do=01;35:bd=40;33;01:cd=40;33;01:or=40;31;01:mi=00:su=37;41:sg=30;43:ca=00:tw=30;42:ow=34;42:st=37;44:ex=01;32:*.tar=01;31:*.tgz=01;31:*.arc=01;31:*.arj=01;31:*.taz=01;31:*.lha=01;31:*.lz4=01;31:*.lzh=01;31:*.lzma=01;31:*.tlz=01;31:*.txz=01;31:*.tzo=01;31:*.t7z=01;31:*.zip=01;31:*.z=01;31:*.dz=01;31:*.gz=01;31:*.lrz=01;31:*.lz=01;31:*.lzo=01;31:*.xz=01;31:*.zst=01;31:*.tzst=01;31:*.bz2=01;31:*.bz=01;31:*.tbz=01;31:*.tbz2=01;31:*.tz=01;31:*.deb=01;31:*.rpm=01;31:*.jar=01;31:*.war=01;31:*.ear=01;31:*.sar=01;31:*.rar=01;31:*.alz=01;31:*.ace=01;31:*.zoo=01;31:*.cpio=01;31:*.7z=01;31:*.rz=01;31:*.cab=01;31:*.wim=01;31:*.swm=01;31:*.dwm=01;31:*.esd=01;31:*.avif=01;35:*.jpg=01;35:*.jpeg=01;35:*.mjpg=01;35:*.mjpeg=01;35:*.gif=01;35:*.bmp=01;35:*.pbm=01;35:*.pgm=01;35:*.ppm=01;35:*.tga=01;35:*.xbm=01;35:*.xpm=01;35:*.tif=01;35:*.tiff=01;35:*.png=01;35:*.svg=01;35:*.svgz=01;35:*.mng=01;35:*.pcx=01;35:*.mov=01;35:*.mpg=01;35:*.mpeg=01;35:*.m2v=01;35:*.mkv=01;35:*.webm=01;35:*.webp=01;35:*.ogm=01;35:*.mp4=01;35:*.m4v=01;35:*.mp4v=01;35:*.vob=01;35:*.qt=01;35:*.nuv=01;35:*.wmv=01;35:*.asf=01;35:*.rm=01;35:*.rmvb=01;35:*.flc=01;35:*.avi=01;35:*.fli=01;35:*.flv=01;35:*.gl=01;35:*.dl=01;35:*.xcf=01;35:*.xwd=01;35:*.yuv=01;35:*.cgm=01;35:*.emf=01;35:*.ogv=01;35:*.ogx=01;35:*.aac=00;36:*.au=00;36:*.flac=00;36:*.m4a=00;36:*.mid=00;36:*.midi=00;36:*.mka=00;36:*.mp3=00;36:*.mpc=00;36:*.ogg=00;36:*.ra=00;36:*.wav=00;36:*.oga=00;36:*.opus=00;36:*.spx=00;36:*.xspf=00;36:*~=00;90:*#=00;90:*.bak=00;90:*.old=00;90:*.orig=00;90:*.part=00;90:*.rej=00;90:*.swp=00;90:*.tmp=00;90:*.dpkg-dist=00;90:*.dpkg-old=00;90:*.ucf-dist=00;90:*.ucf-new=00;90:*.ucf-old=00;90:*.rpmnew=00;90:*.rpmorig=00;90:*.rpmsave=00;90:', 'SSH_AUTH_SOCK': '/run/user/1000/gcr/ssh', 'AMENT_PREFIX_PATH': '/home/onur/autonomous_robot/install/webots_ros2_universal_robot:/home/onur/autonomous_robot/install/webots_ros2_turtlebot:/home/onur/autonomous_robot/install/webots_ros2_tiago:/home/onur/autonomous_robot/install/webots_ros2_husarion:/home/onur/autonomous_robot/install/webots_ros2_epuck:/home/onur/autonomous_robot/install/webots_ros2_tesla:/home/onur/autonomous_robot/install/webots_ros2_mavic:/home/onur/autonomous_robot/install/webots_ros2_control:/home/onur/autonomous_robot/install/webots_ros2_driver:/home/onur/autonomous_robot/install/webots_ros2_msgs:/home/onur/autonomous_robot/install/webots_ros2_importer:/opt/ros/lyrical', 'SHELL': '/bin/bash', 'QT_ACCESSIBILITY': '1', 'GDMSESSION': 'ubuntu', 'WEBOTS_HOME': '/home/onur/webots', 'LESSCLOSE': '/usr/bin/lesspipe %s %s', 'GPG_AGENT_INFO': '/run/user/1000/gnupg/S.gpg-agent:0:1', 'ROS_AUTOMATIC_DISCOVERY_RANGE': 'SUBNET', 'QT_IM_MODULE': 'ibus', 'PWD': '/home/onur/autonomous_robot/build/webots_ros2_tests', 'XDG_CONFIG_DIRS': '/etc/xdg/xdg-ubuntu:/etc/xdg', 'NVM_CD_FLAGS': '', 'DBUS_STARTER_ADDRESS': 'unix:path=/run/user/1000/bus,guid=3e7ce15796779a58c58491916aa4375c', 'XDG_DATA_DIRS': '/usr/share/ubuntu:/usr/share/gnome:/usr/local/share/:/usr/share/:/var/lib/snapd/desktop', 'XDG_SESSION_EXTRA_DEVICE_ACCESS': 'render:accel', 'PYTHONPATH': '/home/onur/autonomous_robot/build/webots_ros2_tests/prefix_override:/usr/lib/python3/dist-packages/colcon_core/task/python/colcon_distutils_commands:/home/onur/autonomous_robot/install/webots_ros2_tests/lib/python3.14/site-packages:/home/onur/autonomous_robot/install/webots_ros2_universal_robot/lib/python3.14/site-packages:/home/onur/autonomous_robot/install/webots_ros2_turtlebot/lib/python3.14/site-packages:/home/onur/autonomous_robot/install/webots_ros2_tiago/lib/python3.14/site-packages:/home/onur/autonomous_robot/install/webots_ros2_husarion/lib/python3.14/site-packages:/home/onur/autonomous_robot/install/webots_ros2_epuck/lib/python3.14/site-packages:/home/onur/autonomous_robot/install/webots_ros2_tesla/lib/python3.14/site-packages:/home/onur/autonomous_robot/install/webots_ros2_mavic/lib/python3.14/site-packages:/home/onur/autonomous_robot/install/webots_ros2_driver/lib/python3.14/site-packages:/home/onur/autonomous_robot/install/webots_ros2_msgs/lib/python3.14/site-packages:/home/onur/autonomous_robot/install/webots_ros2_importer/lib/python3.14/site-packages:/opt/ros/lyrical/opt/sdformat_vendor/lib/python:/opt/ros/lyrical/opt/gz_math_vendor/lib/python:/opt/ros/lyrical/lib/python3.14/site-packages', 'COLCON': '1', 'QT_IM_MODULES': 'wayland;ibus', 'MEMORY_PRESSURE_WRITE': 'c29tZSAyMDAwMDAgMjAwMDAwMAA=', 'VTE_VERSION': '8400', 'CMAKE_PREFIX_PATH': '/home/onur/autonomous_robot/install/webots_ros2_control:/home/onur/autonomous_robot/install/webots_ros2_driver:/home/onur/autonomous_robot/install/webots_ros2_msgs:/opt/ros/lyrical/opt/sdformat_vendor:/opt/ros/lyrical/opt/gz_tools_vendor:/opt/ros/lyrical/opt/gz_math_vendor:/opt/ros/lyrical/opt/gz_utils_vendor:/opt/ros/lyrical/opt/gz_cmake_vendor'}, 'shell': False}
[39.232906] (-) TimerEvent: {}
[39.333109] (webots_ros2_tests) StderrLine: {'line': b"/usr/lib/python3/dist-packages/setuptools/_distutils/dist.py:289: UserWarning: Unknown distribution option: 'tests_require'\n"}
[39.333261] (-) TimerEvent: {}
[39.333330] (webots_ros2_tests) StderrLine: {'line': b'  warnings.warn(msg)\n'}
[39.356663] (webots_ros2_tests) StderrLine: {'line': b'/usr/lib/python3/dist-packages/setuptools/dist.py:759: SetuptoolsDeprecationWarning: License classifiers are deprecated.\n'}
[39.356747] (webots_ros2_tests) StderrLine: {'line': b'!!\n'}
[39.356779] (webots_ros2_tests) StderrLine: {'line': b'\n'}
[39.356808] (webots_ros2_tests) StderrLine: {'line': b'        ********************************************************************************\n'}
[39.356834] (webots_ros2_tests) StderrLine: {'line': b'        Please consider removing the following classifiers in favor of a SPDX license expression:\n'}
[39.356861] (webots_ros2_tests) StderrLine: {'line': b'\n'}
[39.356891] (webots_ros2_tests) StderrLine: {'line': b'        License :: OSI Approved :: Apache Software License\n'}
[39.356917] (webots_ros2_tests) StderrLine: {'line': b'\n'}
[39.356942] (webots_ros2_tests) StderrLine: {'line': b'        See https://packaging.python.org/en/latest/guides/writing-pyproject-toml/#license for details.\n'}
[39.356967] (webots_ros2_tests) StderrLine: {'line': b'        ********************************************************************************\n'}
[39.356991] (webots_ros2_tests) StderrLine: {'line': b'\n'}
[39.357015] (webots_ros2_tests) StderrLine: {'line': b'!!\n'}
[39.357038] (webots_ros2_tests) StderrLine: {'line': b'  self._finalize_license_expression()\n'}
[39.404033] (webots_ros2_tests) StdoutLine: {'line': b'running egg_info\n'}
[39.415487] (webots_ros2_tests) StdoutLine: {'line': b'creating ../../../build/webots_ros2_tests/webots_ros2_tests.egg-info\n'}
[39.415565] (webots_ros2_tests) StdoutLine: {'line': b'writing ../../../build/webots_ros2_tests/webots_ros2_tests.egg-info/PKG-INFO\n'}
[39.415670] (webots_ros2_tests) StdoutLine: {'line': b'writing dependency_links to ../../../build/webots_ros2_tests/webots_ros2_tests.egg-info/dependency_links.txt\n'}
[39.415718] (webots_ros2_tests) StdoutLine: {'line': b'writing requirements to ../../../build/webots_ros2_tests/webots_ros2_tests.egg-info/requires.txt\n'}
[39.415764] (webots_ros2_tests) StdoutLine: {'line': b'writing top-level names to ../../../build/webots_ros2_tests/webots_ros2_tests.egg-info/top_level.txt\n'}
[39.415798] (webots_ros2_tests) StdoutLine: {'line': b"writing manifest file '../../../build/webots_ros2_tests/webots_ros2_tests.egg-info/SOURCES.txt'\n"}
[39.433375] (-) TimerEvent: {}
[39.441130] (webots_ros2_tests) StdoutLine: {'line': b"reading manifest file '../../../build/webots_ros2_tests/webots_ros2_tests.egg-info/SOURCES.txt'\n"}
[39.441665] (webots_ros2_tests) StdoutLine: {'line': b"writing manifest file '../../../build/webots_ros2_tests/webots_ros2_tests.egg-info/SOURCES.txt'\n"}
[39.441740] (webots_ros2_tests) StdoutLine: {'line': b'running build\n'}
[39.441775] (webots_ros2_tests) StdoutLine: {'line': b'running build_py\n'}
[39.441807] (webots_ros2_tests) StdoutLine: {'line': b'creating /home/onur/autonomous_robot/build/webots_ros2_tests/build/lib/webots_ros2_tests\n'}
[39.442003] (webots_ros2_tests) StdoutLine: {'line': b'copying webots_ros2_tests/utils.py -> /home/onur/autonomous_robot/build/webots_ros2_tests/build/lib/webots_ros2_tests\n'}
[39.442079] (webots_ros2_tests) StdoutLine: {'line': b'copying webots_ros2_tests/plugin_test.py -> /home/onur/autonomous_robot/build/webots_ros2_tests/build/lib/webots_ros2_tests\n'}
[39.442113] (webots_ros2_tests) StdoutLine: {'line': b'copying webots_ros2_tests/__init__.py -> /home/onur/autonomous_robot/build/webots_ros2_tests/build/lib/webots_ros2_tests\n'}
[39.442163] (webots_ros2_tests) StdoutLine: {'line': b'running install\n'}
[39.445286] (webots_ros2_tests) StdoutLine: {'line': b'running install_lib\n'}
[39.457091] (webots_ros2_tests) StdoutLine: {'line': b'creating /home/onur/autonomous_robot/install/webots_ros2_tests/lib/python3.14/site-packages/webots_ros2_tests\n'}
[39.457165] (webots_ros2_tests) StdoutLine: {'line': b'copying /home/onur/autonomous_robot/build/webots_ros2_tests/build/lib/webots_ros2_tests/utils.py -> /home/onur/autonomous_robot/install/webots_ros2_tests/lib/python3.14/site-packages/webots_ros2_tests\n'}
[39.457200] (webots_ros2_tests) StdoutLine: {'line': b'copying /home/onur/autonomous_robot/build/webots_ros2_tests/build/lib/webots_ros2_tests/plugin_test.py -> /home/onur/autonomous_robot/install/webots_ros2_tests/lib/python3.14/site-packages/webots_ros2_tests\n'}
[39.457227] (webots_ros2_tests) StdoutLine: {'line': b'copying /home/onur/autonomous_robot/build/webots_ros2_tests/build/lib/webots_ros2_tests/__init__.py -> /home/onur/autonomous_robot/install/webots_ros2_tests/lib/python3.14/site-packages/webots_ros2_tests\n'}
[39.457678] (webots_ros2_tests) StdoutLine: {'line': b'byte-compiling /home/onur/autonomous_robot/install/webots_ros2_tests/lib/python3.14/site-packages/webots_ros2_tests/utils.py to utils.cpython-314.pyc\n'}
[39.458058] (webots_ros2_tests) StdoutLine: {'line': b'byte-compiling /home/onur/autonomous_robot/install/webots_ros2_tests/lib/python3.14/site-packages/webots_ros2_tests/plugin_test.py to plugin_test.cpython-314.pyc\n'}
[39.458245] (webots_ros2_tests) StdoutLine: {'line': b'byte-compiling /home/onur/autonomous_robot/install/webots_ros2_tests/lib/python3.14/site-packages/webots_ros2_tests/__init__.py to __init__.cpython-314.pyc\n'}
[39.458520] (webots_ros2_tests) StdoutLine: {'line': b'running install_data\n'}
[39.458572] (webots_ros2_tests) StdoutLine: {'line': b'creating /home/onur/autonomous_robot/install/webots_ros2_tests/share/ament_index/resource_index/packages\n'}
[39.458605] (webots_ros2_tests) StdoutLine: {'line': b'copying resource/webots_ros2_tests -> /home/onur/autonomous_robot/install/webots_ros2_tests/share/ament_index/resource_index/packages\n'}
[39.458775] (webots_ros2_tests) StdoutLine: {'line': b'copying package.xml -> /home/onur/autonomous_robot/install/webots_ros2_tests/share/webots_ros2_tests\n'}
[39.458857] (webots_ros2_tests) StdoutLine: {'line': b'creating /home/onur/autonomous_robot/install/webots_ros2_tests/share/webots_ros2_tests/worlds\n'}
[39.458900] (webots_ros2_tests) StdoutLine: {'line': b'copying worlds/driver_test.wbt -> /home/onur/autonomous_robot/install/webots_ros2_tests/share/webots_ros2_tests/worlds\n'}
[39.458928] (webots_ros2_tests) StdoutLine: {'line': b'copying worlds/.driver_test.wbproj -> /home/onur/autonomous_robot/install/webots_ros2_tests/share/webots_ros2_tests/worlds\n'}
[39.458954] (webots_ros2_tests) StdoutLine: {'line': b'creating /home/onur/autonomous_robot/install/webots_ros2_tests/share/webots_ros2_tests/resource\n'}
[39.458979] (webots_ros2_tests) StdoutLine: {'line': b'copying resource/driver_test.urdf -> /home/onur/autonomous_robot/install/webots_ros2_tests/share/webots_ros2_tests/resource\n'}
[39.459007] (webots_ros2_tests) StdoutLine: {'line': b'running install_egg_info\n'}
[39.471736] (webots_ros2_tests) StdoutLine: {'line': b'Copying ../../../build/webots_ros2_tests/webots_ros2_tests.egg-info to /home/onur/autonomous_robot/install/webots_ros2_tests/lib/python3.14/site-packages/webots_ros2_tests-2025.0.1-py3.14.egg-info\n'}
[39.472048] (webots_ros2_tests) StdoutLine: {'line': b'running install_scripts\n'}
[39.533456] (-) TimerEvent: {}
[39.533619] (webots_ros2_tests) StdoutLine: {'line': b"writing list of installed files to '/home/onur/autonomous_robot/build/webots_ros2_tests/install.log'\n"}
[39.553906] (webots_ros2_tests) CommandEnded: {'returncode': 0}
[39.559330] (webots_ros2_tests) JobEnded: {'identifier': 'webots_ros2_tests', 'rc': 0}
[39.559588] (webots_ros2) JobStarted: {'identifier': 'webots_ros2'}
[39.633577] (-) TimerEvent: {}
[39.733769] (-) TimerEvent: {}
[39.834040] (-) TimerEvent: {}
[39.934221] (-) TimerEvent: {}
[40.034450] (-) TimerEvent: {}
[40.116600] (webots_ros2) Command: {'cmd': ['/usr/bin/python3', '-W', 'ignore:setup.py install is deprecated', '-W', 'ignore:easy_install command is deprecated', 'setup.py', 'egg_info', '--egg-base', '../../../build/webots_ros2', 'build', '--build-base', '/home/onur/autonomous_robot/build/webots_ros2/build', 'install', '--record', '/home/onur/autonomous_robot/build/webots_ros2/install.log', '--install-scripts', '$base/lib/webots_ros2', '--single-version-externally-managed', 'install_data'], 'cwd': '/home/onur/autonomous_robot/src/webots_ros2/webots_ros2', 'env': {'LESSOPEN': '| /usr/bin/lesspipe %s', 'USER': 'onur', 'GZ_CONFIG_PATH': '/opt/ros/lyrical/opt/sdformat_vendor/share/gz', 'XDG_SESSION_TYPE': 'wayland', 'PTYXIS_VERSION': '50.1', 'SHLVL': '1', 'LD_LIBRARY_PATH': '/home/onur/autonomous_robot/install/webots_ros2_control/lib:/home/onur/autonomous_robot/install/webots_ros2_driver/lib:/home/onur/autonomous_robot/install/webots_ros2_msgs/lib:/opt/ros/lyrical/opt/sdformat_vendor/lib:/opt/ros/lyrical/opt/gz_tools_vendor/lib:/opt/ros/lyrical/opt/gz_math_vendor/lib:/opt/ros/lyrical/opt/gz_utils_vendor/lib:/opt/ros/lyrical/opt/rviz_ogre_vendor/lib:/opt/ros/lyrical/lib/x86_64-linux-gnu:/opt/ros/lyrical/opt/gz_cmake_vendor/lib:/opt/ros/lyrical/lib', 'HOME': '/home/onur', 'OLDPWD': '/home/onur/autonomous_robot/src/webots_ros2', 'DESKTOP_SESSION': 'ubuntu', 'NVM_BIN': '/home/onur/.nvm/versions/node/v24.20.0/bin', 'NVM_INC': '/home/onur/.nvm/versions/node/v24.20.0/include/node', 'IM_CONFIG_ENTRY': 'profile', 'ROS_PYTHON_VERSION': '3', 'GTK_MODULES': 'gail:atk-bridge', 'MANAGERPID': '5622', 'DBUS_STARTER_BUS_TYPE': 'session', 'SYSTEMD_EXEC_PID': '5679', 'DBUS_SESSION_BUS_ADDRESS': 'unix:path=/run/user/1000/bus,guid=3e7ce15796779a58c58491916aa4375c', 'COLORTERM': 'truecolor', 'NVM_DIR': '/home/onur/.nvm', 'DEBUGINFOD_URLS': 'https://debuginfod.ubuntu.com', 'WAYLAND_DISPLAY': 'wayland-0', 'COLCON_PREFIX_PATH': '/home/onur/autonomous_robot/install', 'ROS_DISTRO': 'lyrical', 'LOGNAME': 'onur', 'MANAGERPIDFDID': '12827', '_': '/usr/bin/colcon', 'ROS_VERSION': '2', 'MEMORY_PRESSURE_WATCH': '/sys/fs/cgroup/user.slice/user-1000.slice/user@1000.service/session.slice/dbus.service/memory.pressure', 'XDG_SESSION_CLASS': 'user', 'USERNAME': 'onur', 'TERM': 'xterm-256color', 'GNOME_DESKTOP_SESSION_ID': 'this-is-deprecated', 'FLATPAK_TTY_PROGRESS': '1', 'PATH': '/opt/ros/lyrical/opt/gz_tools_vendor/bin:/opt/ros/lyrical/bin:/home/onur/.opencode/bin:/home/onur/.nvm/versions/node/v24.20.0/bin:/home/onur/.local/bin:/home/onur/.local/bin:/home/onur/.local/bin:/home/onur/.local/bin:/usr/local/sbin:/usr/local/bin:/usr/sbin:/usr/bin:/sbin:/bin:/usr/games:/usr/local/games:/snap/bin:/snap/bin:/home/onur/webots', 'INVOCATION_ID': '83eb2fbf06af433aae37214d63a74bec', 'XDG_MENU_PREFIX': 'gnome-', 'PTYXIS_PROFILE': '82a4d075e8ab3fd0d3bfb7fa6a8dfdba', 'GNOME_SETUP_DISPLAY': 'unix:/tmp/.X11-unix/X1', 'XDG_RUNTIME_DIR': '/run/user/1000', 'DISPLAY': ':0', 'LANG': 'en_US.UTF-8', 'XDG_CURRENT_DESKTOP': 'ubuntu:GNOME', 'XMODIFIERS': '@im=ibus', 'XDG_SESSION_DESKTOP': 'ubuntu', 'XAUTHORITY': '/run/user/1000/.mutter-Xwaylandauth.H8PHV3', 'LS_COLORS': 'rs=0:di=01;34:ln=01;36:mh=00:pi=40;33:so=01;35:do=01;35:bd=40;33;01:cd=40;33;01:or=40;31;01:mi=00:su=37;41:sg=30;43:ca=00:tw=30;42:ow=34;42:st=37;44:ex=01;32:*.tar=01;31:*.tgz=01;31:*.arc=01;31:*.arj=01;31:*.taz=01;31:*.lha=01;31:*.lz4=01;31:*.lzh=01;31:*.lzma=01;31:*.tlz=01;31:*.txz=01;31:*.tzo=01;31:*.t7z=01;31:*.zip=01;31:*.z=01;31:*.dz=01;31:*.gz=01;31:*.lrz=01;31:*.lz=01;31:*.lzo=01;31:*.xz=01;31:*.zst=01;31:*.tzst=01;31:*.bz2=01;31:*.bz=01;31:*.tbz=01;31:*.tbz2=01;31:*.tz=01;31:*.deb=01;31:*.rpm=01;31:*.jar=01;31:*.war=01;31:*.ear=01;31:*.sar=01;31:*.rar=01;31:*.alz=01;31:*.ace=01;31:*.zoo=01;31:*.cpio=01;31:*.7z=01;31:*.rz=01;31:*.cab=01;31:*.wim=01;31:*.swm=01;31:*.dwm=01;31:*.esd=01;31:*.avif=01;35:*.jpg=01;35:*.jpeg=01;35:*.mjpg=01;35:*.mjpeg=01;35:*.gif=01;35:*.bmp=01;35:*.pbm=01;35:*.pgm=01;35:*.ppm=01;35:*.tga=01;35:*.xbm=01;35:*.xpm=01;35:*.tif=01;35:*.tiff=01;35:*.png=01;35:*.svg=01;35:*.svgz=01;35:*.mng=01;35:*.pcx=01;35:*.mov=01;35:*.mpg=01;35:*.mpeg=01;35:*.m2v=01;35:*.mkv=01;35:*.webm=01;35:*.webp=01;35:*.ogm=01;35:*.mp4=01;35:*.m4v=01;35:*.mp4v=01;35:*.vob=01;35:*.qt=01;35:*.nuv=01;35:*.wmv=01;35:*.asf=01;35:*.rm=01;35:*.rmvb=01;35:*.flc=01;35:*.avi=01;35:*.fli=01;35:*.flv=01;35:*.gl=01;35:*.dl=01;35:*.xcf=01;35:*.xwd=01;35:*.yuv=01;35:*.cgm=01;35:*.emf=01;35:*.ogv=01;35:*.ogx=01;35:*.aac=00;36:*.au=00;36:*.flac=00;36:*.m4a=00;36:*.mid=00;36:*.midi=00;36:*.mka=00;36:*.mp3=00;36:*.mpc=00;36:*.ogg=00;36:*.ra=00;36:*.wav=00;36:*.oga=00;36:*.opus=00;36:*.spx=00;36:*.xspf=00;36:*~=00;90:*#=00;90:*.bak=00;90:*.old=00;90:*.orig=00;90:*.part=00;90:*.rej=00;90:*.swp=00;90:*.tmp=00;90:*.dpkg-dist=00;90:*.dpkg-old=00;90:*.ucf-dist=00;90:*.ucf-new=00;90:*.ucf-old=00;90:*.rpmnew=00;90:*.rpmorig=00;90:*.rpmsave=00;90:', 'SSH_AUTH_SOCK': '/run/user/1000/gcr/ssh', 'AMENT_PREFIX_PATH': '/home/onur/autonomous_robot/install/webots_ros2_tests:/home/onur/autonomous_robot/install/webots_ros2_universal_robot:/home/onur/autonomous_robot/install/webots_ros2_turtlebot:/home/onur/autonomous_robot/install/webots_ros2_tiago:/home/onur/autonomous_robot/install/webots_ros2_husarion:/home/onur/autonomous_robot/install/webots_ros2_epuck:/home/onur/autonomous_robot/install/webots_ros2_tesla:/home/onur/autonomous_robot/install/webots_ros2_mavic:/home/onur/autonomous_robot/install/webots_ros2_crazyflie:/home/onur/autonomous_robot/install/webots_ros2_control:/home/onur/autonomous_robot/install/webots_ros2_driver:/home/onur/autonomous_robot/install/webots_ros2_msgs:/home/onur/autonomous_robot/install/webots_ros2_importer:/opt/ros/lyrical', 'SHELL': '/bin/bash', 'QT_ACCESSIBILITY': '1', 'GDMSESSION': 'ubuntu', 'WEBOTS_HOME': '/home/onur/webots', 'LESSCLOSE': '/usr/bin/lesspipe %s %s', 'GPG_AGENT_INFO': '/run/user/1000/gnupg/S.gpg-agent:0:1', 'ROS_AUTOMATIC_DISCOVERY_RANGE': 'SUBNET', 'QT_IM_MODULE': 'ibus', 'PWD': '/home/onur/autonomous_robot/build/webots_ros2', 'XDG_CONFIG_DIRS': '/etc/xdg/xdg-ubuntu:/etc/xdg', 'NVM_CD_FLAGS': '', 'DBUS_STARTER_ADDRESS': 'unix:path=/run/user/1000/bus,guid=3e7ce15796779a58c58491916aa4375c', 'XDG_DATA_DIRS': '/usr/share/ubuntu:/usr/share/gnome:/usr/local/share/:/usr/share/:/var/lib/snapd/desktop', 'XDG_SESSION_EXTRA_DEVICE_ACCESS': 'render:accel', 'PYTHONPATH': '/home/onur/autonomous_robot/build/webots_ros2/prefix_override:/usr/lib/python3/dist-packages/colcon_core/task/python/colcon_distutils_commands:/home/onur/autonomous_robot/install/webots_ros2/lib/python3.14/site-packages:/home/onur/autonomous_robot/install/webots_ros2_tests/lib/python3.14/site-packages:/home/onur/autonomous_robot/install/webots_ros2_universal_robot/lib/python3.14/site-packages:/home/onur/autonomous_robot/install/webots_ros2_turtlebot/lib/python3.14/site-packages:/home/onur/autonomous_robot/install/webots_ros2_tiago/lib/python3.14/site-packages:/home/onur/autonomous_robot/install/webots_ros2_husarion/lib/python3.14/site-packages:/home/onur/autonomous_robot/install/webots_ros2_epuck/lib/python3.14/site-packages:/home/onur/autonomous_robot/install/webots_ros2_tesla/lib/python3.14/site-packages:/home/onur/autonomous_robot/install/webots_ros2_mavic/lib/python3.14/site-packages:/home/onur/autonomous_robot/install/webots_ros2_crazyflie/lib/python3.14/site-packages:/home/onur/autonomous_robot/install/webots_ros2_driver/lib/python3.14/site-packages:/home/onur/autonomous_robot/install/webots_ros2_msgs/lib/python3.14/site-packages:/home/onur/autonomous_robot/install/webots_ros2_importer/lib/python3.14/site-packages:/opt/ros/lyrical/opt/sdformat_vendor/lib/python:/opt/ros/lyrical/opt/gz_math_vendor/lib/python:/opt/ros/lyrical/lib/python3.14/site-packages', 'COLCON': '1', 'QT_IM_MODULES': 'wayland;ibus', 'MEMORY_PRESSURE_WRITE': 'c29tZSAyMDAwMDAgMjAwMDAwMAA=', 'VTE_VERSION': '8400', 'CMAKE_PREFIX_PATH': '/home/onur/autonomous_robot/install/webots_ros2_control:/home/onur/autonomous_robot/install/webots_ros2_driver:/home/onur/autonomous_robot/install/webots_ros2_msgs:/opt/ros/lyrical/opt/sdformat_vendor:/opt/ros/lyrical/opt/gz_tools_vendor:/opt/ros/lyrical/opt/gz_math_vendor:/opt/ros/lyrical/opt/gz_utils_vendor:/opt/ros/lyrical/opt/gz_cmake_vendor'}, 'shell': False}
[40.134571] (-) TimerEvent: {}
[40.228156] (webots_ros2) StderrLine: {'line': b"/usr/lib/python3/dist-packages/setuptools/_distutils/dist.py:289: UserWarning: Unknown distribution option: 'tests_require'\n"}
[40.228277] (webots_ros2) StderrLine: {'line': b'  warnings.warn(msg)\n'}
[40.234757] (-) TimerEvent: {}
[40.252099] (webots_ros2) StderrLine: {'line': b'/usr/lib/python3/dist-packages/setuptools/dist.py:759: SetuptoolsDeprecationWarning: License classifiers are deprecated.\n'}
[40.252186] (webots_ros2) StderrLine: {'line': b'!!\n'}
[40.252219] (webots_ros2) StderrLine: {'line': b'\n'}
[40.252246] (webots_ros2) StderrLine: {'line': b'        ********************************************************************************\n'}
[40.252273] (webots_ros2) StderrLine: {'line': b'        Please consider removing the following classifiers in favor of a SPDX license expression:\n'}
[40.252300] (webots_ros2) StderrLine: {'line': b'\n'}
[40.252324] (webots_ros2) StderrLine: {'line': b'        License :: OSI Approved :: Apache Software License\n'}
[40.252349] (webots_ros2) StderrLine: {'line': b'\n'}
[40.252371] (webots_ros2) StderrLine: {'line': b'        See https://packaging.python.org/en/latest/guides/writing-pyproject-toml/#license for details.\n'}
[40.252395] (webots_ros2) StderrLine: {'line': b'        ********************************************************************************\n'}
[40.252418] (webots_ros2) StderrLine: {'line': b'\n'}
[40.252439] (webots_ros2) StderrLine: {'line': b'!!\n'}
[40.252462] (webots_ros2) StderrLine: {'line': b'  self._finalize_license_expression()\n'}
[40.300093] (webots_ros2) StdoutLine: {'line': b'running egg_info\n'}
[40.311551] (webots_ros2) StdoutLine: {'line': b'creating ../../../build/webots_ros2/webots_ros2.egg-info\n'}
[40.311626] (webots_ros2) StdoutLine: {'line': b'writing ../../../build/webots_ros2/webots_ros2.egg-info/PKG-INFO\n'}
[40.311686] (webots_ros2) StdoutLine: {'line': b'writing dependency_links to ../../../build/webots_ros2/webots_ros2.egg-info/dependency_links.txt\n'}
[40.311860] (webots_ros2) StdoutLine: {'line': b'writing requirements to ../../../build/webots_ros2/webots_ros2.egg-info/requires.txt\n'}
[40.311906] (webots_ros2) StdoutLine: {'line': b'writing top-level names to ../../../build/webots_ros2/webots_ros2.egg-info/top_level.txt\n'}
[40.311935] (webots_ros2) StdoutLine: {'line': b"writing manifest file '../../../build/webots_ros2/webots_ros2.egg-info/SOURCES.txt'\n"}
[40.334938] (-) TimerEvent: {}
[40.336870] (webots_ros2) StdoutLine: {'line': b"reading manifest file '../../../build/webots_ros2/webots_ros2.egg-info/SOURCES.txt'\n"}
[40.337337] (webots_ros2) StdoutLine: {'line': b"writing manifest file '../../../build/webots_ros2/webots_ros2.egg-info/SOURCES.txt'\n"}
[40.337411] (webots_ros2) StdoutLine: {'line': b'running build\n'}
[40.337445] (webots_ros2) StdoutLine: {'line': b'running build_py\n'}
[40.337591] (webots_ros2) StdoutLine: {'line': b'creating /home/onur/autonomous_robot/build/webots_ros2/build/lib/webots_ros2\n'}
[40.337661] (webots_ros2) StdoutLine: {'line': b'copying webots_ros2/__init__.py -> /home/onur/autonomous_robot/build/webots_ros2/build/lib/webots_ros2\n'}
[40.337693] (webots_ros2) StdoutLine: {'line': b'running install\n'}
[40.340598] (webots_ros2) StdoutLine: {'line': b'running install_lib\n'}
[40.352674] (webots_ros2) StdoutLine: {'line': b'creating /home/onur/autonomous_robot/install/webots_ros2/lib/python3.14/site-packages/webots_ros2\n'}
[40.352747] (webots_ros2) StdoutLine: {'line': b'copying /home/onur/autonomous_robot/build/webots_ros2/build/lib/webots_ros2/__init__.py -> /home/onur/autonomous_robot/install/webots_ros2/lib/python3.14/site-packages/webots_ros2\n'}
[40.353109] (webots_ros2) StdoutLine: {'line': b'byte-compiling /home/onur/autonomous_robot/install/webots_ros2/lib/python3.14/site-packages/webots_ros2/__init__.py to __init__.cpython-314.pyc\n'}
[40.353142] (webots_ros2) StdoutLine: {'line': b'running install_data\n'}
[40.353470] (webots_ros2) StdoutLine: {'line': b'copying package.xml -> /home/onur/autonomous_robot/install/webots_ros2/share/webots_ros2\n'}
[40.353614] (webots_ros2) StdoutLine: {'line': b'creating /home/onur/autonomous_robot/install/webots_ros2/share/ament_index/resource_index/packages\n'}
[40.353696] (webots_ros2) StdoutLine: {'line': b'copying resource/webots_ros2 -> /home/onur/autonomous_robot/install/webots_ros2/share/ament_index/resource_index/packages\n'}
[40.353773] (webots_ros2) StdoutLine: {'line': b'running install_egg_info\n'}
[40.365666] (webots_ros2) StdoutLine: {'line': b'Copying ../../../build/webots_ros2/webots_ros2.egg-info to /home/onur/autonomous_robot/install/webots_ros2/lib/python3.14/site-packages/webots_ros2-2025.0.1-py3.14.egg-info\n'}
[40.366047] (webots_ros2) StdoutLine: {'line': b'running install_scripts\n'}
[40.427067] (webots_ros2) StdoutLine: {'line': b"writing list of installed files to '/home/onur/autonomous_robot/build/webots_ros2/install.log'\n"}
[40.435110] (-) TimerEvent: {}
[40.447974] (webots_ros2) CommandEnded: {'returncode': 0}
[40.452597] (webots_ros2) JobEnded: {'identifier': 'webots_ros2', 'rc': 0}
[40.453653] (-) EventReactorShutdown: {}
