[-1789206574133995520.000s] DEBUG:colcon:Command line arguments: ['/usr/bin/colcon', 'build']
[-1789206574133995520.000s] DEBUG:colcon:Parsed command line arguments: Namespace(log_base=None, log_level=None, verb_name='build', build_base='build', install_base='install', merge_install=False, symlink_install=False, test_result_base=None, continue_on_error=False, executor='parallel', parallel_workers=16, event_handlers=None, ignore_user_meta=False, metas=['./colcon.meta'], base_paths=['.'], packages_ignore=None, packages_ignore_regex=None, paths=None, packages_up_to=None, packages_up_to_regex=None, packages_above=None, packages_above_and_dependencies=None, packages_above_depth=None, packages_select_by_dep=None, packages_skip_by_dep=None, packages_skip_up_to=None, packages_select_build_failed=False, packages_skip_build_finished=False, packages_select_test_failures=False, packages_skip_test_passed=False, packages_select=None, packages_skip=None, packages_select_regex=None, packages_skip_regex=None, packages_start=None, packages_end=None, allow_overriding=[], cmake_args=None, cmake_target=None, cmake_target_skip_unavailable=False, cmake_clean_cache=False, cmake_clean_first=False, cmake_force_configure=False, ament_cmake_args=None, catkin_cmake_args=None, catkin_skip_building_tests=False, mixin_files=None, mixin=None, verb_parser=<colcon_mixin.mixin.mixin_argument.MixinArgumentDecorator object at 0x7a1039597ed0>, verb_extension=<colcon_core.verb.build.BuildVerb object at 0x7a103950b0e0>, main=<bound method BuildVerb.main of <colcon_core.verb.build.BuildVerb object at 0x7a103950b0e0>>, mixin_verb=('build',))
[-1789206574133995520.000s] Level 1:colcon.colcon_core.package_discovery:discover_packages(colcon_meta) check parameters
[-1789206574133995520.000s] Level 1:colcon.colcon_core.package_discovery:discover_packages(recursive) check parameters
[-1789206574133995520.000s] Level 1:colcon.colcon_core.package_discovery:discover_packages(ignore) check parameters
[-1789206574133995520.000s] Level 1:colcon.colcon_core.package_discovery:discover_packages(path) check parameters
[-1789206574133995520.000s] Level 1:colcon.colcon_core.package_discovery:discover_packages(colcon_meta) discover
[-1789206574133995520.000s] Level 1:colcon.colcon_core.package_discovery:discover_packages(recursive) discover
[-1789206574133995520.000s] INFO:colcon.colcon_core.package_discovery:Crawling recursively for packages in '/home/onur/autonomous_robot'
[-1789206574133995520.000s] Level 1:colcon.colcon_core.package_identification:_identify(.) by extensions ['ignore', 'ignore_ament_install']
[-1789206574133995520.000s] Level 1:colcon.colcon_core.package_identification:_identify(.) by extension 'ignore'
[-1789206574133995520.000s] Level 1:colcon.colcon_core.package_identification:_identify(.) by extension 'ignore_ament_install'
[-1789206574133995520.000s] Level 1:colcon.colcon_core.package_identification:_identify(.) by extensions ['colcon_pkg']
[-1789206574133995520.000s] Level 1:colcon.colcon_core.package_identification:_identify(.) by extension 'colcon_pkg'
[-1789206574133995520.000s] Level 1:colcon.colcon_core.package_identification:_identify(.) by extensions ['colcon_meta']
[-1789206574133995520.000s] Level 1:colcon.colcon_core.package_identification:_identify(.) by extension 'colcon_meta'
[-1789206574133995520.000s] Level 1:colcon.colcon_core.package_identification:_identify(.) by extensions ['ros']
[-1789206574133995520.000s] Level 1:colcon.colcon_core.package_identification:_identify(.) by extension 'ros'
[-1789206574133995520.000s] Level 1:colcon.colcon_core.package_identification:_identify(.) by extensions ['cmake', 'python']
[-1789206574133995520.000s] Level 1:colcon.colcon_core.package_identification:_identify(.) by extension 'cmake'
[-1789206574133995520.000s] Level 1:colcon.colcon_core.package_identification:_identify(.) by extension 'python'
[-1789206574133995520.000s] Level 1:colcon.colcon_core.package_identification:_identify(.) by extensions ['python_setup_py']
[-1789206574133995520.000s] Level 1:colcon.colcon_core.package_identification:_identify(.) by extension 'python_setup_py'
[-1789206574133995520.000s] Level 1:colcon.colcon_core.package_identification:_identify(build) by extensions ['ignore', 'ignore_ament_install']
[-1789206574133995520.000s] Level 1:colcon.colcon_core.package_identification:_identify(build) by extension 'ignore'
[-1789206574133995520.000s] Level 1:colcon.colcon_core.package_identification:_identify(build) ignored
[-1789206574133995520.000s] Level 1:colcon.colcon_core.package_identification:_identify(install) by extensions ['ignore', 'ignore_ament_install']
[-1789206574133995520.000s] Level 1:colcon.colcon_core.package_identification:_identify(install) by extension 'ignore'
[-1789206574133995520.000s] Level 1:colcon.colcon_core.package_identification:_identify(install) ignored
[-1789206574133995520.000s] Level 1:colcon.colcon_core.package_identification:_identify(log) by extensions ['ignore', 'ignore_ament_install']
[-1789206574133995520.000s] Level 1:colcon.colcon_core.package_identification:_identify(log) by extension 'ignore'
[-1789206574133995520.000s] Level 1:colcon.colcon_core.package_identification:_identify(log) ignored
[-1789206574133995520.000s] Level 1:colcon.colcon_core.package_identification:_identify(my_project) by extensions ['ignore', 'ignore_ament_install']
[-1789206574133995520.000s] Level 1:colcon.colcon_core.package_identification:_identify(my_project) by extension 'ignore'
[-1789206574133995520.000s] Level 1:colcon.colcon_core.package_identification:_identify(my_project) by extension 'ignore_ament_install'
[-1789206574133995520.000s] Level 1:colcon.colcon_core.package_identification:_identify(my_project) by extensions ['colcon_pkg']
[-1789206574133995520.000s] Level 1:colcon.colcon_core.package_identification:_identify(my_project) by extension 'colcon_pkg'
[-1789206574133995520.000s] Level 1:colcon.colcon_core.package_identification:_identify(my_project) by extensions ['colcon_meta']
[-1789206574133995520.000s] Level 1:colcon.colcon_core.package_identification:_identify(my_project) by extension 'colcon_meta'
[-1789206574133995520.000s] Level 1:colcon.colcon_core.package_identification:_identify(my_project) by extensions ['ros']
[-1789206574133995520.000s] Level 1:colcon.colcon_core.package_identification:_identify(my_project) by extension 'ros'
[-1789206574133995520.000s] Level 1:colcon.colcon_core.package_identification:_identify(my_project) by extensions ['cmake', 'python']
[-1789206574133995520.000s] Level 1:colcon.colcon_core.package_identification:_identify(my_project) by extension 'cmake'
[-1789206574133995520.000s] Level 1:colcon.colcon_core.package_identification:_identify(my_project) by extension 'python'
[-1789206574133995520.000s] Level 1:colcon.colcon_core.package_identification:_identify(my_project) by extensions ['python_setup_py']
[-1789206574133995520.000s] Level 1:colcon.colcon_core.package_identification:_identify(my_project) by extension 'python_setup_py'
[-1789206574133995520.000s] Level 1:colcon.colcon_core.package_identification:_identify(my_project/controllers) by extensions ['ignore', 'ignore_ament_install']
[-1789206574133995520.000s] Level 1:colcon.colcon_core.package_identification:_identify(my_project/controllers) by extension 'ignore'
[-1789206574133995520.000s] Level 1:colcon.colcon_core.package_identification:_identify(my_project/controllers) by extension 'ignore_ament_install'
[-1789206574133995520.000s] Level 1:colcon.colcon_core.package_identification:_identify(my_project/controllers) by extensions ['colcon_pkg']
[-1789206574133995520.000s] Level 1:colcon.colcon_core.package_identification:_identify(my_project/controllers) by extension 'colcon_pkg'
[-1789206574133995520.000s] Level 1:colcon.colcon_core.package_identification:_identify(my_project/controllers) by extensions ['colcon_meta']
[-1789206574133995520.000s] Level 1:colcon.colcon_core.package_identification:_identify(my_project/controllers) by extension 'colcon_meta'
[-1789206574133995520.000s] Level 1:colcon.colcon_core.package_identification:_identify(my_project/controllers) by extensions ['ros']
[-1789206574133995520.000s] Level 1:colcon.colcon_core.package_identification:_identify(my_project/controllers) by extension 'ros'
[-1789206574133995520.000s] Level 1:colcon.colcon_core.package_identification:_identify(my_project/controllers) by extensions ['cmake', 'python']
[-1789206574133995520.000s] Level 1:colcon.colcon_core.package_identification:_identify(my_project/controllers) by extension 'cmake'
[-1789206574133995520.000s] Level 1:colcon.colcon_core.package_identification:_identify(my_project/controllers) by extension 'python'
[-1789206574133995520.000s] Level 1:colcon.colcon_core.package_identification:_identify(my_project/controllers) by extensions ['python_setup_py']
[-1789206574133995520.000s] Level 1:colcon.colcon_core.package_identification:_identify(my_project/controllers) by extension 'python_setup_py'
[-1789206574133995520.000s] Level 1:colcon.colcon_core.package_identification:_identify(my_project/libraries) by extensions ['ignore', 'ignore_ament_install']
[-1789206574133995520.000s] Level 1:colcon.colcon_core.package_identification:_identify(my_project/libraries) by extension 'ignore'
[-1789206574133995520.000s] Level 1:colcon.colcon_core.package_identification:_identify(my_project/libraries) by extension 'ignore_ament_install'
[-1789206574133995520.000s] Level 1:colcon.colcon_core.package_identification:_identify(my_project/libraries) by extensions ['colcon_pkg']
[-1789206574133995520.000s] Level 1:colcon.colcon_core.package_identification:_identify(my_project/libraries) by extension 'colcon_pkg'
[-1789206574133995520.000s] Level 1:colcon.colcon_core.package_identification:_identify(my_project/libraries) by extensions ['colcon_meta']
[-1789206574133995520.000s] Level 1:colcon.colcon_core.package_identification:_identify(my_project/libraries) by extension 'colcon_meta'
[-1789206574133995520.000s] Level 1:colcon.colcon_core.package_identification:_identify(my_project/libraries) by extensions ['ros']
[-1789206574133995520.000s] Level 1:colcon.colcon_core.package_identification:_identify(my_project/libraries) by extension 'ros'
[-1789206574133995520.000s] Level 1:colcon.colcon_core.package_identification:_identify(my_project/libraries) by extensions ['cmake', 'python']
[-1789206574133995520.000s] Level 1:colcon.colcon_core.package_identification:_identify(my_project/libraries) by extension 'cmake'
[-1789206574133995520.000s] Level 1:colcon.colcon_core.package_identification:_identify(my_project/libraries) by extension 'python'
[-1789206574133995520.000s] Level 1:colcon.colcon_core.package_identification:_identify(my_project/libraries) by extensions ['python_setup_py']
[-1789206574133995520.000s] Level 1:colcon.colcon_core.package_identification:_identify(my_project/libraries) by extension 'python_setup_py'
[-1789206574133995520.000s] Level 1:colcon.colcon_core.package_identification:_identify(my_project/plugins) by extensions ['ignore', 'ignore_ament_install']
[-1789206574133995520.000s] Level 1:colcon.colcon_core.package_identification:_identify(my_project/plugins) by extension 'ignore'
[-1789206574133995520.000s] Level 1:colcon.colcon_core.package_identification:_identify(my_project/plugins) by extension 'ignore_ament_install'
[-1789206574133995520.000s] Level 1:colcon.colcon_core.package_identification:_identify(my_project/plugins) by extensions ['colcon_pkg']
[-1789206574133995520.000s] Level 1:colcon.colcon_core.package_identification:_identify(my_project/plugins) by extension 'colcon_pkg'
[-1789206574133995520.000s] Level 1:colcon.colcon_core.package_identification:_identify(my_project/plugins) by extensions ['colcon_meta']
[-1789206574133995520.000s] Level 1:colcon.colcon_core.package_identification:_identify(my_project/plugins) by extension 'colcon_meta'
[-1789206574133995520.000s] Level 1:colcon.colcon_core.package_identification:_identify(my_project/plugins) by extensions ['ros']
[-1789206574133995520.000s] Level 1:colcon.colcon_core.package_identification:_identify(my_project/plugins) by extension 'ros'
[-1789206574133995520.000s] Level 1:colcon.colcon_core.package_identification:_identify(my_project/plugins) by extensions ['cmake', 'python']
[-1789206574133995520.000s] Level 1:colcon.colcon_core.package_identification:_identify(my_project/plugins) by extension 'cmake'
[-1789206574133995520.000s] Level 1:colcon.colcon_core.package_identification:_identify(my_project/plugins) by extension 'python'
[-1789206574133995520.000s] Level 1:colcon.colcon_core.package_identification:_identify(my_project/plugins) by extensions ['python_setup_py']
[-1789206574133995520.000s] Level 1:colcon.colcon_core.package_identification:_identify(my_project/plugins) by extension 'python_setup_py'
[-1789206574133995520.000s] Level 1:colcon.colcon_core.package_identification:_identify(my_project/plugins/physics) by extensions ['ignore', 'ignore_ament_install']
[-1789206574133995520.000s] Level 1:colcon.colcon_core.package_identification:_identify(my_project/plugins/physics) by extension 'ignore'
[-1789206574133995520.000s] Level 1:colcon.colcon_core.package_identification:_identify(my_project/plugins/physics) by extension 'ignore_ament_install'
[-1789206574133995520.000s] Level 1:colcon.colcon_core.package_identification:_identify(my_project/plugins/physics) by extensions ['colcon_pkg']
[-1789206574133995520.000s] Level 1:colcon.colcon_core.package_identification:_identify(my_project/plugins/physics) by extension 'colcon_pkg'
[-1789206574133995520.000s] Level 1:colcon.colcon_core.package_identification:_identify(my_project/plugins/physics) by extensions ['colcon_meta']
[-1789206574133995520.000s] Level 1:colcon.colcon_core.package_identification:_identify(my_project/plugins/physics) by extension 'colcon_meta'
[-1789206574133995520.000s] Level 1:colcon.colcon_core.package_identification:_identify(my_project/plugins/physics) by extensions ['ros']
[-1789206574133995520.000s] Level 1:colcon.colcon_core.package_identification:_identify(my_project/plugins/physics) by extension 'ros'
[-1789206574133995520.000s] Level 1:colcon.colcon_core.package_identification:_identify(my_project/plugins/physics) by extensions ['cmake', 'python']
[-1789206574133995520.000s] Level 1:colcon.colcon_core.package_identification:_identify(my_project/plugins/physics) by extension 'cmake'
[-1789206574133995520.000s] Level 1:colcon.colcon_core.package_identification:_identify(my_project/plugins/physics) by extension 'python'
[-1789206574133995520.000s] Level 1:colcon.colcon_core.package_identification:_identify(my_project/plugins/physics) by extensions ['python_setup_py']
[-1789206574133995520.000s] Level 1:colcon.colcon_core.package_identification:_identify(my_project/plugins/physics) by extension 'python_setup_py'
[-1789206574133995520.000s] Level 1:colcon.colcon_core.package_identification:_identify(my_project/plugins/remote_controls) by extensions ['ignore', 'ignore_ament_install']
[-1789206574133995520.000s] Level 1:colcon.colcon_core.package_identification:_identify(my_project/plugins/remote_controls) by extension 'ignore'
[-1789206574133995520.000s] Level 1:colcon.colcon_core.package_identification:_identify(my_project/plugins/remote_controls) by extension 'ignore_ament_install'
[-1789206574133995520.000s] Level 1:colcon.colcon_core.package_identification:_identify(my_project/plugins/remote_controls) by extensions ['colcon_pkg']
[-1789206574133995520.000s] Level 1:colcon.colcon_core.package_identification:_identify(my_project/plugins/remote_controls) by extension 'colcon_pkg'
[-1789206574133995520.000s] Level 1:colcon.colcon_core.package_identification:_identify(my_project/plugins/remote_controls) by extensions ['colcon_meta']
[-1789206574133995520.000s] Level 1:colcon.colcon_core.package_identification:_identify(my_project/plugins/remote_controls) by extension 'colcon_meta'
[-1789206574133995520.000s] Level 1:colcon.colcon_core.package_identification:_identify(my_project/plugins/remote_controls) by extensions ['ros']
[-1789206574133995520.000s] Level 1:colcon.colcon_core.package_identification:_identify(my_project/plugins/remote_controls) by extension 'ros'
[-1789206574133995520.000s] Level 1:colcon.colcon_core.package_identification:_identify(my_project/plugins/remote_controls) by extensions ['cmake', 'python']
[-1789206574133995520.000s] Level 1:colcon.colcon_core.package_identification:_identify(my_project/plugins/remote_controls) by extension 'cmake'
[-1789206574133995520.000s] Level 1:colcon.colcon_core.package_identification:_identify(my_project/plugins/remote_controls) by extension 'python'
[-1789206574133995520.000s] Level 1:colcon.colcon_core.package_identification:_identify(my_project/plugins/remote_controls) by extensions ['python_setup_py']
[-1789206574133995520.000s] Level 1:colcon.colcon_core.package_identification:_identify(my_project/plugins/remote_controls) by extension 'python_setup_py'
[-1789206574133995520.000s] Level 1:colcon.colcon_core.package_identification:_identify(my_project/plugins/robot_windows) by extensions ['ignore', 'ignore_ament_install']
[-1789206574133995520.000s] Level 1:colcon.colcon_core.package_identification:_identify(my_project/plugins/robot_windows) by extension 'ignore'
[-1789206574133995520.000s] Level 1:colcon.colcon_core.package_identification:_identify(my_project/plugins/robot_windows) by extension 'ignore_ament_install'
[-1789206574133995520.000s] Level 1:colcon.colcon_core.package_identification:_identify(my_project/plugins/robot_windows) by extensions ['colcon_pkg']
[-1789206574133995520.000s] Level 1:colcon.colcon_core.package_identification:_identify(my_project/plugins/robot_windows) by extension 'colcon_pkg'
[-1789206574133995520.000s] Level 1:colcon.colcon_core.package_identification:_identify(my_project/plugins/robot_windows) by extensions ['colcon_meta']
[-1789206574133995520.000s] Level 1:colcon.colcon_core.package_identification:_identify(my_project/plugins/robot_windows) by extension 'colcon_meta'
[-1789206574133995520.000s] Level 1:colcon.colcon_core.package_identification:_identify(my_project/plugins/robot_windows) by extensions ['ros']
[-1789206574133995520.000s] Level 1:colcon.colcon_core.package_identification:_identify(my_project/plugins/robot_windows) by extension 'ros'
[-1789206574133995520.000s] Level 1:colcon.colcon_core.package_identification:_identify(my_project/plugins/robot_windows) by extensions ['cmake', 'python']
[-1789206574133995520.000s] Level 1:colcon.colcon_core.package_identification:_identify(my_project/plugins/robot_windows) by extension 'cmake'
[-1789206574133995520.000s] Level 1:colcon.colcon_core.package_identification:_identify(my_project/plugins/robot_windows) by extension 'python'
[-1789206574133995520.000s] Level 1:colcon.colcon_core.package_identification:_identify(my_project/plugins/robot_windows) by extensions ['python_setup_py']
[-1789206574133995520.000s] Level 1:colcon.colcon_core.package_identification:_identify(my_project/plugins/robot_windows) by extension 'python_setup_py'
[-1789206574133995520.000s] Level 1:colcon.colcon_core.package_identification:_identify(my_project/protos) by extensions ['ignore', 'ignore_ament_install']
[-1789206574133995520.000s] Level 1:colcon.colcon_core.package_identification:_identify(my_project/protos) by extension 'ignore'
[-1789206574133995520.000s] Level 1:colcon.colcon_core.package_identification:_identify(my_project/protos) by extension 'ignore_ament_install'
[-1789206574133995520.000s] Level 1:colcon.colcon_core.package_identification:_identify(my_project/protos) by extensions ['colcon_pkg']
[-1789206574133995520.000s] Level 1:colcon.colcon_core.package_identification:_identify(my_project/protos) by extension 'colcon_pkg'
[-1789206574133995520.000s] Level 1:colcon.colcon_core.package_identification:_identify(my_project/protos) by extensions ['colcon_meta']
[-1789206574133995520.000s] Level 1:colcon.colcon_core.package_identification:_identify(my_project/protos) by extension 'colcon_meta'
[-1789206574133995520.000s] Level 1:colcon.colcon_core.package_identification:_identify(my_project/protos) by extensions ['ros']
[-1789206574133995520.000s] Level 1:colcon.colcon_core.package_identification:_identify(my_project/protos) by extension 'ros'
[-1789206574133995520.000s] Level 1:colcon.colcon_core.package_identification:_identify(my_project/protos) by extensions ['cmake', 'python']
[-1789206574133995520.000s] Level 1:colcon.colcon_core.package_identification:_identify(my_project/protos) by extension 'cmake'
[-1789206574133995520.000s] Level 1:colcon.colcon_core.package_identification:_identify(my_project/protos) by extension 'python'
[-1789206574133995520.000s] Level 1:colcon.colcon_core.package_identification:_identify(my_project/protos) by extensions ['python_setup_py']
[-1789206574133995520.000s] Level 1:colcon.colcon_core.package_identification:_identify(my_project/protos) by extension 'python_setup_py'
[-1789206574133995520.000s] Level 1:colcon.colcon_core.package_identification:_identify(my_project/worlds) by extensions ['ignore', 'ignore_ament_install']
[-1789206574133995520.000s] Level 1:colcon.colcon_core.package_identification:_identify(my_project/worlds) by extension 'ignore'
[-1789206574133995520.000s] Level 1:colcon.colcon_core.package_identification:_identify(my_project/worlds) by extension 'ignore_ament_install'
[-1789206574133995520.000s] Level 1:colcon.colcon_core.package_identification:_identify(my_project/worlds) by extensions ['colcon_pkg']
[-1789206574133995520.000s] Level 1:colcon.colcon_core.package_identification:_identify(my_project/worlds) by extension 'colcon_pkg'
[-1789206574133995520.000s] Level 1:colcon.colcon_core.package_identification:_identify(my_project/worlds) by extensions ['colcon_meta']
[-1789206574133995520.000s] Level 1:colcon.colcon_core.package_identification:_identify(my_project/worlds) by extension 'colcon_meta'
[-1789206574133995520.000s] Level 1:colcon.colcon_core.package_identification:_identify(my_project/worlds) by extensions ['ros']
[-1789206574133995520.000s] Level 1:colcon.colcon_core.package_identification:_identify(my_project/worlds) by extension 'ros'
[-1789206574133995520.000s] Level 1:colcon.colcon_core.package_identification:_identify(my_project/worlds) by extensions ['cmake', 'python']
[-1789206574133995520.000s] Level 1:colcon.colcon_core.package_identification:_identify(my_project/worlds) by extension 'cmake'
[-1789206574133995520.000s] Level 1:colcon.colcon_core.package_identification:_identify(my_project/worlds) by extension 'python'
[-1789206574133995520.000s] Level 1:colcon.colcon_core.package_identification:_identify(my_project/worlds) by extensions ['python_setup_py']
[-1789206574133995520.000s] Level 1:colcon.colcon_core.package_identification:_identify(my_project/worlds) by extension 'python_setup_py'
[-1789206574133995520.000s] Level 1:colcon.colcon_core.package_identification:_identify(src) by extensions ['ignore', 'ignore_ament_install']
[-1789206574133995520.000s] Level 1:colcon.colcon_core.package_identification:_identify(src) by extension 'ignore'
[-1789206574133995520.000s] Level 1:colcon.colcon_core.package_identification:_identify(src) by extension 'ignore_ament_install'
[-1789206574133995520.000s] Level 1:colcon.colcon_core.package_identification:_identify(src) by extensions ['colcon_pkg']
[-1789206574133995520.000s] Level 1:colcon.colcon_core.package_identification:_identify(src) by extension 'colcon_pkg'
[-1789206574133995520.000s] Level 1:colcon.colcon_core.package_identification:_identify(src) by extensions ['colcon_meta']
[-1789206574133995520.000s] Level 1:colcon.colcon_core.package_identification:_identify(src) by extension 'colcon_meta'
[-1789206574133995520.000s] Level 1:colcon.colcon_core.package_identification:_identify(src) by extensions ['ros']
[-1789206574133995520.000s] Level 1:colcon.colcon_core.package_identification:_identify(src) by extension 'ros'
[-1789206574133995520.000s] Level 1:colcon.colcon_core.package_identification:_identify(src) by extensions ['cmake', 'python']
[-1789206574133995520.000s] Level 1:colcon.colcon_core.package_identification:_identify(src) by extension 'cmake'
[-1789206574133995520.000s] Level 1:colcon.colcon_core.package_identification:_identify(src) by extension 'python'
[-1789206574133995520.000s] Level 1:colcon.colcon_core.package_identification:_identify(src) by extensions ['python_setup_py']
[-1789206574133995520.000s] Level 1:colcon.colcon_core.package_identification:_identify(src) by extension 'python_setup_py'
[-1789206574133995520.000s] Level 1:colcon.colcon_core.package_identification:_identify(src/my_robot_pkg) by extensions ['ignore', 'ignore_ament_install']
[-1789206574133995520.000s] Level 1:colcon.colcon_core.package_identification:_identify(src/my_robot_pkg) by extension 'ignore'
[-1789206574133995520.000s] Level 1:colcon.colcon_core.package_identification:_identify(src/my_robot_pkg) by extension 'ignore_ament_install'
[-1789206574133995520.000s] Level 1:colcon.colcon_core.package_identification:_identify(src/my_robot_pkg) by extensions ['colcon_pkg']
[-1789206574133995520.000s] Level 1:colcon.colcon_core.package_identification:_identify(src/my_robot_pkg) by extension 'colcon_pkg'
[-1789206574133995520.000s] Level 1:colcon.colcon_core.package_identification:_identify(src/my_robot_pkg) by extensions ['colcon_meta']
[-1789206574133995520.000s] Level 1:colcon.colcon_core.package_identification:_identify(src/my_robot_pkg) by extension 'colcon_meta'
[-1789206574133995520.000s] Level 1:colcon.colcon_core.package_identification:_identify(src/my_robot_pkg) by extensions ['ros']
[-1789206574133995520.000s] Level 1:colcon.colcon_core.package_identification:_identify(src/my_robot_pkg) by extension 'ros'
[-1789206574133995520.000s] DEBUG:colcon.colcon_core.package_identification:Package 'src/my_robot_pkg' with type 'ros.ament_python' and name 'my_robot_pkg'
[-1789206574133995520.000s] Level 1:colcon.colcon_core.package_identification:_identify(src/webots_ros2) by extensions ['ignore', 'ignore_ament_install']
[-1789206574133995520.000s] Level 1:colcon.colcon_core.package_identification:_identify(src/webots_ros2) by extension 'ignore'
[-1789206574133995520.000s] Level 1:colcon.colcon_core.package_identification:_identify(src/webots_ros2) by extension 'ignore_ament_install'
[-1789206574133995520.000s] Level 1:colcon.colcon_core.package_identification:_identify(src/webots_ros2) by extensions ['colcon_pkg']
[-1789206574133995520.000s] Level 1:colcon.colcon_core.package_identification:_identify(src/webots_ros2) by extension 'colcon_pkg'
[-1789206574133995520.000s] Level 1:colcon.colcon_core.package_identification:_identify(src/webots_ros2) by extensions ['colcon_meta']
[-1789206574133995520.000s] Level 1:colcon.colcon_core.package_identification:_identify(src/webots_ros2) by extension 'colcon_meta'
[-1789206574133995520.000s] Level 1:colcon.colcon_core.package_identification:_identify(src/webots_ros2) by extensions ['ros']
[-1789206574133995520.000s] Level 1:colcon.colcon_core.package_identification:_identify(src/webots_ros2) by extension 'ros'
[-1789206574133995520.000s] Level 1:colcon.colcon_core.package_identification:_identify(src/webots_ros2) by extensions ['cmake', 'python']
[-1789206574133995520.000s] Level 1:colcon.colcon_core.package_identification:_identify(src/webots_ros2) by extension 'cmake'
[-1789206574133995520.000s] Level 1:colcon.colcon_core.package_identification:_identify(src/webots_ros2) by extension 'python'
[-1789206574133995520.000s] Level 1:colcon.colcon_core.package_identification:_identify(src/webots_ros2) by extensions ['python_setup_py']
[-1789206574133995520.000s] Level 1:colcon.colcon_core.package_identification:_identify(src/webots_ros2) by extension 'python_setup_py'
[-1789206574133995520.000s] Level 1:colcon.colcon_core.package_identification:_identify(src/webots_ros2/docker) by extensions ['ignore', 'ignore_ament_install']
[-1789206574133995520.000s] Level 1:colcon.colcon_core.package_identification:_identify(src/webots_ros2/docker) by extension 'ignore'
[-1789206574133995520.000s] Level 1:colcon.colcon_core.package_identification:_identify(src/webots_ros2/docker) by extension 'ignore_ament_install'
[-1789206574133995520.000s] Level 1:colcon.colcon_core.package_identification:_identify(src/webots_ros2/docker) by extensions ['colcon_pkg']
[-1789206574133995520.000s] Level 1:colcon.colcon_core.package_identification:_identify(src/webots_ros2/docker) by extension 'colcon_pkg'
[-1789206574133995520.000s] Level 1:colcon.colcon_core.package_identification:_identify(src/webots_ros2/docker) by extensions ['colcon_meta']
[-1789206574133995520.000s] Level 1:colcon.colcon_core.package_identification:_identify(src/webots_ros2/docker) by extension 'colcon_meta'
[-1789206574133995520.000s] Level 1:colcon.colcon_core.package_identification:_identify(src/webots_ros2/docker) by extensions ['ros']
[-1789206574133995520.000s] Level 1:colcon.colcon_core.package_identification:_identify(src/webots_ros2/docker) by extension 'ros'
[-1789206574133995520.000s] Level 1:colcon.colcon_core.package_identification:_identify(src/webots_ros2/docker) by extensions ['cmake', 'python']
[-1789206574133995520.000s] Level 1:colcon.colcon_core.package_identification:_identify(src/webots_ros2/docker) by extension 'cmake'
[-1789206574133995520.000s] Level 1:colcon.colcon_core.package_identification:_identify(src/webots_ros2/docker) by extension 'python'
[-1789206574133995520.000s] Level 1:colcon.colcon_core.package_identification:_identify(src/webots_ros2/docker) by extensions ['python_setup_py']
[-1789206574133995520.000s] Level 1:colcon.colcon_core.package_identification:_identify(src/webots_ros2/docker) by extension 'python_setup_py'
[-1789206574133995520.000s] Level 1:colcon.colcon_core.package_identification:_identify(src/webots_ros2/images) by extensions ['ignore', 'ignore_ament_install']
[-1789206574133995520.000s] Level 1:colcon.colcon_core.package_identification:_identify(src/webots_ros2/images) by extension 'ignore'
[-1789206574133995520.000s] Level 1:colcon.colcon_core.package_identification:_identify(src/webots_ros2/images) by extension 'ignore_ament_install'
[-1789206574133995520.000s] Level 1:colcon.colcon_core.package_identification:_identify(src/webots_ros2/images) by extensions ['colcon_pkg']
[-1789206574133995520.000s] Level 1:colcon.colcon_core.package_identification:_identify(src/webots_ros2/images) by extension 'colcon_pkg'
[-1789206574133995520.000s] Level 1:colcon.colcon_core.package_identification:_identify(src/webots_ros2/images) by extensions ['colcon_meta']
[-1789206574133995520.000s] Level 1:colcon.colcon_core.package_identification:_identify(src/webots_ros2/images) by extension 'colcon_meta'
[-1789206574133995520.000s] Level 1:colcon.colcon_core.package_identification:_identify(src/webots_ros2/images) by extensions ['ros']
[-1789206574133995520.000s] Level 1:colcon.colcon_core.package_identification:_identify(src/webots_ros2/images) by extension 'ros'
[-1789206574133995520.000s] Level 1:colcon.colcon_core.package_identification:_identify(src/webots_ros2/images) by extensions ['cmake', 'python']
[-1789206574133995520.000s] Level 1:colcon.colcon_core.package_identification:_identify(src/webots_ros2/images) by extension 'cmake'
[-1789206574133995520.000s] Level 1:colcon.colcon_core.package_identification:_identify(src/webots_ros2/images) by extension 'python'
[-1789206574133995520.000s] Level 1:colcon.colcon_core.package_identification:_identify(src/webots_ros2/images) by extensions ['python_setup_py']
[-1789206574133995520.000s] Level 1:colcon.colcon_core.package_identification:_identify(src/webots_ros2/images) by extension 'python_setup_py'
[-1789206574133995520.000s] Level 1:colcon.colcon_core.package_identification:_identify(src/webots_ros2/scripts) by extensions ['ignore', 'ignore_ament_install']
[-1789206574133995520.000s] Level 1:colcon.colcon_core.package_identification:_identify(src/webots_ros2/scripts) by extension 'ignore'
[-1789206574133995520.000s] Level 1:colcon.colcon_core.package_identification:_identify(src/webots_ros2/scripts) by extension 'ignore_ament_install'
[-1789206574133995520.000s] Level 1:colcon.colcon_core.package_identification:_identify(src/webots_ros2/scripts) by extensions ['colcon_pkg']
[-1789206574133995520.000s] Level 1:colcon.colcon_core.package_identification:_identify(src/webots_ros2/scripts) by extension 'colcon_pkg'
[-1789206574133995520.000s] Level 1:colcon.colcon_core.package_identification:_identify(src/webots_ros2/scripts) by extensions ['colcon_meta']
[-1789206574133995520.000s] Level 1:colcon.colcon_core.package_identification:_identify(src/webots_ros2/scripts) by extension 'colcon_meta'
[-1789206574133995520.000s] Level 1:colcon.colcon_core.package_identification:_identify(src/webots_ros2/scripts) by extensions ['ros']
[-1789206574133995520.000s] Level 1:colcon.colcon_core.package_identification:_identify(src/webots_ros2/scripts) by extension 'ros'
[-1789206574133995520.000s] Level 1:colcon.colcon_core.package_identification:_identify(src/webots_ros2/scripts) by extensions ['cmake', 'python']
[-1789206574133995520.000s] Level 1:colcon.colcon_core.package_identification:_identify(src/webots_ros2/scripts) by extension 'cmake'
[-1789206574133995520.000s] Level 1:colcon.colcon_core.package_identification:_identify(src/webots_ros2/scripts) by extension 'python'
[-1789206574133995520.000s] Level 1:colcon.colcon_core.package_identification:_identify(src/webots_ros2/scripts) by extensions ['python_setup_py']
[-1789206574133995520.000s] Level 1:colcon.colcon_core.package_identification:_identify(src/webots_ros2/scripts) by extension 'python_setup_py'
[-1789206574133995520.000s] Level 1:colcon.colcon_core.package_identification:_identify(src/webots_ros2/tests) by extensions ['ignore', 'ignore_ament_install']
[-1789206574133995520.000s] Level 1:colcon.colcon_core.package_identification:_identify(src/webots_ros2/tests) by extension 'ignore'
[-1789206574133995520.000s] Level 1:colcon.colcon_core.package_identification:_identify(src/webots_ros2/tests) by extension 'ignore_ament_install'
[-1789206574133995520.000s] Level 1:colcon.colcon_core.package_identification:_identify(src/webots_ros2/tests) by extensions ['colcon_pkg']
[-1789206574133995520.000s] Level 1:colcon.colcon_core.package_identification:_identify(src/webots_ros2/tests) by extension 'colcon_pkg'
[-1789206574133995520.000s] Level 1:colcon.colcon_core.package_identification:_identify(src/webots_ros2/tests) by extensions ['colcon_meta']
[-1789206574133995520.000s] Level 1:colcon.colcon_core.package_identification:_identify(src/webots_ros2/tests) by extension 'colcon_meta'
[-1789206574133995520.000s] Level 1:colcon.colcon_core.package_identification:_identify(src/webots_ros2/tests) by extensions ['ros']
[-1789206574133995520.000s] Level 1:colcon.colcon_core.package_identification:_identify(src/webots_ros2/tests) by extension 'ros'
[-1789206574133995520.000s] Level 1:colcon.colcon_core.package_identification:_identify(src/webots_ros2/tests) by extensions ['cmake', 'python']
[-1789206574133995520.000s] Level 1:colcon.colcon_core.package_identification:_identify(src/webots_ros2/tests) by extension 'cmake'
[-1789206574133995520.000s] Level 1:colcon.colcon_core.package_identification:_identify(src/webots_ros2/tests) by extension 'python'
[-1789206574133995520.000s] Level 1:colcon.colcon_core.package_identification:_identify(src/webots_ros2/tests) by extensions ['python_setup_py']
[-1789206574133995520.000s] Level 1:colcon.colcon_core.package_identification:_identify(src/webots_ros2/tests) by extension 'python_setup_py'
[-1789206574133995520.000s] Level 1:colcon.colcon_core.package_identification:_identify(src/webots_ros2/tests/sources) by extensions ['ignore', 'ignore_ament_install']
[-1789206574133995520.000s] Level 1:colcon.colcon_core.package_identification:_identify(src/webots_ros2/tests/sources) by extension 'ignore'
[-1789206574133995520.000s] Level 1:colcon.colcon_core.package_identification:_identify(src/webots_ros2/tests/sources) by extension 'ignore_ament_install'
[-1789206574133995520.000s] Level 1:colcon.colcon_core.package_identification:_identify(src/webots_ros2/tests/sources) by extensions ['colcon_pkg']
[-1789206574133995520.000s] Level 1:colcon.colcon_core.package_identification:_identify(src/webots_ros2/tests/sources) by extension 'colcon_pkg'
[-1789206574133995520.000s] Level 1:colcon.colcon_core.package_identification:_identify(src/webots_ros2/tests/sources) by extensions ['colcon_meta']
[-1789206574133995520.000s] Level 1:colcon.colcon_core.package_identification:_identify(src/webots_ros2/tests/sources) by extension 'colcon_meta'
[-1789206574133995520.000s] Level 1:colcon.colcon_core.package_identification:_identify(src/webots_ros2/tests/sources) by extensions ['ros']
[-1789206574133995520.000s] Level 1:colcon.colcon_core.package_identification:_identify(src/webots_ros2/tests/sources) by extension 'ros'
[-1789206574133995520.000s] Level 1:colcon.colcon_core.package_identification:_identify(src/webots_ros2/tests/sources) by extensions ['cmake', 'python']
[-1789206574133995520.000s] Level 1:colcon.colcon_core.package_identification:_identify(src/webots_ros2/tests/sources) by extension 'cmake'
[-1789206574133995520.000s] Level 1:colcon.colcon_core.package_identification:_identify(src/webots_ros2/tests/sources) by extension 'python'
[-1789206574133995520.000s] Level 1:colcon.colcon_core.package_identification:_identify(src/webots_ros2/tests/sources) by extensions ['python_setup_py']
[-1789206574133995520.000s] Level 1:colcon.colcon_core.package_identification:_identify(src/webots_ros2/tests/sources) by extension 'python_setup_py'
[-1789206574133995520.000s] Level 1:colcon.colcon_core.package_identification:_identify(src/webots_ros2/webots_ros2) by extensions ['ignore', 'ignore_ament_install']
[-1789206574133995520.000s] Level 1:colcon.colcon_core.package_identification:_identify(src/webots_ros2/webots_ros2) by extension 'ignore'
[-1789206574133995520.000s] Level 1:colcon.colcon_core.package_identification:_identify(src/webots_ros2/webots_ros2) by extension 'ignore_ament_install'
[-1789206574133995520.000s] Level 1:colcon.colcon_core.package_identification:_identify(src/webots_ros2/webots_ros2) by extensions ['colcon_pkg']
[-1789206574133995520.000s] Level 1:colcon.colcon_core.package_identification:_identify(src/webots_ros2/webots_ros2) by extension 'colcon_pkg'
[-1789206574133995520.000s] Level 1:colcon.colcon_core.package_identification:_identify(src/webots_ros2/webots_ros2) by extensions ['colcon_meta']
[-1789206574133995520.000s] Level 1:colcon.colcon_core.package_identification:_identify(src/webots_ros2/webots_ros2) by extension 'colcon_meta'
[-1789206574133995520.000s] Level 1:colcon.colcon_core.package_identification:_identify(src/webots_ros2/webots_ros2) by extensions ['ros']
[-1789206574133995520.000s] Level 1:colcon.colcon_core.package_identification:_identify(src/webots_ros2/webots_ros2) by extension 'ros'
[-1789206574133995520.000s] DEBUG:colcon.colcon_core.package_identification:Package 'src/webots_ros2/webots_ros2' with type 'ros.ament_python' and name 'webots_ros2'
[-1789206574133995520.000s] Level 1:colcon.colcon_core.package_identification:_identify(src/webots_ros2/webots_ros2_control) by extensions ['ignore', 'ignore_ament_install']
[-1789206574133995520.000s] Level 1:colcon.colcon_core.package_identification:_identify(src/webots_ros2/webots_ros2_control) by extension 'ignore'
[-1789206574133995520.000s] Level 1:colcon.colcon_core.package_identification:_identify(src/webots_ros2/webots_ros2_control) by extension 'ignore_ament_install'
[-1789206574133995520.000s] Level 1:colcon.colcon_core.package_identification:_identify(src/webots_ros2/webots_ros2_control) by extensions ['colcon_pkg']
[-1789206574133995520.000s] Level 1:colcon.colcon_core.package_identification:_identify(src/webots_ros2/webots_ros2_control) by extension 'colcon_pkg'
[-1789206574133995520.000s] Level 1:colcon.colcon_core.package_identification:_identify(src/webots_ros2/webots_ros2_control) by extensions ['colcon_meta']
[-1789206574133995520.000s] Level 1:colcon.colcon_core.package_identification:_identify(src/webots_ros2/webots_ros2_control) by extension 'colcon_meta'
[-1789206574133995520.000s] Level 1:colcon.colcon_core.package_identification:_identify(src/webots_ros2/webots_ros2_control) by extensions ['ros']
[-1789206574133995520.000s] Level 1:colcon.colcon_core.package_identification:_identify(src/webots_ros2/webots_ros2_control) by extension 'ros'
[-1789206574133995520.000s] DEBUG:colcon.colcon_core.package_identification:Package 'src/webots_ros2/webots_ros2_control' with type 'ros.ament_cmake' and name 'webots_ros2_control'
[-1789206574133995520.000s] Level 1:colcon.colcon_core.package_identification:_identify(src/webots_ros2/webots_ros2_crazyflie) by extensions ['ignore', 'ignore_ament_install']
[-1789206574133995520.000s] Level 1:colcon.colcon_core.package_identification:_identify(src/webots_ros2/webots_ros2_crazyflie) by extension 'ignore'
[-1789206574133995520.000s] Level 1:colcon.colcon_core.package_identification:_identify(src/webots_ros2/webots_ros2_crazyflie) by extension 'ignore_ament_install'
[-1789206574133995520.000s] Level 1:colcon.colcon_core.package_identification:_identify(src/webots_ros2/webots_ros2_crazyflie) by extensions ['colcon_pkg']
[-1789206574133995520.000s] Level 1:colcon.colcon_core.package_identification:_identify(src/webots_ros2/webots_ros2_crazyflie) by extension 'colcon_pkg'
[-1789206574133995520.000s] Level 1:colcon.colcon_core.package_identification:_identify(src/webots_ros2/webots_ros2_crazyflie) by extensions ['colcon_meta']
[-1789206574133995520.000s] Level 1:colcon.colcon_core.package_identification:_identify(src/webots_ros2/webots_ros2_crazyflie) by extension 'colcon_meta'
[-1789206574133995520.000s] Level 1:colcon.colcon_core.package_identification:_identify(src/webots_ros2/webots_ros2_crazyflie) by extensions ['ros']
[-1789206574133995520.000s] Level 1:colcon.colcon_core.package_identification:_identify(src/webots_ros2/webots_ros2_crazyflie) by extension 'ros'
[-1789206574133995520.000s] DEBUG:colcon.colcon_core.package_identification:Package 'src/webots_ros2/webots_ros2_crazyflie' with type 'ros.ament_python' and name 'webots_ros2_crazyflie'
[-1789206574133995520.000s] Level 1:colcon.colcon_core.package_identification:_identify(src/webots_ros2/webots_ros2_driver) by extensions ['ignore', 'ignore_ament_install']
[-1789206574133995520.000s] Level 1:colcon.colcon_core.package_identification:_identify(src/webots_ros2/webots_ros2_driver) by extension 'ignore'
[-1789206574133995520.000s] Level 1:colcon.colcon_core.package_identification:_identify(src/webots_ros2/webots_ros2_driver) by extension 'ignore_ament_install'
[-1789206574133995520.000s] Level 1:colcon.colcon_core.package_identification:_identify(src/webots_ros2/webots_ros2_driver) by extensions ['colcon_pkg']
[-1789206574133995520.000s] Level 1:colcon.colcon_core.package_identification:_identify(src/webots_ros2/webots_ros2_driver) by extension 'colcon_pkg'
[-1789206574133995520.000s] Level 1:colcon.colcon_core.package_identification:_identify(src/webots_ros2/webots_ros2_driver) by extensions ['colcon_meta']
[-1789206574133995520.000s] Level 1:colcon.colcon_core.package_identification:_identify(src/webots_ros2/webots_ros2_driver) by extension 'colcon_meta'
[-1789206574133995520.000s] Level 1:colcon.colcon_core.package_identification:_identify(src/webots_ros2/webots_ros2_driver) by extensions ['ros']
[-1789206574133995520.000s] Level 1:colcon.colcon_core.package_identification:_identify(src/webots_ros2/webots_ros2_driver) by extension 'ros'
[-1789206574133995520.000s] DEBUG:colcon.colcon_core.package_identification:Package 'src/webots_ros2/webots_ros2_driver' with type 'ros.ament_cmake' and name 'webots_ros2_driver'
[-1789206574133995520.000s] Level 1:colcon.colcon_core.package_identification:_identify(src/webots_ros2/webots_ros2_epuck) by extensions ['ignore', 'ignore_ament_install']
[-1789206574133995520.000s] Level 1:colcon.colcon_core.package_identification:_identify(src/webots_ros2/webots_ros2_epuck) by extension 'ignore'
[-1789206574133995520.000s] Level 1:colcon.colcon_core.package_identification:_identify(src/webots_ros2/webots_ros2_epuck) by extension 'ignore_ament_install'
[-1789206574133995520.000s] Level 1:colcon.colcon_core.package_identification:_identify(src/webots_ros2/webots_ros2_epuck) by extensions ['colcon_pkg']
[-1789206574133995520.000s] Level 1:colcon.colcon_core.package_identification:_identify(src/webots_ros2/webots_ros2_epuck) by extension 'colcon_pkg'
[-1789206574133995520.000s] Level 1:colcon.colcon_core.package_identification:_identify(src/webots_ros2/webots_ros2_epuck) by extensions ['colcon_meta']
[-1789206574133995520.000s] Level 1:colcon.colcon_core.package_identification:_identify(src/webots_ros2/webots_ros2_epuck) by extension 'colcon_meta'
[-1789206574133995520.000s] Level 1:colcon.colcon_core.package_identification:_identify(src/webots_ros2/webots_ros2_epuck) by extensions ['ros']
[-1789206574133995520.000s] Level 1:colcon.colcon_core.package_identification:_identify(src/webots_ros2/webots_ros2_epuck) by extension 'ros'
[-1789206574133995520.000s] DEBUG:colcon.colcon_core.package_identification:Package 'src/webots_ros2/webots_ros2_epuck' with type 'ros.ament_python' and name 'webots_ros2_epuck'
[-1789206574133995520.000s] Level 1:colcon.colcon_core.package_identification:_identify(src/webots_ros2/webots_ros2_husarion) by extensions ['ignore', 'ignore_ament_install']
[-1789206574133995520.000s] Level 1:colcon.colcon_core.package_identification:_identify(src/webots_ros2/webots_ros2_husarion) by extension 'ignore'
[-1789206574133995520.000s] Level 1:colcon.colcon_core.package_identification:_identify(src/webots_ros2/webots_ros2_husarion) by extension 'ignore_ament_install'
[-1789206574133995520.000s] Level 1:colcon.colcon_core.package_identification:_identify(src/webots_ros2/webots_ros2_husarion) by extensions ['colcon_pkg']
[-1789206574133995520.000s] Level 1:colcon.colcon_core.package_identification:_identify(src/webots_ros2/webots_ros2_husarion) by extension 'colcon_pkg'
[-1789206574133995520.000s] Level 1:colcon.colcon_core.package_identification:_identify(src/webots_ros2/webots_ros2_husarion) by extensions ['colcon_meta']
[-1789206574133995520.000s] Level 1:colcon.colcon_core.package_identification:_identify(src/webots_ros2/webots_ros2_husarion) by extension 'colcon_meta'
[-1789206574133995520.000s] Level 1:colcon.colcon_core.package_identification:_identify(src/webots_ros2/webots_ros2_husarion) by extensions ['ros']
[-1789206574133995520.000s] Level 1:colcon.colcon_core.package_identification:_identify(src/webots_ros2/webots_ros2_husarion) by extension 'ros'
[-1789206574133995520.000s] DEBUG:colcon.colcon_core.package_identification:Package 'src/webots_ros2/webots_ros2_husarion' with type 'ros.ament_python' and name 'webots_ros2_husarion'
[-1789206574133995520.000s] Level 1:colcon.colcon_core.package_identification:_identify(src/webots_ros2/webots_ros2_importer) by extensions ['ignore', 'ignore_ament_install']
[-1789206574133995520.000s] Level 1:colcon.colcon_core.package_identification:_identify(src/webots_ros2/webots_ros2_importer) by extension 'ignore'
[-1789206574133995520.000s] Level 1:colcon.colcon_core.package_identification:_identify(src/webots_ros2/webots_ros2_importer) by extension 'ignore_ament_install'
[-1789206574133995520.000s] Level 1:colcon.colcon_core.package_identification:_identify(src/webots_ros2/webots_ros2_importer) by extensions ['colcon_pkg']
[-1789206574133995520.000s] Level 1:colcon.colcon_core.package_identification:_identify(src/webots_ros2/webots_ros2_importer) by extension 'colcon_pkg'
[-1789206574133995520.000s] Level 1:colcon.colcon_core.package_identification:_identify(src/webots_ros2/webots_ros2_importer) by extensions ['colcon_meta']
[-1789206574133995520.000s] Level 1:colcon.colcon_core.package_identification:_identify(src/webots_ros2/webots_ros2_importer) by extension 'colcon_meta'
[-1789206574133995520.000s] Level 1:colcon.colcon_core.package_identification:_identify(src/webots_ros2/webots_ros2_importer) by extensions ['ros']
[-1789206574133995520.000s] Level 1:colcon.colcon_core.package_identification:_identify(src/webots_ros2/webots_ros2_importer) by extension 'ros'
[-1789206574133995520.000s] DEBUG:colcon.colcon_core.package_identification:Package 'src/webots_ros2/webots_ros2_importer' with type 'ros.ament_python' and name 'webots_ros2_importer'
[-1789206574133995520.000s] Level 1:colcon.colcon_core.package_identification:_identify(src/webots_ros2/webots_ros2_mavic) by extensions ['ignore', 'ignore_ament_install']
[-1789206574133995520.000s] Level 1:colcon.colcon_core.package_identification:_identify(src/webots_ros2/webots_ros2_mavic) by extension 'ignore'
[-1789206574133995520.000s] Level 1:colcon.colcon_core.package_identification:_identify(src/webots_ros2/webots_ros2_mavic) by extension 'ignore_ament_install'
[-1789206574133995520.000s] Level 1:colcon.colcon_core.package_identification:_identify(src/webots_ros2/webots_ros2_mavic) by extensions ['colcon_pkg']
[-1789206574133995520.000s] Level 1:colcon.colcon_core.package_identification:_identify(src/webots_ros2/webots_ros2_mavic) by extension 'colcon_pkg'
[-1789206574133995520.000s] Level 1:colcon.colcon_core.package_identification:_identify(src/webots_ros2/webots_ros2_mavic) by extensions ['colcon_meta']
[-1789206574133995520.000s] Level 1:colcon.colcon_core.package_identification:_identify(src/webots_ros2/webots_ros2_mavic) by extension 'colcon_meta'
[-1789206574133995520.000s] Level 1:colcon.colcon_core.package_identification:_identify(src/webots_ros2/webots_ros2_mavic) by extensions ['ros']
[-1789206574133995520.000s] Level 1:colcon.colcon_core.package_identification:_identify(src/webots_ros2/webots_ros2_mavic) by extension 'ros'
[-1789206574133995520.000s] DEBUG:colcon.colcon_core.package_identification:Package 'src/webots_ros2/webots_ros2_mavic' with type 'ros.ament_python' and name 'webots_ros2_mavic'
[-1789206574133995520.000s] Level 1:colcon.colcon_core.package_identification:_identify(src/webots_ros2/webots_ros2_msgs) by extensions ['ignore', 'ignore_ament_install']
[-1789206574133995520.000s] Level 1:colcon.colcon_core.package_identification:_identify(src/webots_ros2/webots_ros2_msgs) by extension 'ignore'
[-1789206574133995520.000s] Level 1:colcon.colcon_core.package_identification:_identify(src/webots_ros2/webots_ros2_msgs) by extension 'ignore_ament_install'
[-1789206574133995520.000s] Level 1:colcon.colcon_core.package_identification:_identify(src/webots_ros2/webots_ros2_msgs) by extensions ['colcon_pkg']
[-1789206574133995520.000s] Level 1:colcon.colcon_core.package_identification:_identify(src/webots_ros2/webots_ros2_msgs) by extension 'colcon_pkg'
[-1789206574133995520.000s] Level 1:colcon.colcon_core.package_identification:_identify(src/webots_ros2/webots_ros2_msgs) by extensions ['colcon_meta']
[-1789206574133995520.000s] Level 1:colcon.colcon_core.package_identification:_identify(src/webots_ros2/webots_ros2_msgs) by extension 'colcon_meta'
[-1789206574133995520.000s] Level 1:colcon.colcon_core.package_identification:_identify(src/webots_ros2/webots_ros2_msgs) by extensions ['ros']
[-1789206574133995520.000s] Level 1:colcon.colcon_core.package_identification:_identify(src/webots_ros2/webots_ros2_msgs) by extension 'ros'
[-1789206574133995520.000s] DEBUG:colcon.colcon_core.package_identification:Package 'src/webots_ros2/webots_ros2_msgs' with type 'ros.ament_cmake' and name 'webots_ros2_msgs'
[-1789206574133995520.000s] Level 1:colcon.colcon_core.package_identification:_identify(src/webots_ros2/webots_ros2_tesla) by extensions ['ignore', 'ignore_ament_install']
[-1789206574133995520.000s] Level 1:colcon.colcon_core.package_identification:_identify(src/webots_ros2/webots_ros2_tesla) by extension 'ignore'
[-1789206574133995520.000s] Level 1:colcon.colcon_core.package_identification:_identify(src/webots_ros2/webots_ros2_tesla) by extension 'ignore_ament_install'
[-1789206574133995520.000s] Level 1:colcon.colcon_core.package_identification:_identify(src/webots_ros2/webots_ros2_tesla) by extensions ['colcon_pkg']
[-1789206574133995520.000s] Level 1:colcon.colcon_core.package_identification:_identify(src/webots_ros2/webots_ros2_tesla) by extension 'colcon_pkg'
[-1789206574133995520.000s] Level 1:colcon.colcon_core.package_identification:_identify(src/webots_ros2/webots_ros2_tesla) by extensions ['colcon_meta']
[-1789206574133995520.000s] Level 1:colcon.colcon_core.package_identification:_identify(src/webots_ros2/webots_ros2_tesla) by extension 'colcon_meta'
[-1789206574133995520.000s] Level 1:colcon.colcon_core.package_identification:_identify(src/webots_ros2/webots_ros2_tesla) by extensions ['ros']
[-1789206574133995520.000s] Level 1:colcon.colcon_core.package_identification:_identify(src/webots_ros2/webots_ros2_tesla) by extension 'ros'
[-1789206574133995520.000s] DEBUG:colcon.colcon_core.package_identification:Package 'src/webots_ros2/webots_ros2_tesla' with type 'ros.ament_python' and name 'webots_ros2_tesla'
[-1789206574133995520.000s] Level 1:colcon.colcon_core.package_identification:_identify(src/webots_ros2/webots_ros2_tests) by extensions ['ignore', 'ignore_ament_install']
[-1789206574133995520.000s] Level 1:colcon.colcon_core.package_identification:_identify(src/webots_ros2/webots_ros2_tests) by extension 'ignore'
[-1789206574133995520.000s] Level 1:colcon.colcon_core.package_identification:_identify(src/webots_ros2/webots_ros2_tests) by extension 'ignore_ament_install'
[-1789206574133995520.000s] Level 1:colcon.colcon_core.package_identification:_identify(src/webots_ros2/webots_ros2_tests) by extensions ['colcon_pkg']
[-1789206574133995520.000s] Level 1:colcon.colcon_core.package_identification:_identify(src/webots_ros2/webots_ros2_tests) by extension 'colcon_pkg'
[-1789206574133995520.000s] Level 1:colcon.colcon_core.package_identification:_identify(src/webots_ros2/webots_ros2_tests) by extensions ['colcon_meta']
[-1789206574133995520.000s] Level 1:colcon.colcon_core.package_identification:_identify(src/webots_ros2/webots_ros2_tests) by extension 'colcon_meta'
[-1789206574133995520.000s] Level 1:colcon.colcon_core.package_identification:_identify(src/webots_ros2/webots_ros2_tests) by extensions ['ros']
[-1789206574133995520.000s] Level 1:colcon.colcon_core.package_identification:_identify(src/webots_ros2/webots_ros2_tests) by extension 'ros'
[-1789206574133995520.000s] DEBUG:colcon.colcon_core.package_identification:Package 'src/webots_ros2/webots_ros2_tests' with type 'ros.ament_python' and name 'webots_ros2_tests'
[-1789206574133995520.000s] Level 1:colcon.colcon_core.package_identification:_identify(src/webots_ros2/webots_ros2_tiago) by extensions ['ignore', 'ignore_ament_install']
[-1789206574133995520.000s] Level 1:colcon.colcon_core.package_identification:_identify(src/webots_ros2/webots_ros2_tiago) by extension 'ignore'
[-1789206574133995520.000s] Level 1:colcon.colcon_core.package_identification:_identify(src/webots_ros2/webots_ros2_tiago) by extension 'ignore_ament_install'
[-1789206574133995520.000s] Level 1:colcon.colcon_core.package_identification:_identify(src/webots_ros2/webots_ros2_tiago) by extensions ['colcon_pkg']
[-1789206574133995520.000s] Level 1:colcon.colcon_core.package_identification:_identify(src/webots_ros2/webots_ros2_tiago) by extension 'colcon_pkg'
[-1789206574133995520.000s] Level 1:colcon.colcon_core.package_identification:_identify(src/webots_ros2/webots_ros2_tiago) by extensions ['colcon_meta']
[-1789206574133995520.000s] Level 1:colcon.colcon_core.package_identification:_identify(src/webots_ros2/webots_ros2_tiago) by extension 'colcon_meta'
[-1789206574133995520.000s] Level 1:colcon.colcon_core.package_identification:_identify(src/webots_ros2/webots_ros2_tiago) by extensions ['ros']
[-1789206574133995520.000s] Level 1:colcon.colcon_core.package_identification:_identify(src/webots_ros2/webots_ros2_tiago) by extension 'ros'
[-1789206574133995520.000s] DEBUG:colcon.colcon_core.package_identification:Package 'src/webots_ros2/webots_ros2_tiago' with type 'ros.ament_python' and name 'webots_ros2_tiago'
[-1789206574133995520.000s] Level 1:colcon.colcon_core.package_identification:_identify(src/webots_ros2/webots_ros2_turtlebot) by extensions ['ignore', 'ignore_ament_install']
[-1789206574133995520.000s] Level 1:colcon.colcon_core.package_identification:_identify(src/webots_ros2/webots_ros2_turtlebot) by extension 'ignore'
[-1789206574133995520.000s] Level 1:colcon.colcon_core.package_identification:_identify(src/webots_ros2/webots_ros2_turtlebot) by extension 'ignore_ament_install'
[-1789206574133995520.000s] Level 1:colcon.colcon_core.package_identification:_identify(src/webots_ros2/webots_ros2_turtlebot) by extensions ['colcon_pkg']
[-1789206574133995520.000s] Level 1:colcon.colcon_core.package_identification:_identify(src/webots_ros2/webots_ros2_turtlebot) by extension 'colcon_pkg'
[-1789206574133995520.000s] Level 1:colcon.colcon_core.package_identification:_identify(src/webots_ros2/webots_ros2_turtlebot) by extensions ['colcon_meta']
[-1789206574133995520.000s] Level 1:colcon.colcon_core.package_identification:_identify(src/webots_ros2/webots_ros2_turtlebot) by extension 'colcon_meta'
[-1789206574133995520.000s] Level 1:colcon.colcon_core.package_identification:_identify(src/webots_ros2/webots_ros2_turtlebot) by extensions ['ros']
[-1789206574133995520.000s] Level 1:colcon.colcon_core.package_identification:_identify(src/webots_ros2/webots_ros2_turtlebot) by extension 'ros'
[-1789206574133995520.000s] DEBUG:colcon.colcon_core.package_identification:Package 'src/webots_ros2/webots_ros2_turtlebot' with type 'ros.ament_python' and name 'webots_ros2_turtlebot'
[-1789206574133995520.000s] Level 1:colcon.colcon_core.package_identification:_identify(src/webots_ros2/webots_ros2_universal_robot) by extensions ['ignore', 'ignore_ament_install']
[-1789206574133995520.000s] Level 1:colcon.colcon_core.package_identification:_identify(src/webots_ros2/webots_ros2_universal_robot) by extension 'ignore'
[-1789206574133995520.000s] Level 1:colcon.colcon_core.package_identification:_identify(src/webots_ros2/webots_ros2_universal_robot) by extension 'ignore_ament_install'
[-1789206574133995520.000s] Level 1:colcon.colcon_core.package_identification:_identify(src/webots_ros2/webots_ros2_universal_robot) by extensions ['colcon_pkg']
[-1789206574133995520.000s] Level 1:colcon.colcon_core.package_identification:_identify(src/webots_ros2/webots_ros2_universal_robot) by extension 'colcon_pkg'
[-1789206574133995520.000s] Level 1:colcon.colcon_core.package_identification:_identify(src/webots_ros2/webots_ros2_universal_robot) by extensions ['colcon_meta']
[-1789206574133995520.000s] Level 1:colcon.colcon_core.package_identification:_identify(src/webots_ros2/webots_ros2_universal_robot) by extension 'colcon_meta'
[-1789206574133995520.000s] Level 1:colcon.colcon_core.package_identification:_identify(src/webots_ros2/webots_ros2_universal_robot) by extensions ['ros']
[-1789206574133995520.000s] Level 1:colcon.colcon_core.package_identification:_identify(src/webots_ros2/webots_ros2_universal_robot) by extension 'ros'
[-1789206574133995520.000s] DEBUG:colcon.colcon_core.package_identification:Package 'src/webots_ros2/webots_ros2_universal_robot' with type 'ros.ament_python' and name 'webots_ros2_universal_robot'
[-1789206574133995520.000s] Level 1:colcon.colcon_core.package_discovery:discover_packages(recursive) using defaults
[-1789206574133995520.000s] Level 1:colcon.colcon_core.package_discovery:discover_packages(ignore) discover
[-1789206574133995520.000s] Level 1:colcon.colcon_core.package_discovery:discover_packages(ignore) using defaults
[-1789206574133995520.000s] Level 1:colcon.colcon_core.package_discovery:discover_packages(path) discover
[-1789206574133995520.000s] Level 1:colcon.colcon_core.package_discovery:discover_packages(path) using defaults
[-1789206574133995520.000s] Level 1:colcon.colcon_core.package_discovery:discover_packages(prefix_path) check parameters
[-1789206574133995520.000s] Level 1:colcon.colcon_core.package_discovery:discover_packages(prefix_path) discover
[-1789206574133995520.000s] DEBUG:colcon.colcon_installed_package_information.package_discovery:Found 0 installed packages in /home/onur/autonomous_robot/install
[-1789206574133995520.000s] DEBUG:colcon.colcon_installed_package_information.package_discovery:Found 339 installed packages in /opt/ros/lyrical
[-1789206574133995520.000s] Level 1:colcon.colcon_core.package_discovery:discover_packages(prefix_path) using defaults
[-1789206574133995520.000s] Level 5:colcon.colcon_core.verb:set package 'webots_ros2_importer' build argument 'cmake_args' from command line to 'None'
[-1789206574133995520.000s] Level 5:colcon.colcon_core.verb:set package 'webots_ros2_importer' build argument 'cmake_target' from command line to 'None'
[-1789206574133995520.000s] Level 5:colcon.colcon_core.verb:set package 'webots_ros2_importer' build argument 'cmake_target_skip_unavailable' from command line to 'False'
[-1789206574133995520.000s] Level 5:colcon.colcon_core.verb:set package 'webots_ros2_importer' build argument 'cmake_clean_cache' from command line to 'False'
[-1789206574133995520.000s] Level 5:colcon.colcon_core.verb:set package 'webots_ros2_importer' build argument 'cmake_clean_first' from command line to 'False'
[-1789206574133995520.000s] Level 5:colcon.colcon_core.verb:set package 'webots_ros2_importer' build argument 'cmake_force_configure' from command line to 'False'
[-1789206574133995520.000s] Level 5:colcon.colcon_core.verb:set package 'webots_ros2_importer' build argument 'ament_cmake_args' from command line to 'None'
[-1789206574133995520.000s] Level 5:colcon.colcon_core.verb:set package 'webots_ros2_importer' build argument 'catkin_cmake_args' from command line to 'None'
[-1789206574133995520.000s] Level 5:colcon.colcon_core.verb:set package 'webots_ros2_importer' build argument 'catkin_skip_building_tests' from command line to 'False'
[-1789206574133995520.000s] DEBUG:colcon.colcon_core.verb:Building package 'webots_ros2_importer' with the following arguments: {'ament_cmake_args': None, 'build_base': '/home/onur/autonomous_robot/build/webots_ros2_importer', 'catkin_cmake_args': None, 'catkin_skip_building_tests': False, 'cmake_args': None, 'cmake_clean_cache': False, 'cmake_clean_first': False, 'cmake_force_configure': False, 'cmake_target': None, 'cmake_target_skip_unavailable': False, 'install_base': '/home/onur/autonomous_robot/install/webots_ros2_importer', 'merge_install': False, 'path': '/home/onur/autonomous_robot/src/webots_ros2/webots_ros2_importer', 'symlink_install': False, 'test_result_base': None}
[-1789206574133995520.000s] Level 5:colcon.colcon_core.verb:set package 'webots_ros2_msgs' build argument 'cmake_args' from command line to 'None'
[-1789206574133995520.000s] Level 5:colcon.colcon_core.verb:set package 'webots_ros2_msgs' build argument 'cmake_target' from command line to 'None'
[-1789206574133995520.000s] Level 5:colcon.colcon_core.verb:set package 'webots_ros2_msgs' build argument 'cmake_target_skip_unavailable' from command line to 'False'
[-1789206574133995520.000s] Level 5:colcon.colcon_core.verb:set package 'webots_ros2_msgs' build argument 'cmake_clean_cache' from command line to 'False'
[-1789206574133995520.000s] Level 5:colcon.colcon_core.verb:set package 'webots_ros2_msgs' build argument 'cmake_clean_first' from command line to 'False'
[-1789206574133995520.000s] Level 5:colcon.colcon_core.verb:set package 'webots_ros2_msgs' build argument 'cmake_force_configure' from command line to 'False'
[-1789206574133995520.000s] Level 5:colcon.colcon_core.verb:set package 'webots_ros2_msgs' build argument 'ament_cmake_args' from command line to 'None'
[-1789206574133995520.000s] Level 5:colcon.colcon_core.verb:set package 'webots_ros2_msgs' build argument 'catkin_cmake_args' from command line to 'None'
[-1789206574133995520.000s] Level 5:colcon.colcon_core.verb:set package 'webots_ros2_msgs' build argument 'catkin_skip_building_tests' from command line to 'False'
[-1789206574133995520.000s] DEBUG:colcon.colcon_core.verb:Building package 'webots_ros2_msgs' with the following arguments: {'ament_cmake_args': None, 'build_base': '/home/onur/autonomous_robot/build/webots_ros2_msgs', 'catkin_cmake_args': None, 'catkin_skip_building_tests': False, 'cmake_args': None, 'cmake_clean_cache': False, 'cmake_clean_first': False, 'cmake_force_configure': False, 'cmake_target': None, 'cmake_target_skip_unavailable': False, 'install_base': '/home/onur/autonomous_robot/install/webots_ros2_msgs', 'merge_install': False, 'path': '/home/onur/autonomous_robot/src/webots_ros2/webots_ros2_msgs', 'symlink_install': False, 'test_result_base': None}
[-1789206574133995520.000s] Level 5:colcon.colcon_core.verb:set package 'webots_ros2_driver' build argument 'cmake_args' from command line to 'None'
[-1789206574133995520.000s] Level 5:colcon.colcon_core.verb:set package 'webots_ros2_driver' build argument 'cmake_target' from command line to 'None'
[-1789206574133995520.000s] Level 5:colcon.colcon_core.verb:set package 'webots_ros2_driver' build argument 'cmake_target_skip_unavailable' from command line to 'False'
[-1789206574133995520.000s] Level 5:colcon.colcon_core.verb:set package 'webots_ros2_driver' build argument 'cmake_clean_cache' from command line to 'False'
[-1789206574133995520.000s] Level 5:colcon.colcon_core.verb:set package 'webots_ros2_driver' build argument 'cmake_clean_first' from command line to 'False'
[-1789206574133995520.000s] Level 5:colcon.colcon_core.verb:set package 'webots_ros2_driver' build argument 'cmake_force_configure' from command line to 'False'
[-1789206574133995520.000s] Level 5:colcon.colcon_core.verb:set package 'webots_ros2_driver' build argument 'ament_cmake_args' from command line to 'None'
[-1789206574133995520.000s] Level 5:colcon.colcon_core.verb:set package 'webots_ros2_driver' build argument 'catkin_cmake_args' from command line to 'None'
[-1789206574133995520.000s] Level 5:colcon.colcon_core.verb:set package 'webots_ros2_driver' build argument 'catkin_skip_building_tests' from command line to 'False'
[-1789206574133995520.000s] DEBUG:colcon.colcon_core.verb:Building package 'webots_ros2_driver' with the following arguments: {'ament_cmake_args': None, 'build_base': '/home/onur/autonomous_robot/build/webots_ros2_driver', 'catkin_cmake_args': None, 'catkin_skip_building_tests': False, 'cmake_args': None, 'cmake_clean_cache': False, 'cmake_clean_first': False, 'cmake_force_configure': False, 'cmake_target': None, 'cmake_target_skip_unavailable': False, 'install_base': '/home/onur/autonomous_robot/install/webots_ros2_driver', 'merge_install': False, 'path': '/home/onur/autonomous_robot/src/webots_ros2/webots_ros2_driver', 'symlink_install': False, 'test_result_base': None}
[-1789206574133995520.000s] Level 5:colcon.colcon_core.verb:set package 'my_robot_pkg' build argument 'cmake_args' from command line to 'None'
[-1789206574133995520.000s] Level 5:colcon.colcon_core.verb:set package 'my_robot_pkg' build argument 'cmake_target' from command line to 'None'
[-1789206574133995520.000s] Level 5:colcon.colcon_core.verb:set package 'my_robot_pkg' build argument 'cmake_target_skip_unavailable' from command line to 'False'
[-1789206574133995520.000s] Level 5:colcon.colcon_core.verb:set package 'my_robot_pkg' build argument 'cmake_clean_cache' from command line to 'False'
[-1789206574133995520.000s] Level 5:colcon.colcon_core.verb:set package 'my_robot_pkg' build argument 'cmake_clean_first' from command line to 'False'
[-1789206574133995520.000s] Level 5:colcon.colcon_core.verb:set package 'my_robot_pkg' build argument 'cmake_force_configure' from command line to 'False'
[-1789206574133995520.000s] Level 5:colcon.colcon_core.verb:set package 'my_robot_pkg' build argument 'ament_cmake_args' from command line to 'None'
[-1789206574133995520.000s] Level 5:colcon.colcon_core.verb:set package 'my_robot_pkg' build argument 'catkin_cmake_args' from command line to 'None'
[-1789206574133995520.000s] Level 5:colcon.colcon_core.verb:set package 'my_robot_pkg' build argument 'catkin_skip_building_tests' from command line to 'False'
[-1789206574133995520.000s] DEBUG:colcon.colcon_core.verb:Building package 'my_robot_pkg' with the following arguments: {'ament_cmake_args': None, 'build_base': '/home/onur/autonomous_robot/build/my_robot_pkg', 'catkin_cmake_args': None, 'catkin_skip_building_tests': False, 'cmake_args': None, 'cmake_clean_cache': False, 'cmake_clean_first': False, 'cmake_force_configure': False, 'cmake_target': None, 'cmake_target_skip_unavailable': False, 'install_base': '/home/onur/autonomous_robot/install/my_robot_pkg', 'merge_install': False, 'path': '/home/onur/autonomous_robot/src/my_robot_pkg', 'symlink_install': False, 'test_result_base': None}
[-1789206574133995520.000s] Level 5:colcon.colcon_core.verb:set package 'webots_ros2_control' build argument 'cmake_args' from command line to 'None'
[-1789206574133995520.000s] Level 5:colcon.colcon_core.verb:set package 'webots_ros2_control' build argument 'cmake_target' from command line to 'None'
[-1789206574133995520.000s] Level 5:colcon.colcon_core.verb:set package 'webots_ros2_control' build argument 'cmake_target_skip_unavailable' from command line to 'False'
[-1789206574133995520.000s] Level 5:colcon.colcon_core.verb:set package 'webots_ros2_control' build argument 'cmake_clean_cache' from command line to 'False'
[-1789206574133995520.000s] Level 5:colcon.colcon_core.verb:set package 'webots_ros2_control' build argument 'cmake_clean_first' from command line to 'False'
[-1789206574133995520.000s] Level 5:colcon.colcon_core.verb:set package 'webots_ros2_control' build argument 'cmake_force_configure' from command line to 'False'
[-1789206574133995520.000s] Level 5:colcon.colcon_core.verb:set package 'webots_ros2_control' build argument 'ament_cmake_args' from command line to 'None'
[-1789206574133995520.000s] Level 5:colcon.colcon_core.verb:set package 'webots_ros2_control' build argument 'catkin_cmake_args' from command line to 'None'
[-1789206574133995520.000s] Level 5:colcon.colcon_core.verb:set package 'webots_ros2_control' build argument 'catkin_skip_building_tests' from command line to 'False'
[-1789206574133995520.000s] DEBUG:colcon.colcon_core.verb:Building package 'webots_ros2_control' with the following arguments: {'ament_cmake_args': None, 'build_base': '/home/onur/autonomous_robot/build/webots_ros2_control', 'catkin_cmake_args': None, 'catkin_skip_building_tests': False, 'cmake_args': None, 'cmake_clean_cache': False, 'cmake_clean_first': False, 'cmake_force_configure': False, 'cmake_target': None, 'cmake_target_skip_unavailable': False, 'install_base': '/home/onur/autonomous_robot/install/webots_ros2_control', 'merge_install': False, 'path': '/home/onur/autonomous_robot/src/webots_ros2/webots_ros2_control', 'symlink_install': False, 'test_result_base': None}
[-1789206574133995520.000s] Level 5:colcon.colcon_core.verb:set package 'webots_ros2_crazyflie' build argument 'cmake_args' from command line to 'None'
[-1789206574133995520.000s] Level 5:colcon.colcon_core.verb:set package 'webots_ros2_crazyflie' build argument 'cmake_target' from command line to 'None'
[-1789206574133995520.000s] Level 5:colcon.colcon_core.verb:set package 'webots_ros2_crazyflie' build argument 'cmake_target_skip_unavailable' from command line to 'False'
[-1789206574133995520.000s] Level 5:colcon.colcon_core.verb:set package 'webots_ros2_crazyflie' build argument 'cmake_clean_cache' from command line to 'False'
[-1789206574133995520.000s] Level 5:colcon.colcon_core.verb:set package 'webots_ros2_crazyflie' build argument 'cmake_clean_first' from command line to 'False'
[-1789206574133995520.000s] Level 5:colcon.colcon_core.verb:set package 'webots_ros2_crazyflie' build argument 'cmake_force_configure' from command line to 'False'
[-1789206574133995520.000s] Level 5:colcon.colcon_core.verb:set package 'webots_ros2_crazyflie' build argument 'ament_cmake_args' from command line to 'None'
[-1789206574133995520.000s] Level 5:colcon.colcon_core.verb:set package 'webots_ros2_crazyflie' build argument 'catkin_cmake_args' from command line to 'None'
[-1789206574133995520.000s] Level 5:colcon.colcon_core.verb:set package 'webots_ros2_crazyflie' build argument 'catkin_skip_building_tests' from command line to 'False'
[-1789206574133995520.000s] DEBUG:colcon.colcon_core.verb:Building package 'webots_ros2_crazyflie' with the following arguments: {'ament_cmake_args': None, 'build_base': '/home/onur/autonomous_robot/build/webots_ros2_crazyflie', 'catkin_cmake_args': None, 'catkin_skip_building_tests': False, 'cmake_args': None, 'cmake_clean_cache': False, 'cmake_clean_first': False, 'cmake_force_configure': False, 'cmake_target': None, 'cmake_target_skip_unavailable': False, 'install_base': '/home/onur/autonomous_robot/install/webots_ros2_crazyflie', 'merge_install': False, 'path': '/home/onur/autonomous_robot/src/webots_ros2/webots_ros2_crazyflie', 'symlink_install': False, 'test_result_base': None}
[-1789206574133995520.000s] Level 5:colcon.colcon_core.verb:set package 'webots_ros2_mavic' build argument 'cmake_args' from command line to 'None'
[-1789206574133995520.000s] Level 5:colcon.colcon_core.verb:set package 'webots_ros2_mavic' build argument 'cmake_target' from command line to 'None'
[-1789206574133995520.000s] Level 5:colcon.colcon_core.verb:set package 'webots_ros2_mavic' build argument 'cmake_target_skip_unavailable' from command line to 'False'
[-1789206574133995520.000s] Level 5:colcon.colcon_core.verb:set package 'webots_ros2_mavic' build argument 'cmake_clean_cache' from command line to 'False'
[-1789206574133995520.000s] Level 5:colcon.colcon_core.verb:set package 'webots_ros2_mavic' build argument 'cmake_clean_first' from command line to 'False'
[-1789206574133995520.000s] Level 5:colcon.colcon_core.verb:set package 'webots_ros2_mavic' build argument 'cmake_force_configure' from command line to 'False'
[-1789206574133995520.000s] Level 5:colcon.colcon_core.verb:set package 'webots_ros2_mavic' build argument 'ament_cmake_args' from command line to 'None'
[-1789206574133995520.000s] Level 5:colcon.colcon_core.verb:set package 'webots_ros2_mavic' build argument 'catkin_cmake_args' from command line to 'None'
[-1789206574133995520.000s] Level 5:colcon.colcon_core.verb:set package 'webots_ros2_mavic' build argument 'catkin_skip_building_tests' from command line to 'False'
[-1789206574133995520.000s] DEBUG:colcon.colcon_core.verb:Building package 'webots_ros2_mavic' with the following arguments: {'ament_cmake_args': None, 'build_base': '/home/onur/autonomous_robot/build/webots_ros2_mavic', 'catkin_cmake_args': None, 'catkin_skip_building_tests': False, 'cmake_args': None, 'cmake_clean_cache': False, 'cmake_clean_first': False, 'cmake_force_configure': False, 'cmake_target': None, 'cmake_target_skip_unavailable': False, 'install_base': '/home/onur/autonomous_robot/install/webots_ros2_mavic', 'merge_install': False, 'path': '/home/onur/autonomous_robot/src/webots_ros2/webots_ros2_mavic', 'symlink_install': False, 'test_result_base': None}
[-1789206574133995520.000s] Level 5:colcon.colcon_core.verb:set package 'webots_ros2_tesla' build argument 'cmake_args' from command line to 'None'
[-1789206574133995520.000s] Level 5:colcon.colcon_core.verb:set package 'webots_ros2_tesla' build argument 'cmake_target' from command line to 'None'
[-1789206574133995520.000s] Level 5:colcon.colcon_core.verb:set package 'webots_ros2_tesla' build argument 'cmake_target_skip_unavailable' from command line to 'False'
[-1789206574133995520.000s] Level 5:colcon.colcon_core.verb:set package 'webots_ros2_tesla' build argument 'cmake_clean_cache' from command line to 'False'
[-1789206574133995520.000s] Level 5:colcon.colcon_core.verb:set package 'webots_ros2_tesla' build argument 'cmake_clean_first' from command line to 'False'
[-1789206574133995520.000s] Level 5:colcon.colcon_core.verb:set package 'webots_ros2_tesla' build argument 'cmake_force_configure' from command line to 'False'
[-1789206574133995520.000s] Level 5:colcon.colcon_core.verb:set package 'webots_ros2_tesla' build argument 'ament_cmake_args' from command line to 'None'
[-1789206574133995520.000s] Level 5:colcon.colcon_core.verb:set package 'webots_ros2_tesla' build argument 'catkin_cmake_args' from command line to 'None'
[-1789206574133995520.000s] Level 5:colcon.colcon_core.verb:set package 'webots_ros2_tesla' build argument 'catkin_skip_building_tests' from command line to 'False'
[-1789206574133995520.000s] DEBUG:colcon.colcon_core.verb:Building package 'webots_ros2_tesla' with the following arguments: {'ament_cmake_args': None, 'build_base': '/home/onur/autonomous_robot/build/webots_ros2_tesla', 'catkin_cmake_args': None, 'catkin_skip_building_tests': False, 'cmake_args': None, 'cmake_clean_cache': False, 'cmake_clean_first': False, 'cmake_force_configure': False, 'cmake_target': None, 'cmake_target_skip_unavailable': False, 'install_base': '/home/onur/autonomous_robot/install/webots_ros2_tesla', 'merge_install': False, 'path': '/home/onur/autonomous_robot/src/webots_ros2/webots_ros2_tesla', 'symlink_install': False, 'test_result_base': None}
[-1789206574133995520.000s] Level 5:colcon.colcon_core.verb:set package 'webots_ros2_epuck' build argument 'cmake_args' from command line to 'None'
[-1789206574133995520.000s] Level 5:colcon.colcon_core.verb:set package 'webots_ros2_epuck' build argument 'cmake_target' from command line to 'None'
[-1789206574133995520.000s] Level 5:colcon.colcon_core.verb:set package 'webots_ros2_epuck' build argument 'cmake_target_skip_unavailable' from command line to 'False'
[-1789206574133995520.000s] Level 5:colcon.colcon_core.verb:set package 'webots_ros2_epuck' build argument 'cmake_clean_cache' from command line to 'False'
[-1789206574133995520.000s] Level 5:colcon.colcon_core.verb:set package 'webots_ros2_epuck' build argument 'cmake_clean_first' from command line to 'False'
[-1789206574133995520.000s] Level 5:colcon.colcon_core.verb:set package 'webots_ros2_epuck' build argument 'cmake_force_configure' from command line to 'False'
[-1789206574133995520.000s] Level 5:colcon.colcon_core.verb:set package 'webots_ros2_epuck' build argument 'ament_cmake_args' from command line to 'None'
[-1789206574133995520.000s] Level 5:colcon.colcon_core.verb:set package 'webots_ros2_epuck' build argument 'catkin_cmake_args' from command line to 'None'
[-1789206574133995520.000s] Level 5:colcon.colcon_core.verb:set package 'webots_ros2_epuck' build argument 'catkin_skip_building_tests' from command line to 'False'
[-1789206574133995520.000s] DEBUG:colcon.colcon_core.verb:Building package 'webots_ros2_epuck' with the following arguments: {'ament_cmake_args': None, 'build_base': '/home/onur/autonomous_robot/build/webots_ros2_epuck', 'catkin_cmake_args': None, 'catkin_skip_building_tests': False, 'cmake_args': None, 'cmake_clean_cache': False, 'cmake_clean_first': False, 'cmake_force_configure': False, 'cmake_target': None, 'cmake_target_skip_unavailable': False, 'install_base': '/home/onur/autonomous_robot/install/webots_ros2_epuck', 'merge_install': False, 'path': '/home/onur/autonomous_robot/src/webots_ros2/webots_ros2_epuck', 'symlink_install': False, 'test_result_base': None}
[-1789206574133995520.000s] Level 5:colcon.colcon_core.verb:set package 'webots_ros2_husarion' build argument 'cmake_args' from command line to 'None'
[-1789206574133995520.000s] Level 5:colcon.colcon_core.verb:set package 'webots_ros2_husarion' build argument 'cmake_target' from command line to 'None'
[-1789206574133995520.000s] Level 5:colcon.colcon_core.verb:set package 'webots_ros2_husarion' build argument 'cmake_target_skip_unavailable' from command line to 'False'
[-1789206574133995520.000s] Level 5:colcon.colcon_core.verb:set package 'webots_ros2_husarion' build argument 'cmake_clean_cache' from command line to 'False'
[-1789206574133995520.000s] Level 5:colcon.colcon_core.verb:set package 'webots_ros2_husarion' build argument 'cmake_clean_first' from command line to 'False'
[-1789206574133995520.000s] Level 5:colcon.colcon_core.verb:set package 'webots_ros2_husarion' build argument 'cmake_force_configure' from command line to 'False'
[-1789206574133995520.000s] Level 5:colcon.colcon_core.verb:set package 'webots_ros2_husarion' build argument 'ament_cmake_args' from command line to 'None'
[-1789206574133995520.000s] Level 5:colcon.colcon_core.verb:set package 'webots_ros2_husarion' build argument 'catkin_cmake_args' from command line to 'None'
[-1789206574133995520.000s] Level 5:colcon.colcon_core.verb:set package 'webots_ros2_husarion' build argument 'catkin_skip_building_tests' from command line to 'False'
[-1789206574133995520.000s] DEBUG:colcon.colcon_core.verb:Building package 'webots_ros2_husarion' with the following arguments: {'ament_cmake_args': None, 'build_base': '/home/onur/autonomous_robot/build/webots_ros2_husarion', 'catkin_cmake_args': None, 'catkin_skip_building_tests': False, 'cmake_args': None, 'cmake_clean_cache': False, 'cmake_clean_first': False, 'cmake_force_configure': False, 'cmake_target': None, 'cmake_target_skip_unavailable': False, 'install_base': '/home/onur/autonomous_robot/install/webots_ros2_husarion', 'merge_install': False, 'path': '/home/onur/autonomous_robot/src/webots_ros2/webots_ros2_husarion', 'symlink_install': False, 'test_result_base': None}
[-1789206574133995520.000s] Level 5:colcon.colcon_core.verb:set package 'webots_ros2_tiago' build argument 'cmake_args' from command line to 'None'
[-1789206574133995520.000s] Level 5:colcon.colcon_core.verb:set package 'webots_ros2_tiago' build argument 'cmake_target' from command line to 'None'
[-1789206574133995520.000s] Level 5:colcon.colcon_core.verb:set package 'webots_ros2_tiago' build argument 'cmake_target_skip_unavailable' from command line to 'False'
[-1789206574133995520.000s] Level 5:colcon.colcon_core.verb:set package 'webots_ros2_tiago' build argument 'cmake_clean_cache' from command line to 'False'
[-1789206574133995520.000s] Level 5:colcon.colcon_core.verb:set package 'webots_ros2_tiago' build argument 'cmake_clean_first' from command line to 'False'
[-1789206574133995520.000s] Level 5:colcon.colcon_core.verb:set package 'webots_ros2_tiago' build argument 'cmake_force_configure' from command line to 'False'
[-1789206574133995520.000s] Level 5:colcon.colcon_core.verb:set package 'webots_ros2_tiago' build argument 'ament_cmake_args' from command line to 'None'
[-1789206574133995520.000s] Level 5:colcon.colcon_core.verb:set package 'webots_ros2_tiago' build argument 'catkin_cmake_args' from command line to 'None'
[-1789206574133995520.000s] Level 5:colcon.colcon_core.verb:set package 'webots_ros2_tiago' build argument 'catkin_skip_building_tests' from command line to 'False'
[-1789206574133995520.000s] DEBUG:colcon.colcon_core.verb:Building package 'webots_ros2_tiago' with the following arguments: {'ament_cmake_args': None, 'build_base': '/home/onur/autonomous_robot/build/webots_ros2_tiago', 'catkin_cmake_args': None, 'catkin_skip_building_tests': False, 'cmake_args': None, 'cmake_clean_cache': False, 'cmake_clean_first': False, 'cmake_force_configure': False, 'cmake_target': None, 'cmake_target_skip_unavailable': False, 'install_base': '/home/onur/autonomous_robot/install/webots_ros2_tiago', 'merge_install': False, 'path': '/home/onur/autonomous_robot/src/webots_ros2/webots_ros2_tiago', 'symlink_install': False, 'test_result_base': None}
[-1789206574133995520.000s] Level 5:colcon.colcon_core.verb:set package 'webots_ros2_turtlebot' build argument 'cmake_args' from command line to 'None'
[-1789206574133995520.000s] Level 5:colcon.colcon_core.verb:set package 'webots_ros2_turtlebot' build argument 'cmake_target' from command line to 'None'
[-1789206574133995520.000s] Level 5:colcon.colcon_core.verb:set package 'webots_ros2_turtlebot' build argument 'cmake_target_skip_unavailable' from command line to 'False'
[-1789206574133995520.000s] Level 5:colcon.colcon_core.verb:set package 'webots_ros2_turtlebot' build argument 'cmake_clean_cache' from command line to 'False'
[-1789206574133995520.000s] Level 5:colcon.colcon_core.verb:set package 'webots_ros2_turtlebot' build argument 'cmake_clean_first' from command line to 'False'
[-1789206574133995520.000s] Level 5:colcon.colcon_core.verb:set package 'webots_ros2_turtlebot' build argument 'cmake_force_configure' from command line to 'False'
[-1789206574133995520.000s] Level 5:colcon.colcon_core.verb:set package 'webots_ros2_turtlebot' build argument 'ament_cmake_args' from command line to 'None'
[-1789206574133995520.000s] Level 5:colcon.colcon_core.verb:set package 'webots_ros2_turtlebot' build argument 'catkin_cmake_args' from command line to 'None'
[-1789206574133995520.000s] Level 5:colcon.colcon_core.verb:set package 'webots_ros2_turtlebot' build argument 'catkin_skip_building_tests' from command line to 'False'
[-1789206574133995520.000s] DEBUG:colcon.colcon_core.verb:Building package 'webots_ros2_turtlebot' with the following arguments: {'ament_cmake_args': None, 'build_base': '/home/onur/autonomous_robot/build/webots_ros2_turtlebot', 'catkin_cmake_args': None, 'catkin_skip_building_tests': False, 'cmake_args': None, 'cmake_clean_cache': False, 'cmake_clean_first': False, 'cmake_force_configure': False, 'cmake_target': None, 'cmake_target_skip_unavailable': False, 'install_base': '/home/onur/autonomous_robot/install/webots_ros2_turtlebot', 'merge_install': False, 'path': '/home/onur/autonomous_robot/src/webots_ros2/webots_ros2_turtlebot', 'symlink_install': False, 'test_result_base': None}
[-1789206574133995520.000s] Level 5:colcon.colcon_core.verb:set package 'webots_ros2_universal_robot' build argument 'cmake_args' from command line to 'None'
[-1789206574133995520.000s] Level 5:colcon.colcon_core.verb:set package 'webots_ros2_universal_robot' build argument 'cmake_target' from command line to 'None'
[-1789206574133995520.000s] Level 5:colcon.colcon_core.verb:set package 'webots_ros2_universal_robot' build argument 'cmake_target_skip_unavailable' from command line to 'False'
[-1789206574133995520.000s] Level 5:colcon.colcon_core.verb:set package 'webots_ros2_universal_robot' build argument 'cmake_clean_cache' from command line to 'False'
[-1789206574133995520.000s] Level 5:colcon.colcon_core.verb:set package 'webots_ros2_universal_robot' build argument 'cmake_clean_first' from command line to 'False'
[-1789206574133995520.000s] Level 5:colcon.colcon_core.verb:set package 'webots_ros2_universal_robot' build argument 'cmake_force_configure' from command line to 'False'
[-1789206574133995520.000s] Level 5:colcon.colcon_core.verb:set package 'webots_ros2_universal_robot' build argument 'ament_cmake_args' from command line to 'None'
[-1789206574133995520.000s] Level 5:colcon.colcon_core.verb:set package 'webots_ros2_universal_robot' build argument 'catkin_cmake_args' from command line to 'None'
[-1789206574133995520.000s] Level 5:colcon.colcon_core.verb:set package 'webots_ros2_universal_robot' build argument 'catkin_skip_building_tests' from command line to 'False'
[-1789206574133995520.000s] DEBUG:colcon.colcon_core.verb:Building package 'webots_ros2_universal_robot' with the following arguments: {'ament_cmake_args': None, 'build_base': '/home/onur/autonomous_robot/build/webots_ros2_universal_robot', 'catkin_cmake_args': None, 'catkin_skip_building_tests': False, 'cmake_args': None, 'cmake_clean_cache': False, 'cmake_clean_first': False, 'cmake_force_configure': False, 'cmake_target': None, 'cmake_target_skip_unavailable': False, 'install_base': '/home/onur/autonomous_robot/install/webots_ros2_universal_robot', 'merge_install': False, 'path': '/home/onur/autonomous_robot/src/webots_ros2/webots_ros2_universal_robot', 'symlink_install': False, 'test_result_base': None}
[-1789206574133995520.000s] Level 5:colcon.colcon_core.verb:set package 'webots_ros2_tests' build argument 'cmake_args' from command line to 'None'
[-1789206574133995520.000s] Level 5:colcon.colcon_core.verb:set package 'webots_ros2_tests' build argument 'cmake_target' from command line to 'None'
[-1789206574133995520.000s] Level 5:colcon.colcon_core.verb:set package 'webots_ros2_tests' build argument 'cmake_target_skip_unavailable' from command line to 'False'
[-1789206574133995520.000s] Level 5:colcon.colcon_core.verb:set package 'webots_ros2_tests' build argument 'cmake_clean_cache' from command line to 'False'
[-1789206574133995520.000s] Level 5:colcon.colcon_core.verb:set package 'webots_ros2_tests' build argument 'cmake_clean_first' from command line to 'False'
[-1789206574133995520.000s] Level 5:colcon.colcon_core.verb:set package 'webots_ros2_tests' build argument 'cmake_force_configure' from command line to 'False'
[-1789206574133995520.000s] Level 5:colcon.colcon_core.verb:set package 'webots_ros2_tests' build argument 'ament_cmake_args' from command line to 'None'
[-1789206574133995520.000s] Level 5:colcon.colcon_core.verb:set package 'webots_ros2_tests' build argument 'catkin_cmake_args' from command line to 'None'
[-1789206574133995520.000s] Level 5:colcon.colcon_core.verb:set package 'webots_ros2_tests' build argument 'catkin_skip_building_tests' from command line to 'False'
[-1789206574133995520.000s] DEBUG:colcon.colcon_core.verb:Building package 'webots_ros2_tests' with the following arguments: {'ament_cmake_args': None, 'build_base': '/home/onur/autonomous_robot/build/webots_ros2_tests', 'catkin_cmake_args': None, 'catkin_skip_building_tests': False, 'cmake_args': None, 'cmake_clean_cache': False, 'cmake_clean_first': False, 'cmake_force_configure': False, 'cmake_target': None, 'cmake_target_skip_unavailable': False, 'install_base': '/home/onur/autonomous_robot/install/webots_ros2_tests', 'merge_install': False, 'path': '/home/onur/autonomous_robot/src/webots_ros2/webots_ros2_tests', 'symlink_install': False, 'test_result_base': None}
[-1789206574133995520.000s] Level 5:colcon.colcon_core.verb:set package 'webots_ros2' build argument 'cmake_args' from command line to 'None'
[-1789206574133995520.000s] Level 5:colcon.colcon_core.verb:set package 'webots_ros2' build argument 'cmake_target' from command line to 'None'
[-1789206574133995520.000s] Level 5:colcon.colcon_core.verb:set package 'webots_ros2' build argument 'cmake_target_skip_unavailable' from command line to 'False'
[-1789206574133995520.000s] Level 5:colcon.colcon_core.verb:set package 'webots_ros2' build argument 'cmake_clean_cache' from command line to 'False'
[-1789206574133995520.000s] Level 5:colcon.colcon_core.verb:set package 'webots_ros2' build argument 'cmake_clean_first' from command line to 'False'
[-1789206574133995520.000s] Level 5:colcon.colcon_core.verb:set package 'webots_ros2' build argument 'cmake_force_configure' from command line to 'False'
[-1789206574133995520.000s] Level 5:colcon.colcon_core.verb:set package 'webots_ros2' build argument 'ament_cmake_args' from command line to 'None'
[-1789206574133995520.000s] Level 5:colcon.colcon_core.verb:set package 'webots_ros2' build argument 'catkin_cmake_args' from command line to 'None'
[-1789206574133995520.000s] Level 5:colcon.colcon_core.verb:set package 'webots_ros2' build argument 'catkin_skip_building_tests' from command line to 'False'
[-1789206574133995520.000s] DEBUG:colcon.colcon_core.verb:Building package 'webots_ros2' with the following arguments: {'ament_cmake_args': None, 'build_base': '/home/onur/autonomous_robot/build/webots_ros2', 'catkin_cmake_args': None, 'catkin_skip_building_tests': False, 'cmake_args': None, 'cmake_clean_cache': False, 'cmake_clean_first': False, 'cmake_force_configure': False, 'cmake_target': None, 'cmake_target_skip_unavailable': False, 'install_base': '/home/onur/autonomous_robot/install/webots_ros2', 'merge_install': False, 'path': '/home/onur/autonomous_robot/src/webots_ros2/webots_ros2', 'symlink_install': False, 'test_result_base': None}
[-1789206574133995520.000s] INFO:colcon.colcon_core.executor:Executing jobs using 'parallel' executor
[-1789206574133995520.000s] DEBUG:colcon.colcon_parallel_executor.executor.parallel:run_until_complete
[-1789206574133995520.000s] INFO:colcon.colcon_ros.task.ament_python.build:Building ROS package in '/home/onur/autonomous_robot/src/webots_ros2/webots_ros2_importer' with build type 'ament_python'
[-1789206574133995520.000s] Level 1:colcon.colcon_core.shell:create_environment_hook('webots_ros2_importer', 'ament_prefix_path')
[-1789206574133995520.000s] INFO:colcon.colcon_core.plugin_system:Skipping extension 'colcon_core.shell.bat': Not used on non-Windows systems
[-1789206574133995520.000s] INFO:colcon.colcon_core.shell:Creating environment hook '/home/onur/autonomous_robot/install/webots_ros2_importer/share/webots_ros2_importer/hook/ament_prefix_path.ps1'
[-1789206574133995520.000s] INFO:colcon.colcon_core.shell:Creating environment descriptor '/home/onur/autonomous_robot/install/webots_ros2_importer/share/webots_ros2_importer/hook/ament_prefix_path.dsv'
[-1789206574133995520.000s] INFO:colcon.colcon_core.shell:Creating environment hook '/home/onur/autonomous_robot/install/webots_ros2_importer/share/webots_ros2_importer/hook/ament_prefix_path.sh'
[-1789206574133995520.000s] INFO:colcon.colcon_core.shell:Skip shell extension 'powershell' for command environment: Not usable outside of PowerShell
[-1789206574133995520.000s] DEBUG:colcon.colcon_core.shell:Skip shell extension 'dsv' for command environment
[-1789206574133995520.000s] INFO:colcon.colcon_ros.task.ament_cmake.build:Building ROS package in '/home/onur/autonomous_robot/src/webots_ros2/webots_ros2_msgs' with build type 'ament_cmake'
[-1789206574133995520.000s] INFO:colcon.colcon_cmake.task.cmake.build:Building CMake package in '/home/onur/autonomous_robot/src/webots_ros2/webots_ros2_msgs'
[-1789206574133995520.000s] INFO:colcon.colcon_core.shell:Skip shell extension 'powershell' for command environment: Not usable outside of PowerShell
[-1789206574133995520.000s] DEBUG:colcon.colcon_core.shell:Skip shell extension 'dsv' for command environment
[-1789206574133995520.000s] INFO:colcon.colcon_core.task.python.build:Building Python package in '/home/onur/autonomous_robot/src/webots_ros2/webots_ros2_importer'
[-1789206574133995520.000s] INFO:colcon.colcon_core.shell:Skip shell extension 'powershell' for command environment: Not usable outside of PowerShell
[-1789206574133995520.000s] DEBUG:colcon.colcon_core.shell:Skip shell extension 'dsv' for command environment
[-1789206574133995520.000s] DEBUG:colcon.colcon_core.event_handler.log_command:Invoking command in '/home/onur/autonomous_robot/build/webots_ros2_msgs': CMAKE_PREFIX_PATH=${CMAKE_PREFIX_PATH}:/opt/ros/lyrical DEBUGINFOD_URLS=https://debuginfod.ubuntu.com /usr/bin/cmake --build /home/onur/autonomous_robot/build/webots_ros2_msgs -- -j16 -l16
[-1789206574133995520.000s] DEBUG:colcon.colcon_core.task.python.build:Available setuptools commands: compile_catalog, build_py, sdist, install_lib, egg_info, setopt, check, easy_install, install, bdist_dumb, install_headers, bdist_egg, clean, saveopts, editable_wheel, symlink_data, dist_info, build_scripts, build_clib, install_egg_info, install_scripts, install_data, bdist_rpm, bdist, bdist_wheel, develop, build, init_catalog, update_catalog, build_ext, rotate, alias, extract_messages
[-1789206574133995520.000s] DEBUG:colcon.colcon_core.event_handler.log_command:Invoking command in '/home/onur/autonomous_robot/src/webots_ros2/webots_ros2_importer': DEBUGINFOD_URLS=https://debuginfod.ubuntu.com PYTHONPATH=/home/onur/autonomous_robot/build/webots_ros2_importer/prefix_override:/usr/lib/python3/dist-packages/colcon_core/task/python/colcon_distutils_commands:/home/onur/autonomous_robot/install/webots_ros2_importer/lib/python3.14/site-packages:${PYTHONPATH} /usr/bin/python3 -W ignore:setup.py install is deprecated -W ignore:easy_install command is deprecated setup.py egg_info --egg-base ../../../build/webots_ros2_importer build --build-base /home/onur/autonomous_robot/build/webots_ros2_importer/build install --record /home/onur/autonomous_robot/build/webots_ros2_importer/install.log --install-scripts $base/lib/webots_ros2_importer --single-version-externally-managed install_data
[-1789206574133995520.000s] DEBUG:colcon.colcon_core.event_handler.log_command:Invoked command in '/home/onur/autonomous_robot/src/webots_ros2/webots_ros2_importer' returned '0': DEBUGINFOD_URLS=https://debuginfod.ubuntu.com PYTHONPATH=/home/onur/autonomous_robot/build/webots_ros2_importer/prefix_override:/usr/lib/python3/dist-packages/colcon_core/task/python/colcon_distutils_commands:/home/onur/autonomous_robot/install/webots_ros2_importer/lib/python3.14/site-packages:${PYTHONPATH} /usr/bin/python3 -W ignore:setup.py install is deprecated -W ignore:easy_install command is deprecated setup.py egg_info --egg-base ../../../build/webots_ros2_importer build --build-base /home/onur/autonomous_robot/build/webots_ros2_importer/build install --record /home/onur/autonomous_robot/build/webots_ros2_importer/install.log --install-scripts $base/lib/webots_ros2_importer --single-version-externally-managed install_data
[-1789206574133995520.000s] Level 1:colcon.colcon_core.environment:checking '/home/onur/autonomous_robot/install/webots_ros2_importer' for CMake module files
[-1789206574133995520.000s] Level 1:colcon.colcon_core.environment:checking '/home/onur/autonomous_robot/install/webots_ros2_importer' for CMake config files
[-1789206574133995520.000s] Level 1:colcon.colcon_core.environment:checking '/home/onur/autonomous_robot/install/webots_ros2_importer/lib'
[-1789206574133995520.000s] Level 1:colcon.colcon_core.environment:checking '/home/onur/autonomous_robot/install/webots_ros2_importer/bin'
[-1789206574133995520.000s] Level 1:colcon.colcon_core.environment:checking '/home/onur/autonomous_robot/install/webots_ros2_importer/lib/pkgconfig/webots_ros2_importer.pc'
[-1789206574133995520.000s] Level 1:colcon.colcon_core.environment:checking '/home/onur/autonomous_robot/install/webots_ros2_importer/lib/python3.14/site-packages'
[-1789206574133995520.000s] Level 1:colcon.colcon_core.shell:create_environment_hook('webots_ros2_importer', 'pythonpath')
[-1789206574133995520.000s] INFO:colcon.colcon_core.shell:Creating environment hook '/home/onur/autonomous_robot/install/webots_ros2_importer/share/webots_ros2_importer/hook/pythonpath.ps1'
[-1789206574133995520.000s] INFO:colcon.colcon_core.shell:Creating environment descriptor '/home/onur/autonomous_robot/install/webots_ros2_importer/share/webots_ros2_importer/hook/pythonpath.dsv'
[-1789206574133995520.000s] INFO:colcon.colcon_core.shell:Creating environment hook '/home/onur/autonomous_robot/install/webots_ros2_importer/share/webots_ros2_importer/hook/pythonpath.sh'
[-1789206574133995520.000s] Level 1:colcon.colcon_core.environment:checking '/home/onur/autonomous_robot/install/webots_ros2_importer/bin'
[-1789206574133995520.000s] Level 1:colcon.colcon_core.environment:create_environment_scripts_only(webots_ros2_importer)
[-1789206574133995520.000s] INFO:colcon.colcon_core.shell:Creating package script '/home/onur/autonomous_robot/install/webots_ros2_importer/share/webots_ros2_importer/package.ps1'
[-1789206574133995520.000s] INFO:colcon.colcon_core.shell:Creating package descriptor '/home/onur/autonomous_robot/install/webots_ros2_importer/share/webots_ros2_importer/package.dsv'
[-1789206574133995520.000s] INFO:colcon.colcon_core.shell:Creating package script '/home/onur/autonomous_robot/install/webots_ros2_importer/share/webots_ros2_importer/package.sh'
[-1789206574133995520.000s] INFO:colcon.colcon_core.shell:Creating package script '/home/onur/autonomous_robot/install/webots_ros2_importer/share/webots_ros2_importer/package.bash'
[-1789206574133995520.000s] INFO:colcon.colcon_core.shell:Creating package script '/home/onur/autonomous_robot/install/webots_ros2_importer/share/webots_ros2_importer/package.zsh'
[-1789206574133995520.000s] Level 1:colcon.colcon_core.environment:create_file_with_runtime_dependencies(/home/onur/autonomous_robot/install/webots_ros2_importer/share/colcon-core/packages/webots_ros2_importer)
[-1789206574133995520.000s] DEBUG:colcon.colcon_core.event_handler.log_command:Invoked command in '/home/onur/autonomous_robot/build/webots_ros2_msgs' returned '0': CMAKE_PREFIX_PATH=${CMAKE_PREFIX_PATH}:/opt/ros/lyrical DEBUGINFOD_URLS=https://debuginfod.ubuntu.com /usr/bin/cmake --build /home/onur/autonomous_robot/build/webots_ros2_msgs -- -j16 -l16
[-1789206574133995520.000s] DEBUG:colcon.colcon_core.event_handler.log_command:Invoking command in '/home/onur/autonomous_robot/build/webots_ros2_msgs': CMAKE_PREFIX_PATH=${CMAKE_PREFIX_PATH}:/opt/ros/lyrical DEBUGINFOD_URLS=https://debuginfod.ubuntu.com /usr/bin/cmake --install /home/onur/autonomous_robot/build/webots_ros2_msgs
[-1789206574133995520.000s] Level 1:colcon.colcon_core.environment:create_environment_scripts_only(webots_ros2_msgs)
[-1789206574133995520.000s] Level 1:colcon.colcon_core.environment:checking '/home/onur/autonomous_robot/install/webots_ros2_msgs' for CMake module files
[-1789206574133995520.000s] DEBUG:colcon.colcon_core.event_handler.log_command:Invoked command in '/home/onur/autonomous_robot/build/webots_ros2_msgs' returned '0': CMAKE_PREFIX_PATH=${CMAKE_PREFIX_PATH}:/opt/ros/lyrical DEBUGINFOD_URLS=https://debuginfod.ubuntu.com /usr/bin/cmake --install /home/onur/autonomous_robot/build/webots_ros2_msgs
[-1789206574133995520.000s] Level 1:colcon.colcon_core.environment:checking '/home/onur/autonomous_robot/install/webots_ros2_msgs' for CMake config files
[-1789206574133995520.000s] Level 1:colcon.colcon_core.shell:create_environment_hook('webots_ros2_msgs', 'cmake_prefix_path')
[-1789206574133995520.000s] INFO:colcon.colcon_core.shell:Creating environment hook '/home/onur/autonomous_robot/install/webots_ros2_msgs/share/webots_ros2_msgs/hook/cmake_prefix_path.ps1'
[-1789206574133995520.000s] INFO:colcon.colcon_core.shell:Creating environment descriptor '/home/onur/autonomous_robot/install/webots_ros2_msgs/share/webots_ros2_msgs/hook/cmake_prefix_path.dsv'
[-1789206574133995520.000s] INFO:colcon.colcon_core.shell:Creating environment hook '/home/onur/autonomous_robot/install/webots_ros2_msgs/share/webots_ros2_msgs/hook/cmake_prefix_path.sh'
[-1789206574133995520.000s] Level 1:colcon.colcon_core.environment:checking '/home/onur/autonomous_robot/install/webots_ros2_msgs/lib'
[-1789206574133995520.000s] Level 1:colcon.colcon_core.shell:create_environment_hook('webots_ros2_msgs', 'ld_library_path_lib')
[-1789206574133995520.000s] INFO:colcon.colcon_core.shell:Creating environment hook '/home/onur/autonomous_robot/install/webots_ros2_msgs/share/webots_ros2_msgs/hook/ld_library_path_lib.ps1'
[-1789206574133995520.000s] INFO:colcon.colcon_core.shell:Creating environment descriptor '/home/onur/autonomous_robot/install/webots_ros2_msgs/share/webots_ros2_msgs/hook/ld_library_path_lib.dsv'
[-1789206574133995520.000s] INFO:colcon.colcon_core.shell:Creating environment hook '/home/onur/autonomous_robot/install/webots_ros2_msgs/share/webots_ros2_msgs/hook/ld_library_path_lib.sh'
[-1789206574133995520.000s] Level 1:colcon.colcon_core.environment:checking '/home/onur/autonomous_robot/install/webots_ros2_msgs/bin'
[-1789206574133995520.000s] Level 1:colcon.colcon_core.environment:checking '/home/onur/autonomous_robot/install/webots_ros2_msgs/lib/pkgconfig/webots_ros2_msgs.pc'
[-1789206574133995520.000s] Level 1:colcon.colcon_core.environment:checking '/home/onur/autonomous_robot/install/webots_ros2_msgs/lib/python3.14/site-packages'
[-1789206574133995520.000s] Level 1:colcon.colcon_core.shell:create_environment_hook('webots_ros2_msgs', 'pythonpath')
[-1789206574133995520.000s] INFO:colcon.colcon_core.shell:Creating environment hook '/home/onur/autonomous_robot/install/webots_ros2_msgs/share/webots_ros2_msgs/hook/pythonpath.ps1'
[-1789206574133995520.000s] INFO:colcon.colcon_core.shell:Creating environment descriptor '/home/onur/autonomous_robot/install/webots_ros2_msgs/share/webots_ros2_msgs/hook/pythonpath.dsv'
[-1789206574133995520.000s] INFO:colcon.colcon_core.shell:Creating environment hook '/home/onur/autonomous_robot/install/webots_ros2_msgs/share/webots_ros2_msgs/hook/pythonpath.sh'
[-1789206574133995520.000s] Level 1:colcon.colcon_core.environment:checking '/home/onur/autonomous_robot/install/webots_ros2_msgs/bin'
[-1789206574133995520.000s] INFO:colcon.colcon_core.shell:Creating package script '/home/onur/autonomous_robot/install/webots_ros2_msgs/share/webots_ros2_msgs/package.ps1'
[-1789206574133995520.000s] INFO:colcon.colcon_core.shell:Creating package descriptor '/home/onur/autonomous_robot/install/webots_ros2_msgs/share/webots_ros2_msgs/package.dsv'
[-1789206574133995520.000s] INFO:colcon.colcon_core.shell:Creating package script '/home/onur/autonomous_robot/install/webots_ros2_msgs/share/webots_ros2_msgs/package.sh'
[-1789206574133995520.000s] INFO:colcon.colcon_core.shell:Creating package script '/home/onur/autonomous_robot/install/webots_ros2_msgs/share/webots_ros2_msgs/package.bash'
[-1789206574133995520.000s] INFO:colcon.colcon_core.shell:Creating package script '/home/onur/autonomous_robot/install/webots_ros2_msgs/share/webots_ros2_msgs/package.zsh'
[-1789206574133995520.000s] Level 1:colcon.colcon_core.environment:create_file_with_runtime_dependencies(/home/onur/autonomous_robot/install/webots_ros2_msgs/share/colcon-core/packages/webots_ros2_msgs)
[-1789206574133995520.000s] Level 1:colcon.colcon_core.environment:create_environment_scripts_only(webots_ros2_msgs)
[-1789206574133995520.000s] Level 1:colcon.colcon_core.environment:checking '/home/onur/autonomous_robot/install/webots_ros2_msgs' for CMake module files
[-1789206574133995520.000s] Level 1:colcon.colcon_core.environment:checking '/home/onur/autonomous_robot/install/webots_ros2_msgs' for CMake config files
[-1789206574133995520.000s] Level 1:colcon.colcon_core.shell:create_environment_hook('webots_ros2_msgs', 'cmake_prefix_path')
[-1789206574133995520.000s] INFO:colcon.colcon_core.shell:Creating environment hook '/home/onur/autonomous_robot/install/webots_ros2_msgs/share/webots_ros2_msgs/hook/cmake_prefix_path.ps1'
[-1789206574133995520.000s] INFO:colcon.colcon_core.shell:Creating environment descriptor '/home/onur/autonomous_robot/install/webots_ros2_msgs/share/webots_ros2_msgs/hook/cmake_prefix_path.dsv'
[-1789206574133995520.000s] INFO:colcon.colcon_core.shell:Creating environment hook '/home/onur/autonomous_robot/install/webots_ros2_msgs/share/webots_ros2_msgs/hook/cmake_prefix_path.sh'
[-1789206574133995520.000s] Level 1:colcon.colcon_core.environment:checking '/home/onur/autonomous_robot/install/webots_ros2_msgs/lib'
[-1789206574133995520.000s] Level 1:colcon.colcon_core.shell:create_environment_hook('webots_ros2_msgs', 'ld_library_path_lib')
[-1789206574133995520.000s] INFO:colcon.colcon_core.shell:Creating environment hook '/home/onur/autonomous_robot/install/webots_ros2_msgs/share/webots_ros2_msgs/hook/ld_library_path_lib.ps1'
[-1789206574133995520.000s] INFO:colcon.colcon_core.shell:Creating environment descriptor '/home/onur/autonomous_robot/install/webots_ros2_msgs/share/webots_ros2_msgs/hook/ld_library_path_lib.dsv'
[-1789206574133995520.000s] INFO:colcon.colcon_core.shell:Creating environment hook '/home/onur/autonomous_robot/install/webots_ros2_msgs/share/webots_ros2_msgs/hook/ld_library_path_lib.sh'
[-1789206574133995520.000s] Level 1:colcon.colcon_core.environment:checking '/home/onur/autonomous_robot/install/webots_ros2_msgs/bin'
[-1789206574133995520.000s] Level 1:colcon.colcon_core.environment:checking '/home/onur/autonomous_robot/install/webots_ros2_msgs/lib/pkgconfig/webots_ros2_msgs.pc'
[-1789206574133995520.000s] Level 1:colcon.colcon_core.environment:checking '/home/onur/autonomous_robot/install/webots_ros2_msgs/lib/python3.14/site-packages'
[-1789206574133995520.000s] Level 1:colcon.colcon_core.shell:create_environment_hook('webots_ros2_msgs', 'pythonpath')
[-1789206574133995520.000s] INFO:colcon.colcon_core.shell:Creating environment hook '/home/onur/autonomous_robot/install/webots_ros2_msgs/share/webots_ros2_msgs/hook/pythonpath.ps1'
[-1789206574133995520.000s] INFO:colcon.colcon_core.shell:Creating environment descriptor '/home/onur/autonomous_robot/install/webots_ros2_msgs/share/webots_ros2_msgs/hook/pythonpath.dsv'
[-1789206574133995520.000s] INFO:colcon.colcon_core.shell:Creating environment hook '/home/onur/autonomous_robot/install/webots_ros2_msgs/share/webots_ros2_msgs/hook/pythonpath.sh'
[-1789206574133995520.000s] Level 1:colcon.colcon_core.environment:checking '/home/onur/autonomous_robot/install/webots_ros2_msgs/bin'
[-1789206574133995520.000s] INFO:colcon.colcon_core.shell:Creating package script '/home/onur/autonomous_robot/install/webots_ros2_msgs/share/webots_ros2_msgs/package.ps1'
[-1789206574133995520.000s] INFO:colcon.colcon_core.shell:Creating package descriptor '/home/onur/autonomous_robot/install/webots_ros2_msgs/share/webots_ros2_msgs/package.dsv'
[-1789206574133995520.000s] INFO:colcon.colcon_core.shell:Creating package script '/home/onur/autonomous_robot/install/webots_ros2_msgs/share/webots_ros2_msgs/package.sh'
[-1789206574133995520.000s] INFO:colcon.colcon_core.shell:Creating package script '/home/onur/autonomous_robot/install/webots_ros2_msgs/share/webots_ros2_msgs/package.bash'
[-1789206574133995520.000s] INFO:colcon.colcon_core.shell:Creating package script '/home/onur/autonomous_robot/install/webots_ros2_msgs/share/webots_ros2_msgs/package.zsh'
[-1789206574133995520.000s] Level 1:colcon.colcon_core.environment:create_file_with_runtime_dependencies(/home/onur/autonomous_robot/install/webots_ros2_msgs/share/colcon-core/packages/webots_ros2_msgs)
[-1789206574133995520.000s] INFO:colcon.colcon_ros.task.ament_cmake.build:Building ROS package in '/home/onur/autonomous_robot/src/webots_ros2/webots_ros2_driver' with build type 'ament_cmake'
[-1789206574133995520.000s] INFO:colcon.colcon_cmake.task.cmake.build:Building CMake package in '/home/onur/autonomous_robot/src/webots_ros2/webots_ros2_driver'
[-1789206574133995520.000s] INFO:colcon.colcon_core.shell:Skip shell extension 'powershell' for command environment: Not usable outside of PowerShell
[-1789206574133995520.000s] DEBUG:colcon.colcon_core.shell:Skip shell extension 'dsv' for command environment
[-1789206574133995520.000s] DEBUG:colcon.colcon_core.event_handler.log_command:Invoking command in '/home/onur/autonomous_robot/build/webots_ros2_driver': AMENT_PREFIX_PATH=/home/onur/autonomous_robot/install/webots_ros2_msgs:/home/onur/autonomous_robot/install/webots_ros2_importer:${AMENT_PREFIX_PATH} CMAKE_PREFIX_PATH=/home/onur/autonomous_robot/install/webots_ros2_msgs:/opt/ros/lyrical/opt/sdformat_vendor:/opt/ros/lyrical/opt/gz_tools_vendor:/opt/ros/lyrical/opt/gz_math_vendor:/opt/ros/lyrical/opt/gz_utils_vendor:/opt/ros/lyrical/opt/gz_cmake_vendor:/opt/ros/lyrical DEBUGINFOD_URLS=https://debuginfod.ubuntu.com LD_LIBRARY_PATH=/home/onur/autonomous_robot/install/webots_ros2_msgs/lib:${LD_LIBRARY_PATH} PYTHONPATH=/home/onur/autonomous_robot/install/webots_ros2_msgs/lib/python3.14/site-packages:/home/onur/autonomous_robot/install/webots_ros2_importer/lib/python3.14/site-packages:${PYTHONPATH} /usr/bin/cmake /home/onur/autonomous_robot/src/webots_ros2/webots_ros2_driver -DCMAKE_INSTALL_PREFIX=/home/onur/autonomous_robot/install/webots_ros2_driver
[-1789206574133995520.000s] DEBUG:colcon.colcon_core.event_handler.log_command:Invoked command in '/home/onur/autonomous_robot/build/webots_ros2_driver' returned '0': AMENT_PREFIX_PATH=/home/onur/autonomous_robot/install/webots_ros2_msgs:/home/onur/autonomous_robot/install/webots_ros2_importer:${AMENT_PREFIX_PATH} CMAKE_PREFIX_PATH=/home/onur/autonomous_robot/install/webots_ros2_msgs:/opt/ros/lyrical/opt/sdformat_vendor:/opt/ros/lyrical/opt/gz_tools_vendor:/opt/ros/lyrical/opt/gz_math_vendor:/opt/ros/lyrical/opt/gz_utils_vendor:/opt/ros/lyrical/opt/gz_cmake_vendor:/opt/ros/lyrical DEBUGINFOD_URLS=https://debuginfod.ubuntu.com LD_LIBRARY_PATH=/home/onur/autonomous_robot/install/webots_ros2_msgs/lib:${LD_LIBRARY_PATH} PYTHONPATH=/home/onur/autonomous_robot/install/webots_ros2_msgs/lib/python3.14/site-packages:/home/onur/autonomous_robot/install/webots_ros2_importer/lib/python3.14/site-packages:${PYTHONPATH} /usr/bin/cmake /home/onur/autonomous_robot/src/webots_ros2/webots_ros2_driver -DCMAKE_INSTALL_PREFIX=/home/onur/autonomous_robot/install/webots_ros2_driver
[-1789206574133995520.000s] DEBUG:colcon.colcon_core.event_handler.log_command:Invoking command in '/home/onur/autonomous_robot/build/webots_ros2_driver': AMENT_PREFIX_PATH=/home/onur/autonomous_robot/install/webots_ros2_msgs:/home/onur/autonomous_robot/install/webots_ros2_importer:${AMENT_PREFIX_PATH} CMAKE_PREFIX_PATH=/home/onur/autonomous_robot/install/webots_ros2_msgs:/opt/ros/lyrical/opt/sdformat_vendor:/opt/ros/lyrical/opt/gz_tools_vendor:/opt/ros/lyrical/opt/gz_math_vendor:/opt/ros/lyrical/opt/gz_utils_vendor:/opt/ros/lyrical/opt/gz_cmake_vendor:/opt/ros/lyrical DEBUGINFOD_URLS=https://debuginfod.ubuntu.com LD_LIBRARY_PATH=/home/onur/autonomous_robot/install/webots_ros2_msgs/lib:${LD_LIBRARY_PATH} PYTHONPATH=/home/onur/autonomous_robot/install/webots_ros2_msgs/lib/python3.14/site-packages:/home/onur/autonomous_robot/install/webots_ros2_importer/lib/python3.14/site-packages:${PYTHONPATH} /usr/bin/cmake --build /home/onur/autonomous_robot/build/webots_ros2_driver -- -j16 -l16
[-1789206574133995520.000s] DEBUG:colcon.colcon_core.event_handler.log_command:Invoked command in '/home/onur/autonomous_robot/build/webots_ros2_driver' returned '0': AMENT_PREFIX_PATH=/home/onur/autonomous_robot/install/webots_ros2_msgs:/home/onur/autonomous_robot/install/webots_ros2_importer:${AMENT_PREFIX_PATH} CMAKE_PREFIX_PATH=/home/onur/autonomous_robot/install/webots_ros2_msgs:/opt/ros/lyrical/opt/sdformat_vendor:/opt/ros/lyrical/opt/gz_tools_vendor:/opt/ros/lyrical/opt/gz_math_vendor:/opt/ros/lyrical/opt/gz_utils_vendor:/opt/ros/lyrical/opt/gz_cmake_vendor:/opt/ros/lyrical DEBUGINFOD_URLS=https://debuginfod.ubuntu.com LD_LIBRARY_PATH=/home/onur/autonomous_robot/install/webots_ros2_msgs/lib:${LD_LIBRARY_PATH} PYTHONPATH=/home/onur/autonomous_robot/install/webots_ros2_msgs/lib/python3.14/site-packages:/home/onur/autonomous_robot/install/webots_ros2_importer/lib/python3.14/site-packages:${PYTHONPATH} /usr/bin/cmake --build /home/onur/autonomous_robot/build/webots_ros2_driver -- -j16 -l16
[-1789206574133995520.000s] DEBUG:colcon.colcon_core.event_handler.log_command:Invoking command in '/home/onur/autonomous_robot/build/webots_ros2_driver': AMENT_PREFIX_PATH=/home/onur/autonomous_robot/install/webots_ros2_msgs:/home/onur/autonomous_robot/install/webots_ros2_importer:${AMENT_PREFIX_PATH} CMAKE_PREFIX_PATH=/home/onur/autonomous_robot/install/webots_ros2_msgs:/opt/ros/lyrical/opt/sdformat_vendor:/opt/ros/lyrical/opt/gz_tools_vendor:/opt/ros/lyrical/opt/gz_math_vendor:/opt/ros/lyrical/opt/gz_utils_vendor:/opt/ros/lyrical/opt/gz_cmake_vendor:/opt/ros/lyrical DEBUGINFOD_URLS=https://debuginfod.ubuntu.com LD_LIBRARY_PATH=/home/onur/autonomous_robot/install/webots_ros2_msgs/lib:${LD_LIBRARY_PATH} PYTHONPATH=/home/onur/autonomous_robot/install/webots_ros2_msgs/lib/python3.14/site-packages:/home/onur/autonomous_robot/install/webots_ros2_importer/lib/python3.14/site-packages:${PYTHONPATH} /usr/bin/cmake --install /home/onur/autonomous_robot/build/webots_ros2_driver
[-1789206574133995520.000s] Level 1:colcon.colcon_core.environment:create_environment_scripts_only(webots_ros2_driver)
[-1789206574133995520.000s] Level 1:colcon.colcon_core.environment:checking '/home/onur/autonomous_robot/install/webots_ros2_driver' for CMake module files
[-1789206574133995520.000s] DEBUG:colcon.colcon_core.event_handler.log_command:Invoked command in '/home/onur/autonomous_robot/build/webots_ros2_driver' returned '0': AMENT_PREFIX_PATH=/home/onur/autonomous_robot/install/webots_ros2_msgs:/home/onur/autonomous_robot/install/webots_ros2_importer:${AMENT_PREFIX_PATH} CMAKE_PREFIX_PATH=/home/onur/autonomous_robot/install/webots_ros2_msgs:/opt/ros/lyrical/opt/sdformat_vendor:/opt/ros/lyrical/opt/gz_tools_vendor:/opt/ros/lyrical/opt/gz_math_vendor:/opt/ros/lyrical/opt/gz_utils_vendor:/opt/ros/lyrical/opt/gz_cmake_vendor:/opt/ros/lyrical DEBUGINFOD_URLS=https://debuginfod.ubuntu.com LD_LIBRARY_PATH=/home/onur/autonomous_robot/install/webots_ros2_msgs/lib:${LD_LIBRARY_PATH} PYTHONPATH=/home/onur/autonomous_robot/install/webots_ros2_msgs/lib/python3.14/site-packages:/home/onur/autonomous_robot/install/webots_ros2_importer/lib/python3.14/site-packages:${PYTHONPATH} /usr/bin/cmake --install /home/onur/autonomous_robot/build/webots_ros2_driver
[-1789206574133995520.000s] Level 1:colcon.colcon_core.environment:checking '/home/onur/autonomous_robot/install/webots_ros2_driver' for CMake config files
[-1789206574133995520.000s] Level 1:colcon.colcon_core.shell:create_environment_hook('webots_ros2_driver', 'cmake_prefix_path')
[-1789206574133995520.000s] INFO:colcon.colcon_core.shell:Creating environment hook '/home/onur/autonomous_robot/install/webots_ros2_driver/share/webots_ros2_driver/hook/cmake_prefix_path.ps1'
[-1789206574133995520.000s] INFO:colcon.colcon_core.shell:Creating environment descriptor '/home/onur/autonomous_robot/install/webots_ros2_driver/share/webots_ros2_driver/hook/cmake_prefix_path.dsv'
[-1789206574133995520.000s] INFO:colcon.colcon_core.shell:Creating environment hook '/home/onur/autonomous_robot/install/webots_ros2_driver/share/webots_ros2_driver/hook/cmake_prefix_path.sh'
[-1789206574133995520.000s] Level 1:colcon.colcon_core.environment:checking '/home/onur/autonomous_robot/install/webots_ros2_driver/lib'
[-1789206574133995520.000s] Level 1:colcon.colcon_core.shell:create_environment_hook('webots_ros2_driver', 'ld_library_path_lib')
[-1789206574133995520.000s] INFO:colcon.colcon_core.shell:Creating environment hook '/home/onur/autonomous_robot/install/webots_ros2_driver/share/webots_ros2_driver/hook/ld_library_path_lib.ps1'
[-1789206574133995520.000s] INFO:colcon.colcon_core.shell:Creating environment descriptor '/home/onur/autonomous_robot/install/webots_ros2_driver/share/webots_ros2_driver/hook/ld_library_path_lib.dsv'
[-1789206574133995520.000s] INFO:colcon.colcon_core.shell:Creating environment hook '/home/onur/autonomous_robot/install/webots_ros2_driver/share/webots_ros2_driver/hook/ld_library_path_lib.sh'
[-1789206574133995520.000s] Level 1:colcon.colcon_core.environment:checking '/home/onur/autonomous_robot/install/webots_ros2_driver/bin'
[-1789206574133995520.000s] Level 1:colcon.colcon_core.environment:checking '/home/onur/autonomous_robot/install/webots_ros2_driver/lib/pkgconfig/webots_ros2_driver.pc'
[-1789206574133995520.000s] Level 1:colcon.colcon_core.environment:checking '/home/onur/autonomous_robot/install/webots_ros2_driver/lib/python3.14/site-packages'
[-1789206574133995520.000s] Level 1:colcon.colcon_core.shell:create_environment_hook('webots_ros2_driver', 'pythonpath')
[-1789206574133995520.000s] INFO:colcon.colcon_core.shell:Creating environment hook '/home/onur/autonomous_robot/install/webots_ros2_driver/share/webots_ros2_driver/hook/pythonpath.ps1'
[-1789206574133995520.000s] INFO:colcon.colcon_core.shell:Creating environment descriptor '/home/onur/autonomous_robot/install/webots_ros2_driver/share/webots_ros2_driver/hook/pythonpath.dsv'
[-1789206574133995520.000s] INFO:colcon.colcon_core.shell:Creating environment hook '/home/onur/autonomous_robot/install/webots_ros2_driver/share/webots_ros2_driver/hook/pythonpath.sh'
[-1789206574133995520.000s] Level 1:colcon.colcon_core.environment:checking '/home/onur/autonomous_robot/install/webots_ros2_driver/bin'
[-1789206574133995520.000s] INFO:colcon.colcon_core.shell:Creating package script '/home/onur/autonomous_robot/install/webots_ros2_driver/share/webots_ros2_driver/package.ps1'
[-1789206574133995520.000s] INFO:colcon.colcon_core.shell:Creating package descriptor '/home/onur/autonomous_robot/install/webots_ros2_driver/share/webots_ros2_driver/package.dsv'
[-1789206574133995520.000s] INFO:colcon.colcon_core.shell:Creating package script '/home/onur/autonomous_robot/install/webots_ros2_driver/share/webots_ros2_driver/package.sh'
[-1789206574133995520.000s] INFO:colcon.colcon_core.shell:Creating package script '/home/onur/autonomous_robot/install/webots_ros2_driver/share/webots_ros2_driver/package.bash'
[-1789206574133995520.000s] INFO:colcon.colcon_core.shell:Creating package script '/home/onur/autonomous_robot/install/webots_ros2_driver/share/webots_ros2_driver/package.zsh'
[-1789206574133995520.000s] Level 1:colcon.colcon_core.environment:create_file_with_runtime_dependencies(/home/onur/autonomous_robot/install/webots_ros2_driver/share/colcon-core/packages/webots_ros2_driver)
[-1789206574133995520.000s] Level 1:colcon.colcon_core.environment:create_environment_scripts_only(webots_ros2_driver)
[-1789206574133995520.000s] Level 1:colcon.colcon_core.environment:checking '/home/onur/autonomous_robot/install/webots_ros2_driver' for CMake module files
[-1789206574133995520.000s] Level 1:colcon.colcon_core.environment:checking '/home/onur/autonomous_robot/install/webots_ros2_driver' for CMake config files
[-1789206574133995520.000s] Level 1:colcon.colcon_core.shell:create_environment_hook('webots_ros2_driver', 'cmake_prefix_path')
[-1789206574133995520.000s] INFO:colcon.colcon_core.shell:Creating environment hook '/home/onur/autonomous_robot/install/webots_ros2_driver/share/webots_ros2_driver/hook/cmake_prefix_path.ps1'
[-1789206574133995520.000s] INFO:colcon.colcon_core.shell:Creating environment descriptor '/home/onur/autonomous_robot/install/webots_ros2_driver/share/webots_ros2_driver/hook/cmake_prefix_path.dsv'
[-1789206574133995520.000s] INFO:colcon.colcon_core.shell:Creating environment hook '/home/onur/autonomous_robot/install/webots_ros2_driver/share/webots_ros2_driver/hook/cmake_prefix_path.sh'
[-1789206574133995520.000s] Level 1:colcon.colcon_core.environment:checking '/home/onur/autonomous_robot/install/webots_ros2_driver/lib'
[-1789206574133995520.000s] Level 1:colcon.colcon_core.shell:create_environment_hook('webots_ros2_driver', 'ld_library_path_lib')
[-1789206574133995520.000s] INFO:colcon.colcon_core.shell:Creating environment hook '/home/onur/autonomous_robot/install/webots_ros2_driver/share/webots_ros2_driver/hook/ld_library_path_lib.ps1'
[-1789206574133995520.000s] INFO:colcon.colcon_core.shell:Creating environment descriptor '/home/onur/autonomous_robot/install/webots_ros2_driver/share/webots_ros2_driver/hook/ld_library_path_lib.dsv'
[-1789206574133995520.000s] INFO:colcon.colcon_core.shell:Creating environment hook '/home/onur/autonomous_robot/install/webots_ros2_driver/share/webots_ros2_driver/hook/ld_library_path_lib.sh'
[-1789206574133995520.000s] Level 1:colcon.colcon_core.environment:checking '/home/onur/autonomous_robot/install/webots_ros2_driver/bin'
[-1789206574133995520.000s] Level 1:colcon.colcon_core.environment:checking '/home/onur/autonomous_robot/install/webots_ros2_driver/lib/pkgconfig/webots_ros2_driver.pc'
[-1789206574133995520.000s] Level 1:colcon.colcon_core.environment:checking '/home/onur/autonomous_robot/install/webots_ros2_driver/lib/python3.14/site-packages'
[-1789206574133995520.000s] Level 1:colcon.colcon_core.shell:create_environment_hook('webots_ros2_driver', 'pythonpath')
[-1789206574133995520.000s] INFO:colcon.colcon_core.shell:Creating environment hook '/home/onur/autonomous_robot/install/webots_ros2_driver/share/webots_ros2_driver/hook/pythonpath.ps1'
[-1789206574133995520.000s] INFO:colcon.colcon_core.shell:Creating environment descriptor '/home/onur/autonomous_robot/install/webots_ros2_driver/share/webots_ros2_driver/hook/pythonpath.dsv'
[-1789206574133995520.000s] INFO:colcon.colcon_core.shell:Creating environment hook '/home/onur/autonomous_robot/install/webots_ros2_driver/share/webots_ros2_driver/hook/pythonpath.sh'
[-1789206574133995520.000s] Level 1:colcon.colcon_core.environment:checking '/home/onur/autonomous_robot/install/webots_ros2_driver/bin'
[-1789206574133995520.000s] INFO:colcon.colcon_core.shell:Creating package script '/home/onur/autonomous_robot/install/webots_ros2_driver/share/webots_ros2_driver/package.ps1'
[-1789206574133995520.000s] INFO:colcon.colcon_core.shell:Creating package descriptor '/home/onur/autonomous_robot/install/webots_ros2_driver/share/webots_ros2_driver/package.dsv'
[-1789206574133995520.000s] INFO:colcon.colcon_core.shell:Creating package script '/home/onur/autonomous_robot/install/webots_ros2_driver/share/webots_ros2_driver/package.sh'
[-1789206574133995520.000s] INFO:colcon.colcon_core.shell:Creating package script '/home/onur/autonomous_robot/install/webots_ros2_driver/share/webots_ros2_driver/package.bash'
[-1789206574133995520.000s] INFO:colcon.colcon_core.shell:Creating package script '/home/onur/autonomous_robot/install/webots_ros2_driver/share/webots_ros2_driver/package.zsh'
[-1789206574133995520.000s] Level 1:colcon.colcon_core.environment:create_file_with_runtime_dependencies(/home/onur/autonomous_robot/install/webots_ros2_driver/share/colcon-core/packages/webots_ros2_driver)
[-1789206574133995520.000s] INFO:colcon.colcon_ros.task.ament_cmake.build:Building ROS package in '/home/onur/autonomous_robot/src/webots_ros2/webots_ros2_control' with build type 'ament_cmake'
[-1789206574133995520.000s] INFO:colcon.colcon_cmake.task.cmake.build:Building CMake package in '/home/onur/autonomous_robot/src/webots_ros2/webots_ros2_control'
[-1789206574133995520.000s] INFO:colcon.colcon_core.shell:Skip shell extension 'powershell' for command environment: Not usable outside of PowerShell
[-1789206574133995520.000s] DEBUG:colcon.colcon_core.shell:Skip shell extension 'dsv' for command environment
[-1789206574133995520.000s] INFO:colcon.colcon_ros.task.ament_python.build:Building ROS package in '/home/onur/autonomous_robot/src/webots_ros2/webots_ros2_mavic' with build type 'ament_python'
[-1789206574133995520.000s] Level 1:colcon.colcon_core.shell:create_environment_hook('webots_ros2_mavic', 'ament_prefix_path')
[-1789206574133995520.000s] INFO:colcon.colcon_core.shell:Creating environment hook '/home/onur/autonomous_robot/install/webots_ros2_mavic/share/webots_ros2_mavic/hook/ament_prefix_path.ps1'
[-1789206574133995520.000s] INFO:colcon.colcon_core.shell:Creating environment descriptor '/home/onur/autonomous_robot/install/webots_ros2_mavic/share/webots_ros2_mavic/hook/ament_prefix_path.dsv'
[-1789206574133995520.000s] INFO:colcon.colcon_core.shell:Creating environment hook '/home/onur/autonomous_robot/install/webots_ros2_mavic/share/webots_ros2_mavic/hook/ament_prefix_path.sh'
[-1789206574133995520.000s] INFO:colcon.colcon_core.shell:Skip shell extension 'powershell' for command environment: Not usable outside of PowerShell
[-1789206574133995520.000s] DEBUG:colcon.colcon_core.shell:Skip shell extension 'dsv' for command environment
[-1789206574133995520.000s] INFO:colcon.colcon_ros.task.ament_python.build:Building ROS package in '/home/onur/autonomous_robot/src/webots_ros2/webots_ros2_tesla' with build type 'ament_python'
[-1789206574133995520.000s] Level 1:colcon.colcon_core.shell:create_environment_hook('webots_ros2_tesla', 'ament_prefix_path')
[-1789206574133995520.000s] INFO:colcon.colcon_core.shell:Creating environment hook '/home/onur/autonomous_robot/install/webots_ros2_tesla/share/webots_ros2_tesla/hook/ament_prefix_path.ps1'
[-1789206574133995520.000s] INFO:colcon.colcon_core.shell:Creating environment descriptor '/home/onur/autonomous_robot/install/webots_ros2_tesla/share/webots_ros2_tesla/hook/ament_prefix_path.dsv'
[-1789206574133995520.000s] INFO:colcon.colcon_core.shell:Creating environment hook '/home/onur/autonomous_robot/install/webots_ros2_tesla/share/webots_ros2_tesla/hook/ament_prefix_path.sh'
[-1789206574133995520.000s] INFO:colcon.colcon_core.shell:Skip shell extension 'powershell' for command environment: Not usable outside of PowerShell
[-1789206574133995520.000s] DEBUG:colcon.colcon_core.shell:Skip shell extension 'dsv' for command environment
[-1789206574133995520.000s] INFO:colcon.colcon_ros.task.ament_python.build:Building ROS package in '/home/onur/autonomous_robot/src/webots_ros2/webots_ros2_crazyflie' with build type 'ament_python'
[-1789206574133995520.000s] Level 1:colcon.colcon_core.shell:create_environment_hook('webots_ros2_crazyflie', 'ament_prefix_path')
[-1789206574133995520.000s] INFO:colcon.colcon_core.shell:Creating environment hook '/home/onur/autonomous_robot/install/webots_ros2_crazyflie/share/webots_ros2_crazyflie/hook/ament_prefix_path.ps1'
[-1789206574133995520.000s] INFO:colcon.colcon_core.shell:Creating environment descriptor '/home/onur/autonomous_robot/install/webots_ros2_crazyflie/share/webots_ros2_crazyflie/hook/ament_prefix_path.dsv'
[-1789206574133995520.000s] INFO:colcon.colcon_core.shell:Creating environment hook '/home/onur/autonomous_robot/install/webots_ros2_crazyflie/share/webots_ros2_crazyflie/hook/ament_prefix_path.sh'
[-1789206574133995520.000s] INFO:colcon.colcon_core.shell:Skip shell extension 'powershell' for command environment: Not usable outside of PowerShell
[-1789206574133995520.000s] DEBUG:colcon.colcon_core.shell:Skip shell extension 'dsv' for command environment
[-1789206574133995520.000s] INFO:colcon.colcon_ros.task.ament_python.build:Building ROS package in '/home/onur/autonomous_robot/src/my_robot_pkg' with build type 'ament_python'
[-1789206574133995520.000s] Level 1:colcon.colcon_core.shell:create_environment_hook('my_robot_pkg', 'ament_prefix_path')
[-1789206574133995520.000s] INFO:colcon.colcon_core.shell:Creating environment hook '/home/onur/autonomous_robot/install/my_robot_pkg/share/my_robot_pkg/hook/ament_prefix_path.ps1'
[-1789206574133995520.000s] INFO:colcon.colcon_core.shell:Creating environment descriptor '/home/onur/autonomous_robot/install/my_robot_pkg/share/my_robot_pkg/hook/ament_prefix_path.dsv'
[-1789206574133995520.000s] INFO:colcon.colcon_core.shell:Creating environment hook '/home/onur/autonomous_robot/install/my_robot_pkg/share/my_robot_pkg/hook/ament_prefix_path.sh'
[-1789206574133995520.000s] INFO:colcon.colcon_core.shell:Skip shell extension 'powershell' for command environment: Not usable outside of PowerShell
[-1789206574133995520.000s] DEBUG:colcon.colcon_core.shell:Skip shell extension 'dsv' for command environment
[-1789206574133995520.000s] DEBUG:colcon.colcon_core.event_handler.log_command:Invoking command in '/home/onur/autonomous_robot/build/webots_ros2_control': AMENT_PREFIX_PATH=/home/onur/autonomous_robot/install/webots_ros2_driver:/home/onur/autonomous_robot/install/webots_ros2_msgs:/home/onur/autonomous_robot/install/webots_ros2_importer:${AMENT_PREFIX_PATH} CMAKE_PREFIX_PATH=/home/onur/autonomous_robot/install/webots_ros2_driver:/home/onur/autonomous_robot/install/webots_ros2_msgs:/opt/ros/lyrical/opt/sdformat_vendor:/opt/ros/lyrical/opt/gz_tools_vendor:/opt/ros/lyrical/opt/gz_math_vendor:/opt/ros/lyrical/opt/gz_utils_vendor:/opt/ros/lyrical/opt/gz_cmake_vendor:/opt/ros/lyrical DEBUGINFOD_URLS=https://debuginfod.ubuntu.com LD_LIBRARY_PATH=/home/onur/autonomous_robot/install/webots_ros2_driver/lib:/home/onur/autonomous_robot/install/webots_ros2_msgs/lib:${LD_LIBRARY_PATH} PYTHONPATH=/home/onur/autonomous_robot/install/webots_ros2_driver/lib/python3.14/site-packages:/home/onur/autonomous_robot/install/webots_ros2_msgs/lib/python3.14/site-packages:/home/onur/autonomous_robot/install/webots_ros2_importer/lib/python3.14/site-packages:${PYTHONPATH} /usr/bin/cmake /home/onur/autonomous_robot/src/webots_ros2/webots_ros2_control -DCMAKE_INSTALL_PREFIX=/home/onur/autonomous_robot/install/webots_ros2_control
[-1789206574133995520.000s] INFO:colcon.colcon_core.task.python.build:Building Python package in '/home/onur/autonomous_robot/src/webots_ros2/webots_ros2_mavic'
[-1789206574133995520.000s] INFO:colcon.colcon_core.shell:Skip shell extension 'powershell' for command environment: Not usable outside of PowerShell
[-1789206574133995520.000s] DEBUG:colcon.colcon_core.shell:Skip shell extension 'dsv' for command environment
[-1789206574133995520.000s] INFO:colcon.colcon_core.task.python.build:Building Python package in '/home/onur/autonomous_robot/src/webots_ros2/webots_ros2_tesla'
[-1789206574133995520.000s] INFO:colcon.colcon_core.shell:Skip shell extension 'powershell' for command environment: Not usable outside of PowerShell
[-1789206574133995520.000s] DEBUG:colcon.colcon_core.shell:Skip shell extension 'dsv' for command environment
[-1789206574133995520.000s] INFO:colcon.colcon_core.task.python.build:Building Python package in '/home/onur/autonomous_robot/src/webots_ros2/webots_ros2_crazyflie'
[-1789206574133995520.000s] INFO:colcon.colcon_core.shell:Skip shell extension 'powershell' for command environment: Not usable outside of PowerShell
[-1789206574133995520.000s] DEBUG:colcon.colcon_core.shell:Skip shell extension 'dsv' for command environment
[-1789206574133995520.000s] INFO:colcon.colcon_core.task.python.build:Building Python package in '/home/onur/autonomous_robot/src/my_robot_pkg'
[-1789206574133995520.000s] INFO:colcon.colcon_core.shell:Skip shell extension 'powershell' for command environment: Not usable outside of PowerShell
[-1789206574133995520.000s] DEBUG:colcon.colcon_core.shell:Skip shell extension 'dsv' for command environment
[-1789206574133995520.000s] DEBUG:colcon.colcon_core.task.python.build:Available setuptools commands: compile_catalog, build_py, sdist, install_lib, egg_info, setopt, check, easy_install, install, bdist_dumb, install_headers, bdist_egg, clean, saveopts, editable_wheel, symlink_data, dist_info, build_scripts, build_clib, install_egg_info, install_scripts, install_data, bdist_rpm, bdist, bdist_wheel, develop, build, init_catalog, update_catalog, build_ext, rotate, alias, extract_messages
[-1789206574133995520.000s] DEBUG:colcon.colcon_core.task.python.build:Available setuptools commands: compile_catalog, build_py, sdist, install_lib, egg_info, setopt, check, easy_install, install, bdist_dumb, install_headers, bdist_egg, clean, saveopts, editable_wheel, symlink_data, dist_info, build_scripts, build_clib, install_egg_info, install_scripts, install_data, bdist_rpm, bdist, bdist_wheel, develop, build, init_catalog, update_catalog, build_ext, rotate, alias, extract_messages
[-1789206574133995520.000s] DEBUG:colcon.colcon_core.event_handler.log_command:Invoking command in '/home/onur/autonomous_robot/src/webots_ros2/webots_ros2_tesla': AMENT_PREFIX_PATH=/home/onur/autonomous_robot/install/webots_ros2_driver:/home/onur/autonomous_robot/install/webots_ros2_msgs:/home/onur/autonomous_robot/install/webots_ros2_importer:${AMENT_PREFIX_PATH} CMAKE_PREFIX_PATH=/home/onur/autonomous_robot/install/webots_ros2_driver:/home/onur/autonomous_robot/install/webots_ros2_msgs:${CMAKE_PREFIX_PATH} DEBUGINFOD_URLS=https://debuginfod.ubuntu.com LD_LIBRARY_PATH=/home/onur/autonomous_robot/install/webots_ros2_driver/lib:/home/onur/autonomous_robot/install/webots_ros2_msgs/lib:${LD_LIBRARY_PATH} PYTHONPATH=/home/onur/autonomous_robot/build/webots_ros2_tesla/prefix_override:/usr/lib/python3/dist-packages/colcon_core/task/python/colcon_distutils_commands:/home/onur/autonomous_robot/install/webots_ros2_tesla/lib/python3.14/site-packages:/home/onur/autonomous_robot/install/webots_ros2_driver/lib/python3.14/site-packages:/home/onur/autonomous_robot/install/webots_ros2_msgs/lib/python3.14/site-packages:/home/onur/autonomous_robot/install/webots_ros2_importer/lib/python3.14/site-packages:${PYTHONPATH} /usr/bin/python3 -W ignore:setup.py install is deprecated -W ignore:easy_install command is deprecated setup.py egg_info --egg-base ../../../build/webots_ros2_tesla build --build-base /home/onur/autonomous_robot/build/webots_ros2_tesla/build install --record /home/onur/autonomous_robot/build/webots_ros2_tesla/install.log --install-scripts $base/lib/webots_ros2_tesla --single-version-externally-managed install_data
[-1789206574133995520.000s] DEBUG:colcon.colcon_core.event_handler.log_command:Invoking command in '/home/onur/autonomous_robot/src/webots_ros2/webots_ros2_crazyflie': AMENT_PREFIX_PATH=/home/onur/autonomous_robot/install/webots_ros2_driver:/home/onur/autonomous_robot/install/webots_ros2_msgs:/home/onur/autonomous_robot/install/webots_ros2_importer:${AMENT_PREFIX_PATH} CMAKE_PREFIX_PATH=/home/onur/autonomous_robot/install/webots_ros2_driver:/home/onur/autonomous_robot/install/webots_ros2_msgs:${CMAKE_PREFIX_PATH} DEBUGINFOD_URLS=https://debuginfod.ubuntu.com LD_LIBRARY_PATH=/home/onur/autonomous_robot/install/webots_ros2_driver/lib:/home/onur/autonomous_robot/install/webots_ros2_msgs/lib:${LD_LIBRARY_PATH} PYTHONPATH=/home/onur/autonomous_robot/build/webots_ros2_crazyflie/prefix_override:/usr/lib/python3/dist-packages/colcon_core/task/python/colcon_distutils_commands:/home/onur/autonomous_robot/install/webots_ros2_crazyflie/lib/python3.14/site-packages:/home/onur/autonomous_robot/install/webots_ros2_driver/lib/python3.14/site-packages:/home/onur/autonomous_robot/install/webots_ros2_msgs/lib/python3.14/site-packages:/home/onur/autonomous_robot/install/webots_ros2_importer/lib/python3.14/site-packages:${PYTHONPATH} /usr/bin/python3 -W ignore:setup.py install is deprecated -W ignore:easy_install command is deprecated setup.py egg_info --egg-base ../../../build/webots_ros2_crazyflie build --build-base /home/onur/autonomous_robot/build/webots_ros2_crazyflie/build install --record /home/onur/autonomous_robot/build/webots_ros2_crazyflie/install.log --install-scripts $base/lib/webots_ros2_crazyflie --single-version-externally-managed install_data
[-1789206574133995520.000s] DEBUG:colcon.colcon_core.task.python.build:Available setuptools commands: compile_catalog, build_py, sdist, install_lib, egg_info, setopt, check, easy_install, install, bdist_dumb, install_headers, bdist_egg, clean, saveopts, editable_wheel, symlink_data, dist_info, build_scripts, build_clib, install_egg_info, install_scripts, install_data, bdist_rpm, bdist, bdist_wheel, develop, build, init_catalog, update_catalog, build_ext, rotate, alias, extract_messages
[-1789206574133995520.000s] DEBUG:colcon.colcon_core.event_handler.log_command:Invoking command in '/home/onur/autonomous_robot/src/my_robot_pkg': AMENT_PREFIX_PATH=/home/onur/autonomous_robot/install/webots_ros2_driver:/home/onur/autonomous_robot/install/webots_ros2_msgs:/home/onur/autonomous_robot/install/webots_ros2_importer:${AMENT_PREFIX_PATH} CMAKE_PREFIX_PATH=/home/onur/autonomous_robot/install/webots_ros2_driver:/home/onur/autonomous_robot/install/webots_ros2_msgs:${CMAKE_PREFIX_PATH} DEBUGINFOD_URLS=https://debuginfod.ubuntu.com LD_LIBRARY_PATH=/home/onur/autonomous_robot/install/webots_ros2_driver/lib:/home/onur/autonomous_robot/install/webots_ros2_msgs/lib:${LD_LIBRARY_PATH} PYTHONPATH=/home/onur/autonomous_robot/build/my_robot_pkg/prefix_override:/usr/lib/python3/dist-packages/colcon_core/task/python/colcon_distutils_commands:/home/onur/autonomous_robot/install/my_robot_pkg/lib/python3.14/site-packages:/home/onur/autonomous_robot/install/webots_ros2_driver/lib/python3.14/site-packages:/home/onur/autonomous_robot/install/webots_ros2_msgs/lib/python3.14/site-packages:/home/onur/autonomous_robot/install/webots_ros2_importer/lib/python3.14/site-packages:${PYTHONPATH} /usr/bin/python3 -W ignore:setup.py install is deprecated -W ignore:easy_install command is deprecated setup.py egg_info --egg-base ../../build/my_robot_pkg build --build-base /home/onur/autonomous_robot/build/my_robot_pkg/build install --record /home/onur/autonomous_robot/build/my_robot_pkg/install.log --install-scripts $base/lib/my_robot_pkg --single-version-externally-managed install_data
[-1789206574133995520.000s] DEBUG:colcon.colcon_core.task.python.build:Available setuptools commands: compile_catalog, build_py, sdist, install_lib, egg_info, setopt, check, easy_install, install, bdist_dumb, install_headers, bdist_egg, clean, saveopts, editable_wheel, symlink_data, dist_info, build_scripts, build_clib, install_egg_info, install_scripts, install_data, bdist_rpm, bdist, bdist_wheel, develop, build, init_catalog, update_catalog, build_ext, rotate, alias, extract_messages
[-1789206574133995520.000s] DEBUG:colcon.colcon_core.event_handler.log_command:Invoking command in '/home/onur/autonomous_robot/src/webots_ros2/webots_ros2_mavic': AMENT_PREFIX_PATH=/home/onur/autonomous_robot/install/webots_ros2_driver:/home/onur/autonomous_robot/install/webots_ros2_msgs:/home/onur/autonomous_robot/install/webots_ros2_importer:${AMENT_PREFIX_PATH} CMAKE_PREFIX_PATH=/home/onur/autonomous_robot/install/webots_ros2_driver:/home/onur/autonomous_robot/install/webots_ros2_msgs:${CMAKE_PREFIX_PATH} DEBUGINFOD_URLS=https://debuginfod.ubuntu.com LD_LIBRARY_PATH=/home/onur/autonomous_robot/install/webots_ros2_driver/lib:/home/onur/autonomous_robot/install/webots_ros2_msgs/lib:${LD_LIBRARY_PATH} PYTHONPATH=/home/onur/autonomous_robot/build/webots_ros2_mavic/prefix_override:/usr/lib/python3/dist-packages/colcon_core/task/python/colcon_distutils_commands:/home/onur/autonomous_robot/install/webots_ros2_mavic/lib/python3.14/site-packages:/home/onur/autonomous_robot/install/webots_ros2_driver/lib/python3.14/site-packages:/home/onur/autonomous_robot/install/webots_ros2_msgs/lib/python3.14/site-packages:/home/onur/autonomous_robot/install/webots_ros2_importer/lib/python3.14/site-packages:${PYTHONPATH} /usr/bin/python3 -W ignore:setup.py install is deprecated -W ignore:easy_install command is deprecated setup.py egg_info --egg-base ../../../build/webots_ros2_mavic build --build-base /home/onur/autonomous_robot/build/webots_ros2_mavic/build install --record /home/onur/autonomous_robot/build/webots_ros2_mavic/install.log --install-scripts $base/lib/webots_ros2_mavic --single-version-externally-managed install_data
[-1789206574133995520.000s] Level 1:colcon.colcon_core.environment:checking '/home/onur/autonomous_robot/install/webots_ros2_crazyflie' for CMake module files
[-1789206574133995520.000s] DEBUG:colcon.colcon_core.event_handler.log_command:Invoked command in '/home/onur/autonomous_robot/src/webots_ros2/webots_ros2_crazyflie' returned '0': AMENT_PREFIX_PATH=/home/onur/autonomous_robot/install/webots_ros2_driver:/home/onur/autonomous_robot/install/webots_ros2_msgs:/home/onur/autonomous_robot/install/webots_ros2_importer:${AMENT_PREFIX_PATH} CMAKE_PREFIX_PATH=/home/onur/autonomous_robot/install/webots_ros2_driver:/home/onur/autonomous_robot/install/webots_ros2_msgs:${CMAKE_PREFIX_PATH} DEBUGINFOD_URLS=https://debuginfod.ubuntu.com LD_LIBRARY_PATH=/home/onur/autonomous_robot/install/webots_ros2_driver/lib:/home/onur/autonomous_robot/install/webots_ros2_msgs/lib:${LD_LIBRARY_PATH} PYTHONPATH=/home/onur/autonomous_robot/build/webots_ros2_crazyflie/prefix_override:/usr/lib/python3/dist-packages/colcon_core/task/python/colcon_distutils_commands:/home/onur/autonomous_robot/install/webots_ros2_crazyflie/lib/python3.14/site-packages:/home/onur/autonomous_robot/install/webots_ros2_driver/lib/python3.14/site-packages:/home/onur/autonomous_robot/install/webots_ros2_msgs/lib/python3.14/site-packages:/home/onur/autonomous_robot/install/webots_ros2_importer/lib/python3.14/site-packages:${PYTHONPATH} /usr/bin/python3 -W ignore:setup.py install is deprecated -W ignore:easy_install command is deprecated setup.py egg_info --egg-base ../../../build/webots_ros2_crazyflie build --build-base /home/onur/autonomous_robot/build/webots_ros2_crazyflie/build install --record /home/onur/autonomous_robot/build/webots_ros2_crazyflie/install.log --install-scripts $base/lib/webots_ros2_crazyflie --single-version-externally-managed install_data
[-1789206574133995520.000s] Level 1:colcon.colcon_core.environment:checking '/home/onur/autonomous_robot/install/webots_ros2_crazyflie' for CMake config files
[-1789206574133995520.000s] Level 1:colcon.colcon_core.environment:checking '/home/onur/autonomous_robot/install/webots_ros2_crazyflie/lib'
[-1789206574133995520.000s] Level 1:colcon.colcon_core.environment:checking '/home/onur/autonomous_robot/install/webots_ros2_crazyflie/bin'
[-1789206574133995520.000s] Level 1:colcon.colcon_core.environment:checking '/home/onur/autonomous_robot/install/webots_ros2_crazyflie/lib/pkgconfig/webots_ros2_crazyflie.pc'
[-1789206574133995520.000s] Level 1:colcon.colcon_core.environment:checking '/home/onur/autonomous_robot/install/webots_ros2_crazyflie/lib/python3.14/site-packages'
[-1789206574133995520.000s] Level 1:colcon.colcon_core.shell:create_environment_hook('webots_ros2_crazyflie', 'pythonpath')
[-1789206574133995520.000s] INFO:colcon.colcon_core.shell:Creating environment hook '/home/onur/autonomous_robot/install/webots_ros2_crazyflie/share/webots_ros2_crazyflie/hook/pythonpath.ps1'
[-1789206574133995520.000s] INFO:colcon.colcon_core.shell:Creating environment descriptor '/home/onur/autonomous_robot/install/webots_ros2_crazyflie/share/webots_ros2_crazyflie/hook/pythonpath.dsv'
[-1789206574133995520.000s] INFO:colcon.colcon_core.shell:Creating environment hook '/home/onur/autonomous_robot/install/webots_ros2_crazyflie/share/webots_ros2_crazyflie/hook/pythonpath.sh'
[-1789206574133995520.000s] Level 1:colcon.colcon_core.environment:checking '/home/onur/autonomous_robot/install/webots_ros2_crazyflie/bin'
[-1789206574133995520.000s] Level 1:colcon.colcon_core.environment:create_environment_scripts_only(webots_ros2_crazyflie)
[-1789206574133995520.000s] INFO:colcon.colcon_core.shell:Creating package script '/home/onur/autonomous_robot/install/webots_ros2_crazyflie/share/webots_ros2_crazyflie/package.ps1'
[-1789206574133995520.000s] INFO:colcon.colcon_core.shell:Creating package descriptor '/home/onur/autonomous_robot/install/webots_ros2_crazyflie/share/webots_ros2_crazyflie/package.dsv'
[-1789206574133995520.000s] INFO:colcon.colcon_core.shell:Creating package script '/home/onur/autonomous_robot/install/webots_ros2_crazyflie/share/webots_ros2_crazyflie/package.sh'
[-1789206574133995520.000s] INFO:colcon.colcon_core.shell:Creating package script '/home/onur/autonomous_robot/install/webots_ros2_crazyflie/share/webots_ros2_crazyflie/package.bash'
[-1789206574133995520.000s] INFO:colcon.colcon_core.shell:Creating package script '/home/onur/autonomous_robot/install/webots_ros2_crazyflie/share/webots_ros2_crazyflie/package.zsh'
[-1789206574133995520.000s] Level 1:colcon.colcon_core.environment:create_file_with_runtime_dependencies(/home/onur/autonomous_robot/install/webots_ros2_crazyflie/share/colcon-core/packages/webots_ros2_crazyflie)
[-1789206574133995520.000s] DEBUG:colcon.colcon_core.event_handler.log_command:Invoked command in '/home/onur/autonomous_robot/build/webots_ros2_control' returned '0': AMENT_PREFIX_PATH=/home/onur/autonomous_robot/install/webots_ros2_driver:/home/onur/autonomous_robot/install/webots_ros2_msgs:/home/onur/autonomous_robot/install/webots_ros2_importer:${AMENT_PREFIX_PATH} CMAKE_PREFIX_PATH=/home/onur/autonomous_robot/install/webots_ros2_driver:/home/onur/autonomous_robot/install/webots_ros2_msgs:/opt/ros/lyrical/opt/sdformat_vendor:/opt/ros/lyrical/opt/gz_tools_vendor:/opt/ros/lyrical/opt/gz_math_vendor:/opt/ros/lyrical/opt/gz_utils_vendor:/opt/ros/lyrical/opt/gz_cmake_vendor:/opt/ros/lyrical DEBUGINFOD_URLS=https://debuginfod.ubuntu.com LD_LIBRARY_PATH=/home/onur/autonomous_robot/install/webots_ros2_driver/lib:/home/onur/autonomous_robot/install/webots_ros2_msgs/lib:${LD_LIBRARY_PATH} PYTHONPATH=/home/onur/autonomous_robot/install/webots_ros2_driver/lib/python3.14/site-packages:/home/onur/autonomous_robot/install/webots_ros2_msgs/lib/python3.14/site-packages:/home/onur/autonomous_robot/install/webots_ros2_importer/lib/python3.14/site-packages:${PYTHONPATH} /usr/bin/cmake /home/onur/autonomous_robot/src/webots_ros2/webots_ros2_control -DCMAKE_INSTALL_PREFIX=/home/onur/autonomous_robot/install/webots_ros2_control
[-1789206574133995520.000s] DEBUG:colcon.colcon_core.event_handler.log_command:Invoking command in '/home/onur/autonomous_robot/build/webots_ros2_control': AMENT_PREFIX_PATH=/home/onur/autonomous_robot/install/webots_ros2_driver:/home/onur/autonomous_robot/install/webots_ros2_msgs:/home/onur/autonomous_robot/install/webots_ros2_importer:${AMENT_PREFIX_PATH} CMAKE_PREFIX_PATH=/home/onur/autonomous_robot/install/webots_ros2_driver:/home/onur/autonomous_robot/install/webots_ros2_msgs:/opt/ros/lyrical/opt/sdformat_vendor:/opt/ros/lyrical/opt/gz_tools_vendor:/opt/ros/lyrical/opt/gz_math_vendor:/opt/ros/lyrical/opt/gz_utils_vendor:/opt/ros/lyrical/opt/gz_cmake_vendor:/opt/ros/lyrical DEBUGINFOD_URLS=https://debuginfod.ubuntu.com LD_LIBRARY_PATH=/home/onur/autonomous_robot/install/webots_ros2_driver/lib:/home/onur/autonomous_robot/install/webots_ros2_msgs/lib:${LD_LIBRARY_PATH} PYTHONPATH=/home/onur/autonomous_robot/install/webots_ros2_driver/lib/python3.14/site-packages:/home/onur/autonomous_robot/install/webots_ros2_msgs/lib/python3.14/site-packages:/home/onur/autonomous_robot/install/webots_ros2_importer/lib/python3.14/site-packages:${PYTHONPATH} /usr/bin/cmake --build /home/onur/autonomous_robot/build/webots_ros2_control -- -j16 -l16
[-1789206574133995520.000s] Level 1:colcon.colcon_core.environment:checking '/home/onur/autonomous_robot/install/webots_ros2_tesla' for CMake module files
[-1789206574133995520.000s] DEBUG:colcon.colcon_core.event_handler.log_command:Invoked command in '/home/onur/autonomous_robot/src/webots_ros2/webots_ros2_tesla' returned '0': AMENT_PREFIX_PATH=/home/onur/autonomous_robot/install/webots_ros2_driver:/home/onur/autonomous_robot/install/webots_ros2_msgs:/home/onur/autonomous_robot/install/webots_ros2_importer:${AMENT_PREFIX_PATH} CMAKE_PREFIX_PATH=/home/onur/autonomous_robot/install/webots_ros2_driver:/home/onur/autonomous_robot/install/webots_ros2_msgs:${CMAKE_PREFIX_PATH} DEBUGINFOD_URLS=https://debuginfod.ubuntu.com LD_LIBRARY_PATH=/home/onur/autonomous_robot/install/webots_ros2_driver/lib:/home/onur/autonomous_robot/install/webots_ros2_msgs/lib:${LD_LIBRARY_PATH} PYTHONPATH=/home/onur/autonomous_robot/build/webots_ros2_tesla/prefix_override:/usr/lib/python3/dist-packages/colcon_core/task/python/colcon_distutils_commands:/home/onur/autonomous_robot/install/webots_ros2_tesla/lib/python3.14/site-packages:/home/onur/autonomous_robot/install/webots_ros2_driver/lib/python3.14/site-packages:/home/onur/autonomous_robot/install/webots_ros2_msgs/lib/python3.14/site-packages:/home/onur/autonomous_robot/install/webots_ros2_importer/lib/python3.14/site-packages:${PYTHONPATH} /usr/bin/python3 -W ignore:setup.py install is deprecated -W ignore:easy_install command is deprecated setup.py egg_info --egg-base ../../../build/webots_ros2_tesla build --build-base /home/onur/autonomous_robot/build/webots_ros2_tesla/build install --record /home/onur/autonomous_robot/build/webots_ros2_tesla/install.log --install-scripts $base/lib/webots_ros2_tesla --single-version-externally-managed install_data
[-1789206574133995520.000s] Level 1:colcon.colcon_core.environment:checking '/home/onur/autonomous_robot/install/webots_ros2_tesla' for CMake config files
[-1789206574133995520.000s] Level 1:colcon.colcon_core.environment:checking '/home/onur/autonomous_robot/install/webots_ros2_tesla/lib'
[-1789206574133995520.000s] Level 1:colcon.colcon_core.environment:checking '/home/onur/autonomous_robot/install/webots_ros2_tesla/bin'
[-1789206574133995520.000s] Level 1:colcon.colcon_core.environment:checking '/home/onur/autonomous_robot/install/webots_ros2_tesla/lib/pkgconfig/webots_ros2_tesla.pc'
[-1789206574133995520.000s] Level 1:colcon.colcon_core.environment:checking '/home/onur/autonomous_robot/install/webots_ros2_tesla/lib/python3.14/site-packages'
[-1789206574133995520.000s] Level 1:colcon.colcon_core.shell:create_environment_hook('webots_ros2_tesla', 'pythonpath')
[-1789206574133995520.000s] INFO:colcon.colcon_core.shell:Creating environment hook '/home/onur/autonomous_robot/install/webots_ros2_tesla/share/webots_ros2_tesla/hook/pythonpath.ps1'
[-1789206574133995520.000s] INFO:colcon.colcon_core.shell:Creating environment descriptor '/home/onur/autonomous_robot/install/webots_ros2_tesla/share/webots_ros2_tesla/hook/pythonpath.dsv'
[-1789206574133995520.000s] INFO:colcon.colcon_core.shell:Creating environment hook '/home/onur/autonomous_robot/install/webots_ros2_tesla/share/webots_ros2_tesla/hook/pythonpath.sh'
[-1789206574133995520.000s] Level 1:colcon.colcon_core.environment:checking '/home/onur/autonomous_robot/install/webots_ros2_tesla/bin'
[-1789206574133995520.000s] Level 1:colcon.colcon_core.environment:create_environment_scripts_only(webots_ros2_tesla)
[-1789206574133995520.000s] INFO:colcon.colcon_core.shell:Creating package script '/home/onur/autonomous_robot/install/webots_ros2_tesla/share/webots_ros2_tesla/package.ps1'
[-1789206574133995520.000s] INFO:colcon.colcon_core.shell:Creating package descriptor '/home/onur/autonomous_robot/install/webots_ros2_tesla/share/webots_ros2_tesla/package.dsv'
[-1789206574133995520.000s] INFO:colcon.colcon_core.shell:Creating package script '/home/onur/autonomous_robot/install/webots_ros2_tesla/share/webots_ros2_tesla/package.sh'
[-1789206574133995520.000s] INFO:colcon.colcon_core.shell:Creating package script '/home/onur/autonomous_robot/install/webots_ros2_tesla/share/webots_ros2_tesla/package.bash'
[-1789206574133995520.000s] INFO:colcon.colcon_core.shell:Creating package script '/home/onur/autonomous_robot/install/webots_ros2_tesla/share/webots_ros2_tesla/package.zsh'
[-1789206574133995520.000s] Level 1:colcon.colcon_core.environment:create_file_with_runtime_dependencies(/home/onur/autonomous_robot/install/webots_ros2_tesla/share/colcon-core/packages/webots_ros2_tesla)
[-1789206574133995520.000s] Level 1:colcon.colcon_core.environment:checking '/home/onur/autonomous_robot/install/my_robot_pkg' for CMake module files
[-1789206574133995520.000s] DEBUG:colcon.colcon_core.event_handler.log_command:Invoked command in '/home/onur/autonomous_robot/src/my_robot_pkg' returned '0': AMENT_PREFIX_PATH=/home/onur/autonomous_robot/install/webots_ros2_driver:/home/onur/autonomous_robot/install/webots_ros2_msgs:/home/onur/autonomous_robot/install/webots_ros2_importer:${AMENT_PREFIX_PATH} CMAKE_PREFIX_PATH=/home/onur/autonomous_robot/install/webots_ros2_driver:/home/onur/autonomous_robot/install/webots_ros2_msgs:${CMAKE_PREFIX_PATH} DEBUGINFOD_URLS=https://debuginfod.ubuntu.com LD_LIBRARY_PATH=/home/onur/autonomous_robot/install/webots_ros2_driver/lib:/home/onur/autonomous_robot/install/webots_ros2_msgs/lib:${LD_LIBRARY_PATH} PYTHONPATH=/home/onur/autonomous_robot/build/my_robot_pkg/prefix_override:/usr/lib/python3/dist-packages/colcon_core/task/python/colcon_distutils_commands:/home/onur/autonomous_robot/install/my_robot_pkg/lib/python3.14/site-packages:/home/onur/autonomous_robot/install/webots_ros2_driver/lib/python3.14/site-packages:/home/onur/autonomous_robot/install/webots_ros2_msgs/lib/python3.14/site-packages:/home/onur/autonomous_robot/install/webots_ros2_importer/lib/python3.14/site-packages:${PYTHONPATH} /usr/bin/python3 -W ignore:setup.py install is deprecated -W ignore:easy_install command is deprecated setup.py egg_info --egg-base ../../build/my_robot_pkg build --build-base /home/onur/autonomous_robot/build/my_robot_pkg/build install --record /home/onur/autonomous_robot/build/my_robot_pkg/install.log --install-scripts $base/lib/my_robot_pkg --single-version-externally-managed install_data
[-1789206574133995520.000s] Level 1:colcon.colcon_core.environment:checking '/home/onur/autonomous_robot/install/my_robot_pkg' for CMake config files
[-1789206574133995520.000s] Level 1:colcon.colcon_core.environment:checking '/home/onur/autonomous_robot/install/my_robot_pkg/lib'
[-1789206574133995520.000s] Level 1:colcon.colcon_core.environment:checking '/home/onur/autonomous_robot/install/my_robot_pkg/bin'
[-1789206574133995520.000s] Level 1:colcon.colcon_core.environment:checking '/home/onur/autonomous_robot/install/my_robot_pkg/lib/pkgconfig/my_robot_pkg.pc'
[-1789206574133995520.000s] Level 1:colcon.colcon_core.environment:checking '/home/onur/autonomous_robot/install/my_robot_pkg/lib/python3.14/site-packages'
[-1789206574133995520.000s] Level 1:colcon.colcon_core.shell:create_environment_hook('my_robot_pkg', 'pythonpath')
[-1789206574133995520.000s] INFO:colcon.colcon_core.shell:Creating environment hook '/home/onur/autonomous_robot/install/my_robot_pkg/share/my_robot_pkg/hook/pythonpath.ps1'
[-1789206574133995520.000s] INFO:colcon.colcon_core.shell:Creating environment descriptor '/home/onur/autonomous_robot/install/my_robot_pkg/share/my_robot_pkg/hook/pythonpath.dsv'
[-1789206574133995520.000s] INFO:colcon.colcon_core.shell:Creating environment hook '/home/onur/autonomous_robot/install/my_robot_pkg/share/my_robot_pkg/hook/pythonpath.sh'
[-1789206574133995520.000s] Level 1:colcon.colcon_core.environment:checking '/home/onur/autonomous_robot/install/my_robot_pkg/bin'
[-1789206574133995520.000s] Level 1:colcon.colcon_core.environment:create_environment_scripts_only(my_robot_pkg)
[-1789206574133995520.000s] INFO:colcon.colcon_core.shell:Creating package script '/home/onur/autonomous_robot/install/my_robot_pkg/share/my_robot_pkg/package.ps1'
[-1789206574133995520.000s] INFO:colcon.colcon_core.shell:Creating package descriptor '/home/onur/autonomous_robot/install/my_robot_pkg/share/my_robot_pkg/package.dsv'
[-1789206574133995520.000s] INFO:colcon.colcon_core.shell:Creating package script '/home/onur/autonomous_robot/install/my_robot_pkg/share/my_robot_pkg/package.sh'
[-1789206574133995520.000s] INFO:colcon.colcon_core.shell:Creating package script '/home/onur/autonomous_robot/install/my_robot_pkg/share/my_robot_pkg/package.bash'
[-1789206574133995520.000s] INFO:colcon.colcon_core.shell:Creating package script '/home/onur/autonomous_robot/install/my_robot_pkg/share/my_robot_pkg/package.zsh'
[-1789206574133995520.000s] Level 1:colcon.colcon_core.environment:create_file_with_runtime_dependencies(/home/onur/autonomous_robot/install/my_robot_pkg/share/colcon-core/packages/my_robot_pkg)
[-1789206574133995520.000s] Level 1:colcon.colcon_core.environment:checking '/home/onur/autonomous_robot/install/webots_ros2_mavic' for CMake module files
[-1789206574133995520.000s] DEBUG:colcon.colcon_core.event_handler.log_command:Invoked command in '/home/onur/autonomous_robot/src/webots_ros2/webots_ros2_mavic' returned '0': AMENT_PREFIX_PATH=/home/onur/autonomous_robot/install/webots_ros2_driver:/home/onur/autonomous_robot/install/webots_ros2_msgs:/home/onur/autonomous_robot/install/webots_ros2_importer:${AMENT_PREFIX_PATH} CMAKE_PREFIX_PATH=/home/onur/autonomous_robot/install/webots_ros2_driver:/home/onur/autonomous_robot/install/webots_ros2_msgs:${CMAKE_PREFIX_PATH} DEBUGINFOD_URLS=https://debuginfod.ubuntu.com LD_LIBRARY_PATH=/home/onur/autonomous_robot/install/webots_ros2_driver/lib:/home/onur/autonomous_robot/install/webots_ros2_msgs/lib:${LD_LIBRARY_PATH} PYTHONPATH=/home/onur/autonomous_robot/build/webots_ros2_mavic/prefix_override:/usr/lib/python3/dist-packages/colcon_core/task/python/colcon_distutils_commands:/home/onur/autonomous_robot/install/webots_ros2_mavic/lib/python3.14/site-packages:/home/onur/autonomous_robot/install/webots_ros2_driver/lib/python3.14/site-packages:/home/onur/autonomous_robot/install/webots_ros2_msgs/lib/python3.14/site-packages:/home/onur/autonomous_robot/install/webots_ros2_importer/lib/python3.14/site-packages:${PYTHONPATH} /usr/bin/python3 -W ignore:setup.py install is deprecated -W ignore:easy_install command is deprecated setup.py egg_info --egg-base ../../../build/webots_ros2_mavic build --build-base /home/onur/autonomous_robot/build/webots_ros2_mavic/build install --record /home/onur/autonomous_robot/build/webots_ros2_mavic/install.log --install-scripts $base/lib/webots_ros2_mavic --single-version-externally-managed install_data
[-1789206574133995520.000s] Level 1:colcon.colcon_core.environment:checking '/home/onur/autonomous_robot/install/webots_ros2_mavic' for CMake config files
[-1789206574133995520.000s] Level 1:colcon.colcon_core.environment:checking '/home/onur/autonomous_robot/install/webots_ros2_mavic/lib'
[-1789206574133995520.000s] Level 1:colcon.colcon_core.environment:checking '/home/onur/autonomous_robot/install/webots_ros2_mavic/bin'
[-1789206574133995520.000s] Level 1:colcon.colcon_core.environment:checking '/home/onur/autonomous_robot/install/webots_ros2_mavic/lib/pkgconfig/webots_ros2_mavic.pc'
[-1789206574133995520.000s] Level 1:colcon.colcon_core.environment:checking '/home/onur/autonomous_robot/install/webots_ros2_mavic/lib/python3.14/site-packages'
[-1789206574133995520.000s] Level 1:colcon.colcon_core.shell:create_environment_hook('webots_ros2_mavic', 'pythonpath')
[-1789206574133995520.000s] INFO:colcon.colcon_core.shell:Creating environment hook '/home/onur/autonomous_robot/install/webots_ros2_mavic/share/webots_ros2_mavic/hook/pythonpath.ps1'
[-1789206574133995520.000s] INFO:colcon.colcon_core.shell:Creating environment descriptor '/home/onur/autonomous_robot/install/webots_ros2_mavic/share/webots_ros2_mavic/hook/pythonpath.dsv'
[-1789206574133995520.000s] INFO:colcon.colcon_core.shell:Creating environment hook '/home/onur/autonomous_robot/install/webots_ros2_mavic/share/webots_ros2_mavic/hook/pythonpath.sh'
[-1789206574133995520.000s] Level 1:colcon.colcon_core.environment:checking '/home/onur/autonomous_robot/install/webots_ros2_mavic/bin'
[-1789206574133995520.000s] Level 1:colcon.colcon_core.environment:create_environment_scripts_only(webots_ros2_mavic)
[-1789206574133995520.000s] INFO:colcon.colcon_core.shell:Creating package script '/home/onur/autonomous_robot/install/webots_ros2_mavic/share/webots_ros2_mavic/package.ps1'
[-1789206574133995520.000s] INFO:colcon.colcon_core.shell:Creating package descriptor '/home/onur/autonomous_robot/install/webots_ros2_mavic/share/webots_ros2_mavic/package.dsv'
[-1789206574133995520.000s] INFO:colcon.colcon_core.shell:Creating package script '/home/onur/autonomous_robot/install/webots_ros2_mavic/share/webots_ros2_mavic/package.sh'
[-1789206574133995520.000s] INFO:colcon.colcon_core.shell:Creating package script '/home/onur/autonomous_robot/install/webots_ros2_mavic/share/webots_ros2_mavic/package.bash'
[-1789206574133995520.000s] INFO:colcon.colcon_core.shell:Creating package script '/home/onur/autonomous_robot/install/webots_ros2_mavic/share/webots_ros2_mavic/package.zsh'
[-1789206574133995520.000s] Level 1:colcon.colcon_core.environment:create_file_with_runtime_dependencies(/home/onur/autonomous_robot/install/webots_ros2_mavic/share/colcon-core/packages/webots_ros2_mavic)
[-1789206574133995520.000s] DEBUG:colcon.colcon_core.event_handler.log_command:Invoked command in '/home/onur/autonomous_robot/build/webots_ros2_control' returned '0': AMENT_PREFIX_PATH=/home/onur/autonomous_robot/install/webots_ros2_driver:/home/onur/autonomous_robot/install/webots_ros2_msgs:/home/onur/autonomous_robot/install/webots_ros2_importer:${AMENT_PREFIX_PATH} CMAKE_PREFIX_PATH=/home/onur/autonomous_robot/install/webots_ros2_driver:/home/onur/autonomous_robot/install/webots_ros2_msgs:/opt/ros/lyrical/opt/sdformat_vendor:/opt/ros/lyrical/opt/gz_tools_vendor:/opt/ros/lyrical/opt/gz_math_vendor:/opt/ros/lyrical/opt/gz_utils_vendor:/opt/ros/lyrical/opt/gz_cmake_vendor:/opt/ros/lyrical DEBUGINFOD_URLS=https://debuginfod.ubuntu.com LD_LIBRARY_PATH=/home/onur/autonomous_robot/install/webots_ros2_driver/lib:/home/onur/autonomous_robot/install/webots_ros2_msgs/lib:${LD_LIBRARY_PATH} PYTHONPATH=/home/onur/autonomous_robot/install/webots_ros2_driver/lib/python3.14/site-packages:/home/onur/autonomous_robot/install/webots_ros2_msgs/lib/python3.14/site-packages:/home/onur/autonomous_robot/install/webots_ros2_importer/lib/python3.14/site-packages:${PYTHONPATH} /usr/bin/cmake --build /home/onur/autonomous_robot/build/webots_ros2_control -- -j16 -l16
[-1789206574133995520.000s] DEBUG:colcon.colcon_core.event_handler.log_command:Invoking command in '/home/onur/autonomous_robot/build/webots_ros2_control': AMENT_PREFIX_PATH=/home/onur/autonomous_robot/install/webots_ros2_driver:/home/onur/autonomous_robot/install/webots_ros2_msgs:/home/onur/autonomous_robot/install/webots_ros2_importer:${AMENT_PREFIX_PATH} CMAKE_PREFIX_PATH=/home/onur/autonomous_robot/install/webots_ros2_driver:/home/onur/autonomous_robot/install/webots_ros2_msgs:/opt/ros/lyrical/opt/sdformat_vendor:/opt/ros/lyrical/opt/gz_tools_vendor:/opt/ros/lyrical/opt/gz_math_vendor:/opt/ros/lyrical/opt/gz_utils_vendor:/opt/ros/lyrical/opt/gz_cmake_vendor:/opt/ros/lyrical DEBUGINFOD_URLS=https://debuginfod.ubuntu.com LD_LIBRARY_PATH=/home/onur/autonomous_robot/install/webots_ros2_driver/lib:/home/onur/autonomous_robot/install/webots_ros2_msgs/lib:${LD_LIBRARY_PATH} PYTHONPATH=/home/onur/autonomous_robot/install/webots_ros2_driver/lib/python3.14/site-packages:/home/onur/autonomous_robot/install/webots_ros2_msgs/lib/python3.14/site-packages:/home/onur/autonomous_robot/install/webots_ros2_importer/lib/python3.14/site-packages:${PYTHONPATH} /usr/bin/cmake --install /home/onur/autonomous_robot/build/webots_ros2_control
[-1789206574133995520.000s] Level 1:colcon.colcon_core.environment:create_environment_scripts_only(webots_ros2_control)
[-1789206574133995520.000s] Level 1:colcon.colcon_core.environment:checking '/home/onur/autonomous_robot/install/webots_ros2_control' for CMake module files
[-1789206574133995520.000s] DEBUG:colcon.colcon_core.event_handler.log_command:Invoked command in '/home/onur/autonomous_robot/build/webots_ros2_control' returned '0': AMENT_PREFIX_PATH=/home/onur/autonomous_robot/install/webots_ros2_driver:/home/onur/autonomous_robot/install/webots_ros2_msgs:/home/onur/autonomous_robot/install/webots_ros2_importer:${AMENT_PREFIX_PATH} CMAKE_PREFIX_PATH=/home/onur/autonomous_robot/install/webots_ros2_driver:/home/onur/autonomous_robot/install/webots_ros2_msgs:/opt/ros/lyrical/opt/sdformat_vendor:/opt/ros/lyrical/opt/gz_tools_vendor:/opt/ros/lyrical/opt/gz_math_vendor:/opt/ros/lyrical/opt/gz_utils_vendor:/opt/ros/lyrical/opt/gz_cmake_vendor:/opt/ros/lyrical DEBUGINFOD_URLS=https://debuginfod.ubuntu.com LD_LIBRARY_PATH=/home/onur/autonomous_robot/install/webots_ros2_driver/lib:/home/onur/autonomous_robot/install/webots_ros2_msgs/lib:${LD_LIBRARY_PATH} PYTHONPATH=/home/onur/autonomous_robot/install/webots_ros2_driver/lib/python3.14/site-packages:/home/onur/autonomous_robot/install/webots_ros2_msgs/lib/python3.14/site-packages:/home/onur/autonomous_robot/install/webots_ros2_importer/lib/python3.14/site-packages:${PYTHONPATH} /usr/bin/cmake --install /home/onur/autonomous_robot/build/webots_ros2_control
[-1789206574133995520.000s] Level 1:colcon.colcon_core.environment:checking '/home/onur/autonomous_robot/install/webots_ros2_control' for CMake config files
[-1789206574133995520.000s] Level 1:colcon.colcon_core.shell:create_environment_hook('webots_ros2_control', 'cmake_prefix_path')
[-1789206574133995520.000s] INFO:colcon.colcon_core.shell:Creating environment hook '/home/onur/autonomous_robot/install/webots_ros2_control/share/webots_ros2_control/hook/cmake_prefix_path.ps1'
[-1789206574133995520.000s] INFO:colcon.colcon_core.shell:Creating environment descriptor '/home/onur/autonomous_robot/install/webots_ros2_control/share/webots_ros2_control/hook/cmake_prefix_path.dsv'
[-1789206574133995520.000s] INFO:colcon.colcon_core.shell:Creating environment hook '/home/onur/autonomous_robot/install/webots_ros2_control/share/webots_ros2_control/hook/cmake_prefix_path.sh'
[-1789206574133995520.000s] Level 1:colcon.colcon_core.environment:checking '/home/onur/autonomous_robot/install/webots_ros2_control/lib'
[-1789206574133995520.000s] Level 1:colcon.colcon_core.shell:create_environment_hook('webots_ros2_control', 'ld_library_path_lib')
[-1789206574133995520.000s] INFO:colcon.colcon_core.shell:Creating environment hook '/home/onur/autonomous_robot/install/webots_ros2_control/share/webots_ros2_control/hook/ld_library_path_lib.ps1'
[-1789206574133995520.000s] INFO:colcon.colcon_core.shell:Creating environment descriptor '/home/onur/autonomous_robot/install/webots_ros2_control/share/webots_ros2_control/hook/ld_library_path_lib.dsv'
[-1789206574133995520.000s] INFO:colcon.colcon_core.shell:Creating environment hook '/home/onur/autonomous_robot/install/webots_ros2_control/share/webots_ros2_control/hook/ld_library_path_lib.sh'
[-1789206574133995520.000s] Level 1:colcon.colcon_core.environment:checking '/home/onur/autonomous_robot/install/webots_ros2_control/bin'
[-1789206574133995520.000s] Level 1:colcon.colcon_core.environment:checking '/home/onur/autonomous_robot/install/webots_ros2_control/lib/pkgconfig/webots_ros2_control.pc'
[-1789206574133995520.000s] Level 1:colcon.colcon_core.environment:checking '/home/onur/autonomous_robot/install/webots_ros2_control/lib/python3.14/site-packages'
[-1789206574133995520.000s] Level 1:colcon.colcon_core.environment:checking '/home/onur/autonomous_robot/install/webots_ros2_control/bin'
[-1789206574133995520.000s] INFO:colcon.colcon_core.shell:Creating package script '/home/onur/autonomous_robot/install/webots_ros2_control/share/webots_ros2_control/package.ps1'
[-1789206574133995520.000s] INFO:colcon.colcon_core.shell:Creating package descriptor '/home/onur/autonomous_robot/install/webots_ros2_control/share/webots_ros2_control/package.dsv'
[-1789206574133995520.000s] INFO:colcon.colcon_core.shell:Creating package script '/home/onur/autonomous_robot/install/webots_ros2_control/share/webots_ros2_control/package.sh'
[-1789206574133995520.000s] INFO:colcon.colcon_core.shell:Creating package script '/home/onur/autonomous_robot/install/webots_ros2_control/share/webots_ros2_control/package.bash'
[-1789206574133995520.000s] INFO:colcon.colcon_core.shell:Creating package script '/home/onur/autonomous_robot/install/webots_ros2_control/share/webots_ros2_control/package.zsh'
[-1789206574133995520.000s] Level 1:colcon.colcon_core.environment:create_file_with_runtime_dependencies(/home/onur/autonomous_robot/install/webots_ros2_control/share/colcon-core/packages/webots_ros2_control)
[-1789206574133995520.000s] Level 1:colcon.colcon_core.environment:create_environment_scripts_only(webots_ros2_control)
[-1789206574133995520.000s] Level 1:colcon.colcon_core.environment:checking '/home/onur/autonomous_robot/install/webots_ros2_control' for CMake module files
[-1789206574133995520.000s] Level 1:colcon.colcon_core.environment:checking '/home/onur/autonomous_robot/install/webots_ros2_control' for CMake config files
[-1789206574133995520.000s] Level 1:colcon.colcon_core.shell:create_environment_hook('webots_ros2_control', 'cmake_prefix_path')
[-1789206574133995520.000s] INFO:colcon.colcon_core.shell:Creating environment hook '/home/onur/autonomous_robot/install/webots_ros2_control/share/webots_ros2_control/hook/cmake_prefix_path.ps1'
[-1789206574133995520.000s] INFO:colcon.colcon_core.shell:Creating environment descriptor '/home/onur/autonomous_robot/install/webots_ros2_control/share/webots_ros2_control/hook/cmake_prefix_path.dsv'
[-1789206574133995520.000s] INFO:colcon.colcon_core.shell:Creating environment hook '/home/onur/autonomous_robot/install/webots_ros2_control/share/webots_ros2_control/hook/cmake_prefix_path.sh'
[-1789206574133995520.000s] Level 1:colcon.colcon_core.environment:checking '/home/onur/autonomous_robot/install/webots_ros2_control/lib'
[-1789206574133995520.000s] Level 1:colcon.colcon_core.shell:create_environment_hook('webots_ros2_control', 'ld_library_path_lib')
[-1789206574133995520.000s] INFO:colcon.colcon_core.shell:Creating environment hook '/home/onur/autonomous_robot/install/webots_ros2_control/share/webots_ros2_control/hook/ld_library_path_lib.ps1'
[-1789206574133995520.000s] INFO:colcon.colcon_core.shell:Creating environment descriptor '/home/onur/autonomous_robot/install/webots_ros2_control/share/webots_ros2_control/hook/ld_library_path_lib.dsv'
[-1789206574133995520.000s] INFO:colcon.colcon_core.shell:Creating environment hook '/home/onur/autonomous_robot/install/webots_ros2_control/share/webots_ros2_control/hook/ld_library_path_lib.sh'
[-1789206574133995520.000s] Level 1:colcon.colcon_core.environment:checking '/home/onur/autonomous_robot/install/webots_ros2_control/bin'
[-1789206574133995520.000s] Level 1:colcon.colcon_core.environment:checking '/home/onur/autonomous_robot/install/webots_ros2_control/lib/pkgconfig/webots_ros2_control.pc'
[-1789206574133995520.000s] Level 1:colcon.colcon_core.environment:checking '/home/onur/autonomous_robot/install/webots_ros2_control/lib/python3.14/site-packages'
[-1789206574133995520.000s] Level 1:colcon.colcon_core.environment:checking '/home/onur/autonomous_robot/install/webots_ros2_control/bin'
[-1789206574133995520.000s] INFO:colcon.colcon_core.shell:Creating package script '/home/onur/autonomous_robot/install/webots_ros2_control/share/webots_ros2_control/package.ps1'
[-1789206574133995520.000s] INFO:colcon.colcon_core.shell:Creating package descriptor '/home/onur/autonomous_robot/install/webots_ros2_control/share/webots_ros2_control/package.dsv'
[-1789206574133995520.000s] INFO:colcon.colcon_core.shell:Creating package script '/home/onur/autonomous_robot/install/webots_ros2_control/share/webots_ros2_control/package.sh'
[-1789206574133995520.000s] INFO:colcon.colcon_core.shell:Creating package script '/home/onur/autonomous_robot/install/webots_ros2_control/share/webots_ros2_control/package.bash'
[-1789206574133995520.000s] INFO:colcon.colcon_core.shell:Creating package script '/home/onur/autonomous_robot/install/webots_ros2_control/share/webots_ros2_control/package.zsh'
[-1789206574133995520.000s] Level 1:colcon.colcon_core.environment:create_file_with_runtime_dependencies(/home/onur/autonomous_robot/install/webots_ros2_control/share/colcon-core/packages/webots_ros2_control)
[-1789206574133995520.000s] INFO:colcon.colcon_ros.task.ament_python.build:Building ROS package in '/home/onur/autonomous_robot/src/webots_ros2/webots_ros2_epuck' with build type 'ament_python'
[-1789206574133995520.000s] Level 1:colcon.colcon_core.shell:create_environment_hook('webots_ros2_epuck', 'ament_prefix_path')
[-1789206574133995520.000s] INFO:colcon.colcon_core.shell:Creating environment hook '/home/onur/autonomous_robot/install/webots_ros2_epuck/share/webots_ros2_epuck/hook/ament_prefix_path.ps1'
[-1789206574133995520.000s] INFO:colcon.colcon_core.shell:Creating environment descriptor '/home/onur/autonomous_robot/install/webots_ros2_epuck/share/webots_ros2_epuck/hook/ament_prefix_path.dsv'
[-1789206574133995520.000s] INFO:colcon.colcon_core.shell:Creating environment hook '/home/onur/autonomous_robot/install/webots_ros2_epuck/share/webots_ros2_epuck/hook/ament_prefix_path.sh'
[-1789206574133995520.000s] INFO:colcon.colcon_core.shell:Skip shell extension 'powershell' for command environment: Not usable outside of PowerShell
[-1789206574133995520.000s] DEBUG:colcon.colcon_core.shell:Skip shell extension 'dsv' for command environment
[-1789206574133995520.000s] INFO:colcon.colcon_ros.task.ament_python.build:Building ROS package in '/home/onur/autonomous_robot/src/webots_ros2/webots_ros2_husarion' with build type 'ament_python'
[-1789206574133995520.000s] Level 1:colcon.colcon_core.shell:create_environment_hook('webots_ros2_husarion', 'ament_prefix_path')
[-1789206574133995520.000s] INFO:colcon.colcon_core.shell:Creating environment hook '/home/onur/autonomous_robot/install/webots_ros2_husarion/share/webots_ros2_husarion/hook/ament_prefix_path.ps1'
[-1789206574133995520.000s] INFO:colcon.colcon_core.shell:Creating environment descriptor '/home/onur/autonomous_robot/install/webots_ros2_husarion/share/webots_ros2_husarion/hook/ament_prefix_path.dsv'
[-1789206574133995520.000s] INFO:colcon.colcon_core.shell:Creating environment hook '/home/onur/autonomous_robot/install/webots_ros2_husarion/share/webots_ros2_husarion/hook/ament_prefix_path.sh'
[-1789206574133995520.000s] INFO:colcon.colcon_core.shell:Skip shell extension 'powershell' for command environment: Not usable outside of PowerShell
[-1789206574133995520.000s] DEBUG:colcon.colcon_core.shell:Skip shell extension 'dsv' for command environment
[-1789206574133995520.000s] INFO:colcon.colcon_ros.task.ament_python.build:Building ROS package in '/home/onur/autonomous_robot/src/webots_ros2/webots_ros2_tiago' with build type 'ament_python'
[-1789206574133995520.000s] Level 1:colcon.colcon_core.shell:create_environment_hook('webots_ros2_tiago', 'ament_prefix_path')
[-1789206574133995520.000s] INFO:colcon.colcon_core.shell:Creating environment hook '/home/onur/autonomous_robot/install/webots_ros2_tiago/share/webots_ros2_tiago/hook/ament_prefix_path.ps1'
[-1789206574133995520.000s] INFO:colcon.colcon_core.shell:Creating environment descriptor '/home/onur/autonomous_robot/install/webots_ros2_tiago/share/webots_ros2_tiago/hook/ament_prefix_path.dsv'
[-1789206574133995520.000s] INFO:colcon.colcon_core.shell:Creating environment hook '/home/onur/autonomous_robot/install/webots_ros2_tiago/share/webots_ros2_tiago/hook/ament_prefix_path.sh'
[-1789206574133995520.000s] INFO:colcon.colcon_core.shell:Skip shell extension 'powershell' for command environment: Not usable outside of PowerShell
[-1789206574133995520.000s] DEBUG:colcon.colcon_core.shell:Skip shell extension 'dsv' for command environment
[-1789206574133995520.000s] INFO:colcon.colcon_ros.task.ament_python.build:Building ROS package in '/home/onur/autonomous_robot/src/webots_ros2/webots_ros2_turtlebot' with build type 'ament_python'
[-1789206574133995520.000s] Level 1:colcon.colcon_core.shell:create_environment_hook('webots_ros2_turtlebot', 'ament_prefix_path')
[-1789206574133995520.000s] INFO:colcon.colcon_core.shell:Creating environment hook '/home/onur/autonomous_robot/install/webots_ros2_turtlebot/share/webots_ros2_turtlebot/hook/ament_prefix_path.ps1'
[-1789206574133995520.000s] INFO:colcon.colcon_core.shell:Creating environment descriptor '/home/onur/autonomous_robot/install/webots_ros2_turtlebot/share/webots_ros2_turtlebot/hook/ament_prefix_path.dsv'
[-1789206574133995520.000s] INFO:colcon.colcon_core.shell:Creating environment hook '/home/onur/autonomous_robot/install/webots_ros2_turtlebot/share/webots_ros2_turtlebot/hook/ament_prefix_path.sh'
[-1789206574133995520.000s] INFO:colcon.colcon_core.shell:Skip shell extension 'powershell' for command environment: Not usable outside of PowerShell
[-1789206574133995520.000s] DEBUG:colcon.colcon_core.shell:Skip shell extension 'dsv' for command environment
[-1789206574133995520.000s] INFO:colcon.colcon_ros.task.ament_python.build:Building ROS package in '/home/onur/autonomous_robot/src/webots_ros2/webots_ros2_universal_robot' with build type 'ament_python'
[-1789206574133995520.000s] Level 1:colcon.colcon_core.shell:create_environment_hook('webots_ros2_universal_robot', 'ament_prefix_path')
[-1789206574133995520.000s] INFO:colcon.colcon_core.shell:Creating environment hook '/home/onur/autonomous_robot/install/webots_ros2_universal_robot/share/webots_ros2_universal_robot/hook/ament_prefix_path.ps1'
[-1789206574133995520.000s] INFO:colcon.colcon_core.shell:Creating environment descriptor '/home/onur/autonomous_robot/install/webots_ros2_universal_robot/share/webots_ros2_universal_robot/hook/ament_prefix_path.dsv'
[-1789206574133995520.000s] INFO:colcon.colcon_core.shell:Creating environment hook '/home/onur/autonomous_robot/install/webots_ros2_universal_robot/share/webots_ros2_universal_robot/hook/ament_prefix_path.sh'
[-1789206574133995520.000s] INFO:colcon.colcon_core.shell:Skip shell extension 'powershell' for command environment: Not usable outside of PowerShell
[-1789206574133995520.000s] DEBUG:colcon.colcon_core.shell:Skip shell extension 'dsv' for command environment
[-1789206574133995520.000s] INFO:colcon.colcon_core.task.python.build:Building Python package in '/home/onur/autonomous_robot/src/webots_ros2/webots_ros2_epuck'
[-1789206574133995520.000s] INFO:colcon.colcon_core.shell:Skip shell extension 'powershell' for command environment: Not usable outside of PowerShell
[-1789206574133995520.000s] DEBUG:colcon.colcon_core.shell:Skip shell extension 'dsv' for command environment
[-1789206574133995520.000s] INFO:colcon.colcon_core.task.python.build:Building Python package in '/home/onur/autonomous_robot/src/webots_ros2/webots_ros2_husarion'
[-1789206574133995520.000s] INFO:colcon.colcon_core.shell:Skip shell extension 'powershell' for command environment: Not usable outside of PowerShell
[-1789206574133995520.000s] DEBUG:colcon.colcon_core.shell:Skip shell extension 'dsv' for command environment
[-1789206574133995520.000s] INFO:colcon.colcon_core.task.python.build:Building Python package in '/home/onur/autonomous_robot/src/webots_ros2/webots_ros2_tiago'
[-1789206574133995520.000s] INFO:colcon.colcon_core.shell:Skip shell extension 'powershell' for command environment: Not usable outside of PowerShell
[-1789206574133995520.000s] DEBUG:colcon.colcon_core.shell:Skip shell extension 'dsv' for command environment
[-1789206574133995520.000s] INFO:colcon.colcon_core.task.python.build:Building Python package in '/home/onur/autonomous_robot/src/webots_ros2/webots_ros2_turtlebot'
[-1789206574133995520.000s] INFO:colcon.colcon_core.shell:Skip shell extension 'powershell' for command environment: Not usable outside of PowerShell
[-1789206574133995520.000s] DEBUG:colcon.colcon_core.shell:Skip shell extension 'dsv' for command environment
[-1789206574133995520.000s] INFO:colcon.colcon_core.task.python.build:Building Python package in '/home/onur/autonomous_robot/src/webots_ros2/webots_ros2_universal_robot'
[-1789206574133995520.000s] INFO:colcon.colcon_core.shell:Skip shell extension 'powershell' for command environment: Not usable outside of PowerShell
[-1789206574133995520.000s] DEBUG:colcon.colcon_core.shell:Skip shell extension 'dsv' for command environment
[-1789206574133995520.000s] DEBUG:colcon.colcon_core.task.python.build:Available setuptools commands: compile_catalog, build_py, sdist, install_lib, egg_info, setopt, check, easy_install, install, bdist_dumb, install_headers, bdist_egg, clean, saveopts, editable_wheel, symlink_data, dist_info, build_scripts, build_clib, install_egg_info, install_scripts, install_data, bdist_rpm, bdist, bdist_wheel, develop, build, init_catalog, update_catalog, build_ext, rotate, alias, extract_messages
[-1789206574133995520.000s] DEBUG:colcon.colcon_core.event_handler.log_command:Invoking command in '/home/onur/autonomous_robot/src/webots_ros2/webots_ros2_husarion': AMENT_PREFIX_PATH=/home/onur/autonomous_robot/install/webots_ros2_control:/home/onur/autonomous_robot/install/webots_ros2_driver:/home/onur/autonomous_robot/install/webots_ros2_msgs:/home/onur/autonomous_robot/install/webots_ros2_importer:${AMENT_PREFIX_PATH} CMAKE_PREFIX_PATH=/home/onur/autonomous_robot/install/webots_ros2_control:/home/onur/autonomous_robot/install/webots_ros2_driver:/home/onur/autonomous_robot/install/webots_ros2_msgs:${CMAKE_PREFIX_PATH} DEBUGINFOD_URLS=https://debuginfod.ubuntu.com LD_LIBRARY_PATH=/home/onur/autonomous_robot/install/webots_ros2_control/lib:/home/onur/autonomous_robot/install/webots_ros2_driver/lib:/home/onur/autonomous_robot/install/webots_ros2_msgs/lib:${LD_LIBRARY_PATH} PYTHONPATH=/home/onur/autonomous_robot/build/webots_ros2_husarion/prefix_override:/usr/lib/python3/dist-packages/colcon_core/task/python/colcon_distutils_commands:/home/onur/autonomous_robot/install/webots_ros2_husarion/lib/python3.14/site-packages:/home/onur/autonomous_robot/install/webots_ros2_driver/lib/python3.14/site-packages:/home/onur/autonomous_robot/install/webots_ros2_msgs/lib/python3.14/site-packages:/home/onur/autonomous_robot/install/webots_ros2_importer/lib/python3.14/site-packages:${PYTHONPATH} /usr/bin/python3 -W ignore:setup.py install is deprecated -W ignore:easy_install command is deprecated setup.py egg_info --egg-base ../../../build/webots_ros2_husarion build --build-base /home/onur/autonomous_robot/build/webots_ros2_husarion/build install --record /home/onur/autonomous_robot/build/webots_ros2_husarion/install.log --single-version-externally-managed install_data
[-1789206574133995520.000s] DEBUG:colcon.colcon_core.task.python.build:Available setuptools commands: compile_catalog, build_py, sdist, install_lib, egg_info, setopt, check, easy_install, install, bdist_dumb, install_headers, bdist_egg, clean, saveopts, editable_wheel, symlink_data, dist_info, build_scripts, build_clib, install_egg_info, install_scripts, install_data, bdist_rpm, bdist, bdist_wheel, develop, build, init_catalog, update_catalog, build_ext, rotate, alias, extract_messages
[-1789206574133995520.000s] DEBUG:colcon.colcon_core.event_handler.log_command:Invoking command in '/home/onur/autonomous_robot/src/webots_ros2/webots_ros2_epuck': AMENT_PREFIX_PATH=/home/onur/autonomous_robot/install/webots_ros2_control:/home/onur/autonomous_robot/install/webots_ros2_driver:/home/onur/autonomous_robot/install/webots_ros2_msgs:/home/onur/autonomous_robot/install/webots_ros2_importer:${AMENT_PREFIX_PATH} CMAKE_PREFIX_PATH=/home/onur/autonomous_robot/install/webots_ros2_control:/home/onur/autonomous_robot/install/webots_ros2_driver:/home/onur/autonomous_robot/install/webots_ros2_msgs:${CMAKE_PREFIX_PATH} DEBUGINFOD_URLS=https://debuginfod.ubuntu.com LD_LIBRARY_PATH=/home/onur/autonomous_robot/install/webots_ros2_control/lib:/home/onur/autonomous_robot/install/webots_ros2_driver/lib:/home/onur/autonomous_robot/install/webots_ros2_msgs/lib:${LD_LIBRARY_PATH} PYTHONPATH=/home/onur/autonomous_robot/build/webots_ros2_epuck/prefix_override:/usr/lib/python3/dist-packages/colcon_core/task/python/colcon_distutils_commands:/home/onur/autonomous_robot/install/webots_ros2_epuck/lib/python3.14/site-packages:/home/onur/autonomous_robot/install/webots_ros2_driver/lib/python3.14/site-packages:/home/onur/autonomous_robot/install/webots_ros2_msgs/lib/python3.14/site-packages:/home/onur/autonomous_robot/install/webots_ros2_importer/lib/python3.14/site-packages:${PYTHONPATH} /usr/bin/python3 -W ignore:setup.py install is deprecated -W ignore:easy_install command is deprecated setup.py egg_info --egg-base ../../../build/webots_ros2_epuck build --build-base /home/onur/autonomous_robot/build/webots_ros2_epuck/build install --record /home/onur/autonomous_robot/build/webots_ros2_epuck/install.log --install-scripts $base/lib/webots_ros2_epuck --single-version-externally-managed install_data
[-1789206574133995520.000s] DEBUG:colcon.colcon_core.task.python.build:Available setuptools commands: compile_catalog, build_py, sdist, install_lib, egg_info, setopt, check, easy_install, install, bdist_dumb, install_headers, bdist_egg, clean, saveopts, editable_wheel, symlink_data, dist_info, build_scripts, build_clib, install_egg_info, install_scripts, install_data, bdist_rpm, bdist, bdist_wheel, develop, build, init_catalog, update_catalog, build_ext, rotate, alias, extract_messages
[-1789206574133995520.000s] DEBUG:colcon.colcon_core.event_handler.log_command:Invoking command in '/home/onur/autonomous_robot/src/webots_ros2/webots_ros2_turtlebot': AMENT_PREFIX_PATH=/home/onur/autonomous_robot/install/webots_ros2_control:/home/onur/autonomous_robot/install/webots_ros2_driver:/home/onur/autonomous_robot/install/webots_ros2_msgs:/home/onur/autonomous_robot/install/webots_ros2_importer:${AMENT_PREFIX_PATH} CMAKE_PREFIX_PATH=/home/onur/autonomous_robot/install/webots_ros2_control:/home/onur/autonomous_robot/install/webots_ros2_driver:/home/onur/autonomous_robot/install/webots_ros2_msgs:${CMAKE_PREFIX_PATH} DEBUGINFOD_URLS=https://debuginfod.ubuntu.com LD_LIBRARY_PATH=/home/onur/autonomous_robot/install/webots_ros2_control/lib:/home/onur/autonomous_robot/install/webots_ros2_driver/lib:/home/onur/autonomous_robot/install/webots_ros2_msgs/lib:${LD_LIBRARY_PATH} PYTHONPATH=/home/onur/autonomous_robot/build/webots_ros2_turtlebot/prefix_override:/usr/lib/python3/dist-packages/colcon_core/task/python/colcon_distutils_commands:/home/onur/autonomous_robot/install/webots_ros2_turtlebot/lib/python3.14/site-packages:/home/onur/autonomous_robot/install/webots_ros2_driver/lib/python3.14/site-packages:/home/onur/autonomous_robot/install/webots_ros2_msgs/lib/python3.14/site-packages:/home/onur/autonomous_robot/install/webots_ros2_importer/lib/python3.14/site-packages:${PYTHONPATH} /usr/bin/python3 -W ignore:setup.py install is deprecated -W ignore:easy_install command is deprecated setup.py egg_info --egg-base ../../../build/webots_ros2_turtlebot build --build-base /home/onur/autonomous_robot/build/webots_ros2_turtlebot/build install --record /home/onur/autonomous_robot/build/webots_ros2_turtlebot/install.log --install-scripts $base/lib/webots_ros2_turtlebot --single-version-externally-managed install_data
[-1789206574133995520.000s] DEBUG:colcon.colcon_core.task.python.build:Available setuptools commands: compile_catalog, build_py, sdist, install_lib, egg_info, setopt, check, easy_install, install, bdist_dumb, install_headers, bdist_egg, clean, saveopts, editable_wheel, symlink_data, dist_info, build_scripts, build_clib, install_egg_info, install_scripts, install_data, bdist_rpm, bdist, bdist_wheel, develop, build, init_catalog, update_catalog, build_ext, rotate, alias, extract_messages
[-1789206574133995520.000s] DEBUG:colcon.colcon_core.event_handler.log_command:Invoking command in '/home/onur/autonomous_robot/src/webots_ros2/webots_ros2_tiago': AMENT_PREFIX_PATH=/home/onur/autonomous_robot/install/webots_ros2_control:/home/onur/autonomous_robot/install/webots_ros2_driver:/home/onur/autonomous_robot/install/webots_ros2_msgs:/home/onur/autonomous_robot/install/webots_ros2_importer:${AMENT_PREFIX_PATH} CMAKE_PREFIX_PATH=/home/onur/autonomous_robot/install/webots_ros2_control:/home/onur/autonomous_robot/install/webots_ros2_driver:/home/onur/autonomous_robot/install/webots_ros2_msgs:${CMAKE_PREFIX_PATH} DEBUGINFOD_URLS=https://debuginfod.ubuntu.com LD_LIBRARY_PATH=/home/onur/autonomous_robot/install/webots_ros2_control/lib:/home/onur/autonomous_robot/install/webots_ros2_driver/lib:/home/onur/autonomous_robot/install/webots_ros2_msgs/lib:${LD_LIBRARY_PATH} PYTHONPATH=/home/onur/autonomous_robot/build/webots_ros2_tiago/prefix_override:/usr/lib/python3/dist-packages/colcon_core/task/python/colcon_distutils_commands:/home/onur/autonomous_robot/install/webots_ros2_tiago/lib/python3.14/site-packages:/home/onur/autonomous_robot/install/webots_ros2_driver/lib/python3.14/site-packages:/home/onur/autonomous_robot/install/webots_ros2_msgs/lib/python3.14/site-packages:/home/onur/autonomous_robot/install/webots_ros2_importer/lib/python3.14/site-packages:${PYTHONPATH} /usr/bin/python3 -W ignore:setup.py install is deprecated -W ignore:easy_install command is deprecated setup.py egg_info --egg-base ../../../build/webots_ros2_tiago build --build-base /home/onur/autonomous_robot/build/webots_ros2_tiago/build install --record /home/onur/autonomous_robot/build/webots_ros2_tiago/install.log --install-scripts $base/lib/webots_ros2_tiago --single-version-externally-managed install_data
[-1789206574133995520.000s] DEBUG:colcon.colcon_core.task.python.build:Available setuptools commands: compile_catalog, build_py, sdist, install_lib, egg_info, setopt, check, easy_install, install, bdist_dumb, install_headers, bdist_egg, clean, saveopts, editable_wheel, symlink_data, dist_info, build_scripts, build_clib, install_egg_info, install_scripts, install_data, bdist_rpm, bdist, bdist_wheel, develop, build, init_catalog, update_catalog, build_ext, rotate, alias, extract_messages
[-1789206574133995520.000s] DEBUG:colcon.colcon_core.event_handler.log_command:Invoking command in '/home/onur/autonomous_robot/src/webots_ros2/webots_ros2_universal_robot': AMENT_PREFIX_PATH=/home/onur/autonomous_robot/install/webots_ros2_control:/home/onur/autonomous_robot/install/webots_ros2_driver:/home/onur/autonomous_robot/install/webots_ros2_msgs:/home/onur/autonomous_robot/install/webots_ros2_importer:${AMENT_PREFIX_PATH} CMAKE_PREFIX_PATH=/home/onur/autonomous_robot/install/webots_ros2_control:/home/onur/autonomous_robot/install/webots_ros2_driver:/home/onur/autonomous_robot/install/webots_ros2_msgs:${CMAKE_PREFIX_PATH} DEBUGINFOD_URLS=https://debuginfod.ubuntu.com LD_LIBRARY_PATH=/home/onur/autonomous_robot/install/webots_ros2_control/lib:/home/onur/autonomous_robot/install/webots_ros2_driver/lib:/home/onur/autonomous_robot/install/webots_ros2_msgs/lib:${LD_LIBRARY_PATH} PYTHONPATH=/home/onur/autonomous_robot/build/webots_ros2_universal_robot/prefix_override:/usr/lib/python3/dist-packages/colcon_core/task/python/colcon_distutils_commands:/home/onur/autonomous_robot/install/webots_ros2_universal_robot/lib/python3.14/site-packages:/home/onur/autonomous_robot/install/webots_ros2_driver/lib/python3.14/site-packages:/home/onur/autonomous_robot/install/webots_ros2_msgs/lib/python3.14/site-packages:/home/onur/autonomous_robot/install/webots_ros2_importer/lib/python3.14/site-packages:${PYTHONPATH} /usr/bin/python3 -W ignore:setup.py install is deprecated -W ignore:easy_install command is deprecated setup.py egg_info --egg-base ../../../build/webots_ros2_universal_robot build --build-base /home/onur/autonomous_robot/build/webots_ros2_universal_robot/build install --record /home/onur/autonomous_robot/build/webots_ros2_universal_robot/install.log --install-scripts $base/lib/webots_ros2_universal_robot --single-version-externally-managed install_data
[-1789206574133995520.000s] Level 1:colcon.colcon_core.environment:checking '/home/onur/autonomous_robot/install/webots_ros2_tiago' for CMake module files
[-1789206574133995520.000s] DEBUG:colcon.colcon_core.event_handler.log_command:Invoked command in '/home/onur/autonomous_robot/src/webots_ros2/webots_ros2_tiago' returned '0': AMENT_PREFIX_PATH=/home/onur/autonomous_robot/install/webots_ros2_control:/home/onur/autonomous_robot/install/webots_ros2_driver:/home/onur/autonomous_robot/install/webots_ros2_msgs:/home/onur/autonomous_robot/install/webots_ros2_importer:${AMENT_PREFIX_PATH} CMAKE_PREFIX_PATH=/home/onur/autonomous_robot/install/webots_ros2_control:/home/onur/autonomous_robot/install/webots_ros2_driver:/home/onur/autonomous_robot/install/webots_ros2_msgs:${CMAKE_PREFIX_PATH} DEBUGINFOD_URLS=https://debuginfod.ubuntu.com LD_LIBRARY_PATH=/home/onur/autonomous_robot/install/webots_ros2_control/lib:/home/onur/autonomous_robot/install/webots_ros2_driver/lib:/home/onur/autonomous_robot/install/webots_ros2_msgs/lib:${LD_LIBRARY_PATH} PYTHONPATH=/home/onur/autonomous_robot/build/webots_ros2_tiago/prefix_override:/usr/lib/python3/dist-packages/colcon_core/task/python/colcon_distutils_commands:/home/onur/autonomous_robot/install/webots_ros2_tiago/lib/python3.14/site-packages:/home/onur/autonomous_robot/install/webots_ros2_driver/lib/python3.14/site-packages:/home/onur/autonomous_robot/install/webots_ros2_msgs/lib/python3.14/site-packages:/home/onur/autonomous_robot/install/webots_ros2_importer/lib/python3.14/site-packages:${PYTHONPATH} /usr/bin/python3 -W ignore:setup.py install is deprecated -W ignore:easy_install command is deprecated setup.py egg_info --egg-base ../../../build/webots_ros2_tiago build --build-base /home/onur/autonomous_robot/build/webots_ros2_tiago/build install --record /home/onur/autonomous_robot/build/webots_ros2_tiago/install.log --install-scripts $base/lib/webots_ros2_tiago --single-version-externally-managed install_data
[-1789206574133995520.000s] Level 1:colcon.colcon_core.environment:checking '/home/onur/autonomous_robot/install/webots_ros2_tiago' for CMake config files
[-1789206574133995520.000s] Level 1:colcon.colcon_core.environment:checking '/home/onur/autonomous_robot/install/webots_ros2_tiago/lib'
[-1789206574133995520.000s] Level 1:colcon.colcon_core.environment:checking '/home/onur/autonomous_robot/install/webots_ros2_tiago/bin'
[-1789206574133995520.000s] Level 1:colcon.colcon_core.environment:checking '/home/onur/autonomous_robot/install/webots_ros2_tiago/lib/pkgconfig/webots_ros2_tiago.pc'
[-1789206574133995520.000s] Level 1:colcon.colcon_core.environment:checking '/home/onur/autonomous_robot/install/webots_ros2_tiago/lib/python3.14/site-packages'
[-1789206574133995520.000s] Level 1:colcon.colcon_core.shell:create_environment_hook('webots_ros2_tiago', 'pythonpath')
[-1789206574133995520.000s] INFO:colcon.colcon_core.shell:Creating environment hook '/home/onur/autonomous_robot/install/webots_ros2_tiago/share/webots_ros2_tiago/hook/pythonpath.ps1'
[-1789206574133995520.000s] INFO:colcon.colcon_core.shell:Creating environment descriptor '/home/onur/autonomous_robot/install/webots_ros2_tiago/share/webots_ros2_tiago/hook/pythonpath.dsv'
[-1789206574133995520.000s] INFO:colcon.colcon_core.shell:Creating environment hook '/home/onur/autonomous_robot/install/webots_ros2_tiago/share/webots_ros2_tiago/hook/pythonpath.sh'
[-1789206574133995520.000s] Level 1:colcon.colcon_core.environment:checking '/home/onur/autonomous_robot/install/webots_ros2_tiago/bin'
[-1789206574133995520.000s] Level 1:colcon.colcon_core.environment:create_environment_scripts_only(webots_ros2_tiago)
[-1789206574133995520.000s] INFO:colcon.colcon_core.shell:Creating package script '/home/onur/autonomous_robot/install/webots_ros2_tiago/share/webots_ros2_tiago/package.ps1'
[-1789206574133995520.000s] INFO:colcon.colcon_core.shell:Creating package descriptor '/home/onur/autonomous_robot/install/webots_ros2_tiago/share/webots_ros2_tiago/package.dsv'
[-1789206574133995520.000s] INFO:colcon.colcon_core.shell:Creating package script '/home/onur/autonomous_robot/install/webots_ros2_tiago/share/webots_ros2_tiago/package.sh'
[-1789206574133995520.000s] INFO:colcon.colcon_core.shell:Creating package script '/home/onur/autonomous_robot/install/webots_ros2_tiago/share/webots_ros2_tiago/package.bash'
[-1789206574133995520.000s] INFO:colcon.colcon_core.shell:Creating package script '/home/onur/autonomous_robot/install/webots_ros2_tiago/share/webots_ros2_tiago/package.zsh'
[-1789206574133995520.000s] Level 1:colcon.colcon_core.environment:create_file_with_runtime_dependencies(/home/onur/autonomous_robot/install/webots_ros2_tiago/share/colcon-core/packages/webots_ros2_tiago)
[-1789206574133995520.000s] Level 1:colcon.colcon_core.environment:checking '/home/onur/autonomous_robot/install/webots_ros2_turtlebot' for CMake module files
[-1789206574133995520.000s] DEBUG:colcon.colcon_core.event_handler.log_command:Invoked command in '/home/onur/autonomous_robot/src/webots_ros2/webots_ros2_turtlebot' returned '0': AMENT_PREFIX_PATH=/home/onur/autonomous_robot/install/webots_ros2_control:/home/onur/autonomous_robot/install/webots_ros2_driver:/home/onur/autonomous_robot/install/webots_ros2_msgs:/home/onur/autonomous_robot/install/webots_ros2_importer:${AMENT_PREFIX_PATH} CMAKE_PREFIX_PATH=/home/onur/autonomous_robot/install/webots_ros2_control:/home/onur/autonomous_robot/install/webots_ros2_driver:/home/onur/autonomous_robot/install/webots_ros2_msgs:${CMAKE_PREFIX_PATH} DEBUGINFOD_URLS=https://debuginfod.ubuntu.com LD_LIBRARY_PATH=/home/onur/autonomous_robot/install/webots_ros2_control/lib:/home/onur/autonomous_robot/install/webots_ros2_driver/lib:/home/onur/autonomous_robot/install/webots_ros2_msgs/lib:${LD_LIBRARY_PATH} PYTHONPATH=/home/onur/autonomous_robot/build/webots_ros2_turtlebot/prefix_override:/usr/lib/python3/dist-packages/colcon_core/task/python/colcon_distutils_commands:/home/onur/autonomous_robot/install/webots_ros2_turtlebot/lib/python3.14/site-packages:/home/onur/autonomous_robot/install/webots_ros2_driver/lib/python3.14/site-packages:/home/onur/autonomous_robot/install/webots_ros2_msgs/lib/python3.14/site-packages:/home/onur/autonomous_robot/install/webots_ros2_importer/lib/python3.14/site-packages:${PYTHONPATH} /usr/bin/python3 -W ignore:setup.py install is deprecated -W ignore:easy_install command is deprecated setup.py egg_info --egg-base ../../../build/webots_ros2_turtlebot build --build-base /home/onur/autonomous_robot/build/webots_ros2_turtlebot/build install --record /home/onur/autonomous_robot/build/webots_ros2_turtlebot/install.log --install-scripts $base/lib/webots_ros2_turtlebot --single-version-externally-managed install_data
[-1789206574133995520.000s] Level 1:colcon.colcon_core.environment:checking '/home/onur/autonomous_robot/install/webots_ros2_turtlebot' for CMake config files
[-1789206574133995520.000s] Level 1:colcon.colcon_core.environment:checking '/home/onur/autonomous_robot/install/webots_ros2_turtlebot/lib'
[-1789206574133995520.000s] Level 1:colcon.colcon_core.environment:checking '/home/onur/autonomous_robot/install/webots_ros2_turtlebot/bin'
[-1789206574133995520.000s] Level 1:colcon.colcon_core.environment:checking '/home/onur/autonomous_robot/install/webots_ros2_turtlebot/lib/pkgconfig/webots_ros2_turtlebot.pc'
[-1789206574133995520.000s] Level 1:colcon.colcon_core.environment:checking '/home/onur/autonomous_robot/install/webots_ros2_turtlebot/lib/python3.14/site-packages'
[-1789206574133995520.000s] Level 1:colcon.colcon_core.shell:create_environment_hook('webots_ros2_turtlebot', 'pythonpath')
[-1789206574133995520.000s] INFO:colcon.colcon_core.shell:Creating environment hook '/home/onur/autonomous_robot/install/webots_ros2_turtlebot/share/webots_ros2_turtlebot/hook/pythonpath.ps1'
[-1789206574133995520.000s] INFO:colcon.colcon_core.shell:Creating environment descriptor '/home/onur/autonomous_robot/install/webots_ros2_turtlebot/share/webots_ros2_turtlebot/hook/pythonpath.dsv'
[-1789206574133995520.000s] INFO:colcon.colcon_core.shell:Creating environment hook '/home/onur/autonomous_robot/install/webots_ros2_turtlebot/share/webots_ros2_turtlebot/hook/pythonpath.sh'
[-1789206574133995520.000s] Level 1:colcon.colcon_core.environment:checking '/home/onur/autonomous_robot/install/webots_ros2_turtlebot/bin'
[-1789206574133995520.000s] Level 1:colcon.colcon_core.environment:create_environment_scripts_only(webots_ros2_turtlebot)
[-1789206574133995520.000s] INFO:colcon.colcon_core.shell:Creating package script '/home/onur/autonomous_robot/install/webots_ros2_turtlebot/share/webots_ros2_turtlebot/package.ps1'
[-1789206574133995520.000s] INFO:colcon.colcon_core.shell:Creating package descriptor '/home/onur/autonomous_robot/install/webots_ros2_turtlebot/share/webots_ros2_turtlebot/package.dsv'
[-1789206574133995520.000s] INFO:colcon.colcon_core.shell:Creating package script '/home/onur/autonomous_robot/install/webots_ros2_turtlebot/share/webots_ros2_turtlebot/package.sh'
[-1789206574133995520.000s] INFO:colcon.colcon_core.shell:Creating package script '/home/onur/autonomous_robot/install/webots_ros2_turtlebot/share/webots_ros2_turtlebot/package.bash'
[-1789206574133995520.000s] INFO:colcon.colcon_core.shell:Creating package script '/home/onur/autonomous_robot/install/webots_ros2_turtlebot/share/webots_ros2_turtlebot/package.zsh'
[-1789206574133995520.000s] Level 1:colcon.colcon_core.environment:create_file_with_runtime_dependencies(/home/onur/autonomous_robot/install/webots_ros2_turtlebot/share/colcon-core/packages/webots_ros2_turtlebot)
[-1789206574133995520.000s] Level 1:colcon.colcon_core.environment:checking '/home/onur/autonomous_robot/install/webots_ros2_epuck' for CMake module files
[-1789206574133995520.000s] Level 1:colcon.colcon_core.environment:checking '/home/onur/autonomous_robot/install/webots_ros2_epuck' for CMake config files
[-1789206574133995520.000s] DEBUG:colcon.colcon_core.event_handler.log_command:Invoked command in '/home/onur/autonomous_robot/src/webots_ros2/webots_ros2_epuck' returned '0': AMENT_PREFIX_PATH=/home/onur/autonomous_robot/install/webots_ros2_control:/home/onur/autonomous_robot/install/webots_ros2_driver:/home/onur/autonomous_robot/install/webots_ros2_msgs:/home/onur/autonomous_robot/install/webots_ros2_importer:${AMENT_PREFIX_PATH} CMAKE_PREFIX_PATH=/home/onur/autonomous_robot/install/webots_ros2_control:/home/onur/autonomous_robot/install/webots_ros2_driver:/home/onur/autonomous_robot/install/webots_ros2_msgs:${CMAKE_PREFIX_PATH} DEBUGINFOD_URLS=https://debuginfod.ubuntu.com LD_LIBRARY_PATH=/home/onur/autonomous_robot/install/webots_ros2_control/lib:/home/onur/autonomous_robot/install/webots_ros2_driver/lib:/home/onur/autonomous_robot/install/webots_ros2_msgs/lib:${LD_LIBRARY_PATH} PYTHONPATH=/home/onur/autonomous_robot/build/webots_ros2_epuck/prefix_override:/usr/lib/python3/dist-packages/colcon_core/task/python/colcon_distutils_commands:/home/onur/autonomous_robot/install/webots_ros2_epuck/lib/python3.14/site-packages:/home/onur/autonomous_robot/install/webots_ros2_driver/lib/python3.14/site-packages:/home/onur/autonomous_robot/install/webots_ros2_msgs/lib/python3.14/site-packages:/home/onur/autonomous_robot/install/webots_ros2_importer/lib/python3.14/site-packages:${PYTHONPATH} /usr/bin/python3 -W ignore:setup.py install is deprecated -W ignore:easy_install command is deprecated setup.py egg_info --egg-base ../../../build/webots_ros2_epuck build --build-base /home/onur/autonomous_robot/build/webots_ros2_epuck/build install --record /home/onur/autonomous_robot/build/webots_ros2_epuck/install.log --install-scripts $base/lib/webots_ros2_epuck --single-version-externally-managed install_data
[-1789206574133995520.000s] Level 1:colcon.colcon_core.environment:checking '/home/onur/autonomous_robot/install/webots_ros2_epuck/lib'
[-1789206574133995520.000s] Level 1:colcon.colcon_core.environment:checking '/home/onur/autonomous_robot/install/webots_ros2_epuck/bin'
[-1789206574133995520.000s] Level 1:colcon.colcon_core.environment:checking '/home/onur/autonomous_robot/install/webots_ros2_epuck/lib/pkgconfig/webots_ros2_epuck.pc'
[-1789206574133995520.000s] Level 1:colcon.colcon_core.environment:checking '/home/onur/autonomous_robot/install/webots_ros2_epuck/lib/python3.14/site-packages'
[-1789206574133995520.000s] Level 1:colcon.colcon_core.shell:create_environment_hook('webots_ros2_epuck', 'pythonpath')
[-1789206574133995520.000s] INFO:colcon.colcon_core.shell:Creating environment hook '/home/onur/autonomous_robot/install/webots_ros2_epuck/share/webots_ros2_epuck/hook/pythonpath.ps1'
[-1789206574133995520.000s] INFO:colcon.colcon_core.shell:Creating environment descriptor '/home/onur/autonomous_robot/install/webots_ros2_epuck/share/webots_ros2_epuck/hook/pythonpath.dsv'
[-1789206574133995520.000s] INFO:colcon.colcon_core.shell:Creating environment hook '/home/onur/autonomous_robot/install/webots_ros2_epuck/share/webots_ros2_epuck/hook/pythonpath.sh'
[-1789206574133995520.000s] Level 1:colcon.colcon_core.environment:checking '/home/onur/autonomous_robot/install/webots_ros2_epuck/bin'
[-1789206574133995520.000s] Level 1:colcon.colcon_core.environment:create_environment_scripts_only(webots_ros2_epuck)
[-1789206574133995520.000s] INFO:colcon.colcon_core.shell:Creating package script '/home/onur/autonomous_robot/install/webots_ros2_epuck/share/webots_ros2_epuck/package.ps1'
[-1789206574133995520.000s] INFO:colcon.colcon_core.shell:Creating package descriptor '/home/onur/autonomous_robot/install/webots_ros2_epuck/share/webots_ros2_epuck/package.dsv'
[-1789206574133995520.000s] INFO:colcon.colcon_core.shell:Creating package script '/home/onur/autonomous_robot/install/webots_ros2_epuck/share/webots_ros2_epuck/package.sh'
[-1789206574133995520.000s] INFO:colcon.colcon_core.shell:Creating package script '/home/onur/autonomous_robot/install/webots_ros2_epuck/share/webots_ros2_epuck/package.bash'
[-1789206574133995520.000s] INFO:colcon.colcon_core.shell:Creating package script '/home/onur/autonomous_robot/install/webots_ros2_epuck/share/webots_ros2_epuck/package.zsh'
[-1789206574133995520.000s] Level 1:colcon.colcon_core.environment:create_file_with_runtime_dependencies(/home/onur/autonomous_robot/install/webots_ros2_epuck/share/colcon-core/packages/webots_ros2_epuck)
[-1789206574133995520.000s] Level 1:colcon.colcon_core.environment:checking '/home/onur/autonomous_robot/install/webots_ros2_husarion' for CMake module files
[-1789206574133995520.000s] DEBUG:colcon.colcon_core.event_handler.log_command:Invoked command in '/home/onur/autonomous_robot/src/webots_ros2/webots_ros2_husarion' returned '0': AMENT_PREFIX_PATH=/home/onur/autonomous_robot/install/webots_ros2_control:/home/onur/autonomous_robot/install/webots_ros2_driver:/home/onur/autonomous_robot/install/webots_ros2_msgs:/home/onur/autonomous_robot/install/webots_ros2_importer:${AMENT_PREFIX_PATH} CMAKE_PREFIX_PATH=/home/onur/autonomous_robot/install/webots_ros2_control:/home/onur/autonomous_robot/install/webots_ros2_driver:/home/onur/autonomous_robot/install/webots_ros2_msgs:${CMAKE_PREFIX_PATH} DEBUGINFOD_URLS=https://debuginfod.ubuntu.com LD_LIBRARY_PATH=/home/onur/autonomous_robot/install/webots_ros2_control/lib:/home/onur/autonomous_robot/install/webots_ros2_driver/lib:/home/onur/autonomous_robot/install/webots_ros2_msgs/lib:${LD_LIBRARY_PATH} PYTHONPATH=/home/onur/autonomous_robot/build/webots_ros2_husarion/prefix_override:/usr/lib/python3/dist-packages/colcon_core/task/python/colcon_distutils_commands:/home/onur/autonomous_robot/install/webots_ros2_husarion/lib/python3.14/site-packages:/home/onur/autonomous_robot/install/webots_ros2_driver/lib/python3.14/site-packages:/home/onur/autonomous_robot/install/webots_ros2_msgs/lib/python3.14/site-packages:/home/onur/autonomous_robot/install/webots_ros2_importer/lib/python3.14/site-packages:${PYTHONPATH} /usr/bin/python3 -W ignore:setup.py install is deprecated -W ignore:easy_install command is deprecated setup.py egg_info --egg-base ../../../build/webots_ros2_husarion build --build-base /home/onur/autonomous_robot/build/webots_ros2_husarion/build install --record /home/onur/autonomous_robot/build/webots_ros2_husarion/install.log --single-version-externally-managed install_data
[-1789206574133995520.000s] Level 1:colcon.colcon_core.environment:checking '/home/onur/autonomous_robot/install/webots_ros2_husarion' for CMake config files
[-1789206574133995520.000s] Level 1:colcon.colcon_core.environment:checking '/home/onur/autonomous_robot/install/webots_ros2_husarion/lib'
[-1789206574133995520.000s] Level 1:colcon.colcon_core.environment:checking '/home/onur/autonomous_robot/install/webots_ros2_husarion/bin'
[-1789206574133995520.000s] Level 1:colcon.colcon_core.environment:checking '/home/onur/autonomous_robot/install/webots_ros2_husarion/lib/pkgconfig/webots_ros2_husarion.pc'
[-1789206574133995520.000s] Level 1:colcon.colcon_core.environment:checking '/home/onur/autonomous_robot/install/webots_ros2_husarion/lib/python3.14/site-packages'
[-1789206574133995520.000s] Level 1:colcon.colcon_core.shell:create_environment_hook('webots_ros2_husarion', 'pythonpath')
[-1789206574133995520.000s] INFO:colcon.colcon_core.shell:Creating environment hook '/home/onur/autonomous_robot/install/webots_ros2_husarion/share/webots_ros2_husarion/hook/pythonpath.ps1'
[-1789206574133995520.000s] INFO:colcon.colcon_core.shell:Creating environment descriptor '/home/onur/autonomous_robot/install/webots_ros2_husarion/share/webots_ros2_husarion/hook/pythonpath.dsv'
[-1789206574133995520.000s] INFO:colcon.colcon_core.shell:Creating environment hook '/home/onur/autonomous_robot/install/webots_ros2_husarion/share/webots_ros2_husarion/hook/pythonpath.sh'
[-1789206574133995520.000s] Level 1:colcon.colcon_core.environment:checking '/home/onur/autonomous_robot/install/webots_ros2_husarion/bin'
[-1789206574133995520.000s] Level 1:colcon.colcon_core.environment:create_environment_scripts_only(webots_ros2_husarion)
[-1789206574133995520.000s] INFO:colcon.colcon_core.shell:Creating package script '/home/onur/autonomous_robot/install/webots_ros2_husarion/share/webots_ros2_husarion/package.ps1'
[-1789206574133995520.000s] INFO:colcon.colcon_core.shell:Creating package descriptor '/home/onur/autonomous_robot/install/webots_ros2_husarion/share/webots_ros2_husarion/package.dsv'
[-1789206574133995520.000s] INFO:colcon.colcon_core.shell:Creating package script '/home/onur/autonomous_robot/install/webots_ros2_husarion/share/webots_ros2_husarion/package.sh'
[-1789206574133995520.000s] INFO:colcon.colcon_core.shell:Creating package script '/home/onur/autonomous_robot/install/webots_ros2_husarion/share/webots_ros2_husarion/package.bash'
[-1789206574133995520.000s] INFO:colcon.colcon_core.shell:Creating package script '/home/onur/autonomous_robot/install/webots_ros2_husarion/share/webots_ros2_husarion/package.zsh'
[-1789206574133995520.000s] Level 1:colcon.colcon_core.environment:create_file_with_runtime_dependencies(/home/onur/autonomous_robot/install/webots_ros2_husarion/share/colcon-core/packages/webots_ros2_husarion)
[-1789206574133995520.000s] Level 1:colcon.colcon_core.environment:checking '/home/onur/autonomous_robot/install/webots_ros2_universal_robot' for CMake module files
[-1789206574133995520.000s] DEBUG:colcon.colcon_core.event_handler.log_command:Invoked command in '/home/onur/autonomous_robot/src/webots_ros2/webots_ros2_universal_robot' returned '0': AMENT_PREFIX_PATH=/home/onur/autonomous_robot/install/webots_ros2_control:/home/onur/autonomous_robot/install/webots_ros2_driver:/home/onur/autonomous_robot/install/webots_ros2_msgs:/home/onur/autonomous_robot/install/webots_ros2_importer:${AMENT_PREFIX_PATH} CMAKE_PREFIX_PATH=/home/onur/autonomous_robot/install/webots_ros2_control:/home/onur/autonomous_robot/install/webots_ros2_driver:/home/onur/autonomous_robot/install/webots_ros2_msgs:${CMAKE_PREFIX_PATH} DEBUGINFOD_URLS=https://debuginfod.ubuntu.com LD_LIBRARY_PATH=/home/onur/autonomous_robot/install/webots_ros2_control/lib:/home/onur/autonomous_robot/install/webots_ros2_driver/lib:/home/onur/autonomous_robot/install/webots_ros2_msgs/lib:${LD_LIBRARY_PATH} PYTHONPATH=/home/onur/autonomous_robot/build/webots_ros2_universal_robot/prefix_override:/usr/lib/python3/dist-packages/colcon_core/task/python/colcon_distutils_commands:/home/onur/autonomous_robot/install/webots_ros2_universal_robot/lib/python3.14/site-packages:/home/onur/autonomous_robot/install/webots_ros2_driver/lib/python3.14/site-packages:/home/onur/autonomous_robot/install/webots_ros2_msgs/lib/python3.14/site-packages:/home/onur/autonomous_robot/install/webots_ros2_importer/lib/python3.14/site-packages:${PYTHONPATH} /usr/bin/python3 -W ignore:setup.py install is deprecated -W ignore:easy_install command is deprecated setup.py egg_info --egg-base ../../../build/webots_ros2_universal_robot build --build-base /home/onur/autonomous_robot/build/webots_ros2_universal_robot/build install --record /home/onur/autonomous_robot/build/webots_ros2_universal_robot/install.log --install-scripts $base/lib/webots_ros2_universal_robot --single-version-externally-managed install_data
[-1789206574133995520.000s] Level 1:colcon.colcon_core.environment:checking '/home/onur/autonomous_robot/install/webots_ros2_universal_robot' for CMake config files
[-1789206574133995520.000s] Level 1:colcon.colcon_core.environment:checking '/home/onur/autonomous_robot/install/webots_ros2_universal_robot/lib'
[-1789206574133995520.000s] Level 1:colcon.colcon_core.environment:checking '/home/onur/autonomous_robot/install/webots_ros2_universal_robot/bin'
[-1789206574133995520.000s] Level 1:colcon.colcon_core.environment:checking '/home/onur/autonomous_robot/install/webots_ros2_universal_robot/lib/pkgconfig/webots_ros2_universal_robot.pc'
[-1789206574133995520.000s] Level 1:colcon.colcon_core.environment:checking '/home/onur/autonomous_robot/install/webots_ros2_universal_robot/lib/python3.14/site-packages'
[-1789206574133995520.000s] Level 1:colcon.colcon_core.shell:create_environment_hook('webots_ros2_universal_robot', 'pythonpath')
[-1789206574133995520.000s] INFO:colcon.colcon_core.shell:Creating environment hook '/home/onur/autonomous_robot/install/webots_ros2_universal_robot/share/webots_ros2_universal_robot/hook/pythonpath.ps1'
[-1789206574133995520.000s] INFO:colcon.colcon_core.shell:Creating environment descriptor '/home/onur/autonomous_robot/install/webots_ros2_universal_robot/share/webots_ros2_universal_robot/hook/pythonpath.dsv'
[-1789206574133995520.000s] INFO:colcon.colcon_core.shell:Creating environment hook '/home/onur/autonomous_robot/install/webots_ros2_universal_robot/share/webots_ros2_universal_robot/hook/pythonpath.sh'
[-1789206574133995520.000s] Level 1:colcon.colcon_core.environment:checking '/home/onur/autonomous_robot/install/webots_ros2_universal_robot/bin'
[-1789206574133995520.000s] Level 1:colcon.colcon_core.environment:create_environment_scripts_only(webots_ros2_universal_robot)
[-1789206574133995520.000s] INFO:colcon.colcon_core.shell:Creating package script '/home/onur/autonomous_robot/install/webots_ros2_universal_robot/share/webots_ros2_universal_robot/package.ps1'
[-1789206574133995520.000s] INFO:colcon.colcon_core.shell:Creating package descriptor '/home/onur/autonomous_robot/install/webots_ros2_universal_robot/share/webots_ros2_universal_robot/package.dsv'
[-1789206574133995520.000s] INFO:colcon.colcon_core.shell:Creating package script '/home/onur/autonomous_robot/install/webots_ros2_universal_robot/share/webots_ros2_universal_robot/package.sh'
[-1789206574133995520.000s] INFO:colcon.colcon_core.shell:Creating package script '/home/onur/autonomous_robot/install/webots_ros2_universal_robot/share/webots_ros2_universal_robot/package.bash'
[-1789206574133995520.000s] INFO:colcon.colcon_core.shell:Creating package script '/home/onur/autonomous_robot/install/webots_ros2_universal_robot/share/webots_ros2_universal_robot/package.zsh'
[-1789206574133995520.000s] Level 1:colcon.colcon_core.environment:create_file_with_runtime_dependencies(/home/onur/autonomous_robot/install/webots_ros2_universal_robot/share/colcon-core/packages/webots_ros2_universal_robot)
[-1789206574133995520.000s] INFO:colcon.colcon_ros.task.ament_python.build:Building ROS package in '/home/onur/autonomous_robot/src/webots_ros2/webots_ros2_tests' with build type 'ament_python'
[-1789206574133995520.000s] Level 1:colcon.colcon_core.shell:create_environment_hook('webots_ros2_tests', 'ament_prefix_path')
[-1789206574133995520.000s] INFO:colcon.colcon_core.shell:Creating environment hook '/home/onur/autonomous_robot/install/webots_ros2_tests/share/webots_ros2_tests/hook/ament_prefix_path.ps1'
[-1789206574133995520.000s] INFO:colcon.colcon_core.shell:Creating environment descriptor '/home/onur/autonomous_robot/install/webots_ros2_tests/share/webots_ros2_tests/hook/ament_prefix_path.dsv'
[-1789206574133995520.000s] INFO:colcon.colcon_core.shell:Creating environment hook '/home/onur/autonomous_robot/install/webots_ros2_tests/share/webots_ros2_tests/hook/ament_prefix_path.sh'
[-1789206574133995520.000s] INFO:colcon.colcon_core.shell:Skip shell extension 'powershell' for command environment: Not usable outside of PowerShell
[-1789206574133995520.000s] DEBUG:colcon.colcon_core.shell:Skip shell extension 'dsv' for command environment
[-1789206574133995520.000s] INFO:colcon.colcon_core.task.python.build:Building Python package in '/home/onur/autonomous_robot/src/webots_ros2/webots_ros2_tests'
[-1789206574133995520.000s] INFO:colcon.colcon_core.shell:Skip shell extension 'powershell' for command environment: Not usable outside of PowerShell
[-1789206574133995520.000s] DEBUG:colcon.colcon_core.shell:Skip shell extension 'dsv' for command environment
[-1789206574133995520.000s] DEBUG:colcon.colcon_core.task.python.build:Available setuptools commands: compile_catalog, build_py, sdist, install_lib, egg_info, setopt, check, easy_install, install, bdist_dumb, install_headers, bdist_egg, clean, saveopts, editable_wheel, symlink_data, dist_info, build_scripts, build_clib, install_egg_info, install_scripts, install_data, bdist_rpm, bdist, bdist_wheel, develop, build, init_catalog, update_catalog, build_ext, rotate, alias, extract_messages
[-1789206574133995520.000s] DEBUG:colcon.colcon_core.event_handler.log_command:Invoking command in '/home/onur/autonomous_robot/src/webots_ros2/webots_ros2_tests': AMENT_PREFIX_PATH=/home/onur/autonomous_robot/install/webots_ros2_universal_robot:/home/onur/autonomous_robot/install/webots_ros2_turtlebot:/home/onur/autonomous_robot/install/webots_ros2_tiago:/home/onur/autonomous_robot/install/webots_ros2_husarion:/home/onur/autonomous_robot/install/webots_ros2_epuck:/home/onur/autonomous_robot/install/webots_ros2_tesla:/home/onur/autonomous_robot/install/webots_ros2_mavic:/home/onur/autonomous_robot/install/webots_ros2_control:/home/onur/autonomous_robot/install/webots_ros2_driver:/home/onur/autonomous_robot/install/webots_ros2_msgs:/home/onur/autonomous_robot/install/webots_ros2_importer:${AMENT_PREFIX_PATH} CMAKE_PREFIX_PATH=/home/onur/autonomous_robot/install/webots_ros2_control:/home/onur/autonomous_robot/install/webots_ros2_driver:/home/onur/autonomous_robot/install/webots_ros2_msgs:${CMAKE_PREFIX_PATH} DEBUGINFOD_URLS=https://debuginfod.ubuntu.com LD_LIBRARY_PATH=/home/onur/autonomous_robot/install/webots_ros2_control/lib:/home/onur/autonomous_robot/install/webots_ros2_driver/lib:/home/onur/autonomous_robot/install/webots_ros2_msgs/lib:${LD_LIBRARY_PATH} PYTHONPATH=/home/onur/autonomous_robot/build/webots_ros2_tests/prefix_override:/usr/lib/python3/dist-packages/colcon_core/task/python/colcon_distutils_commands:/home/onur/autonomous_robot/install/webots_ros2_tests/lib/python3.14/site-packages:/home/onur/autonomous_robot/install/webots_ros2_universal_robot/lib/python3.14/site-packages:/home/onur/autonomous_robot/install/webots_ros2_turtlebot/lib/python3.14/site-packages:/home/onur/autonomous_robot/install/webots_ros2_tiago/lib/python3.14/site-packages:/home/onur/autonomous_robot/install/webots_ros2_husarion/lib/python3.14/site-packages:/home/onur/autonomous_robot/install/webots_ros2_epuck/lib/python3.14/site-packages:/home/onur/autonomous_robot/install/webots_ros2_tesla/lib/python3.14/site-packages:/home/onur/autonomous_robot/install/webots_ros2_mavic/lib/python3.14/site-packages:/home/onur/autonomous_robot/install/webots_ros2_driver/lib/python3.14/site-packages:/home/onur/autonomous_robot/install/webots_ros2_msgs/lib/python3.14/site-packages:/home/onur/autonomous_robot/install/webots_ros2_importer/lib/python3.14/site-packages:${PYTHONPATH} /usr/bin/python3 -W ignore:setup.py install is deprecated -W ignore:easy_install command is deprecated setup.py egg_info --egg-base ../../../build/webots_ros2_tests build --build-base /home/onur/autonomous_robot/build/webots_ros2_tests/build install --record /home/onur/autonomous_robot/build/webots_ros2_tests/install.log --install-scripts $base/lib/webots_ros2_tests --single-version-externally-managed install_data
[-1789206574133995520.000s] Level 1:colcon.colcon_core.environment:checking '/home/onur/autonomous_robot/install/webots_ros2_tests' for CMake module files
[-1789206574133995520.000s] DEBUG:colcon.colcon_core.event_handler.log_command:Invoked command in '/home/onur/autonomous_robot/src/webots_ros2/webots_ros2_tests' returned '0': AMENT_PREFIX_PATH=/home/onur/autonomous_robot/install/webots_ros2_universal_robot:/home/onur/autonomous_robot/install/webots_ros2_turtlebot:/home/onur/autonomous_robot/install/webots_ros2_tiago:/home/onur/autonomous_robot/install/webots_ros2_husarion:/home/onur/autonomous_robot/install/webots_ros2_epuck:/home/onur/autonomous_robot/install/webots_ros2_tesla:/home/onur/autonomous_robot/install/webots_ros2_mavic:/home/onur/autonomous_robot/install/webots_ros2_control:/home/onur/autonomous_robot/install/webots_ros2_driver:/home/onur/autonomous_robot/install/webots_ros2_msgs:/home/onur/autonomous_robot/install/webots_ros2_importer:${AMENT_PREFIX_PATH} CMAKE_PREFIX_PATH=/home/onur/autonomous_robot/install/webots_ros2_control:/home/onur/autonomous_robot/install/webots_ros2_driver:/home/onur/autonomous_robot/install/webots_ros2_msgs:${CMAKE_PREFIX_PATH} DEBUGINFOD_URLS=https://debuginfod.ubuntu.com LD_LIBRARY_PATH=/home/onur/autonomous_robot/install/webots_ros2_control/lib:/home/onur/autonomous_robot/install/webots_ros2_driver/lib:/home/onur/autonomous_robot/install/webots_ros2_msgs/lib:${LD_LIBRARY_PATH} PYTHONPATH=/home/onur/autonomous_robot/build/webots_ros2_tests/prefix_override:/usr/lib/python3/dist-packages/colcon_core/task/python/colcon_distutils_commands:/home/onur/autonomous_robot/install/webots_ros2_tests/lib/python3.14/site-packages:/home/onur/autonomous_robot/install/webots_ros2_universal_robot/lib/python3.14/site-packages:/home/onur/autonomous_robot/install/webots_ros2_turtlebot/lib/python3.14/site-packages:/home/onur/autonomous_robot/install/webots_ros2_tiago/lib/python3.14/site-packages:/home/onur/autonomous_robot/install/webots_ros2_husarion/lib/python3.14/site-packages:/home/onur/autonomous_robot/install/webots_ros2_epuck/lib/python3.14/site-packages:/home/onur/autonomous_robot/install/webots_ros2_tesla/lib/python3.14/site-packages:/home/onur/autonomous_robot/install/webots_ros2_mavic/lib/python3.14/site-packages:/home/onur/autonomous_robot/install/webots_ros2_driver/lib/python3.14/site-packages:/home/onur/autonomous_robot/install/webots_ros2_msgs/lib/python3.14/site-packages:/home/onur/autonomous_robot/install/webots_ros2_importer/lib/python3.14/site-packages:${PYTHONPATH} /usr/bin/python3 -W ignore:setup.py install is deprecated -W ignore:easy_install command is deprecated setup.py egg_info --egg-base ../../../build/webots_ros2_tests build --build-base /home/onur/autonomous_robot/build/webots_ros2_tests/build install --record /home/onur/autonomous_robot/build/webots_ros2_tests/install.log --install-scripts $base/lib/webots_ros2_tests --single-version-externally-managed install_data
[-1789206574133995520.000s] Level 1:colcon.colcon_core.environment:checking '/home/onur/autonomous_robot/install/webots_ros2_tests' for CMake config files
[-1789206574133995520.000s] Level 1:colcon.colcon_core.environment:checking '/home/onur/autonomous_robot/install/webots_ros2_tests/lib'
[-1789206574133995520.000s] Level 1:colcon.colcon_core.environment:checking '/home/onur/autonomous_robot/install/webots_ros2_tests/bin'
[-1789206574133995520.000s] Level 1:colcon.colcon_core.environment:checking '/home/onur/autonomous_robot/install/webots_ros2_tests/lib/pkgconfig/webots_ros2_tests.pc'
[-1789206574133995520.000s] Level 1:colcon.colcon_core.environment:checking '/home/onur/autonomous_robot/install/webots_ros2_tests/lib/python3.14/site-packages'
[-1789206574133995520.000s] Level 1:colcon.colcon_core.shell:create_environment_hook('webots_ros2_tests', 'pythonpath')
[-1789206574133995520.000s] INFO:colcon.colcon_core.shell:Creating environment hook '/home/onur/autonomous_robot/install/webots_ros2_tests/share/webots_ros2_tests/hook/pythonpath.ps1'
[-1789206574133995520.000s] INFO:colcon.colcon_core.shell:Creating environment descriptor '/home/onur/autonomous_robot/install/webots_ros2_tests/share/webots_ros2_tests/hook/pythonpath.dsv'
[-1789206574133995520.000s] INFO:colcon.colcon_core.shell:Creating environment hook '/home/onur/autonomous_robot/install/webots_ros2_tests/share/webots_ros2_tests/hook/pythonpath.sh'
[-1789206574133995520.000s] Level 1:colcon.colcon_core.environment:checking '/home/onur/autonomous_robot/install/webots_ros2_tests/bin'
[-1789206574133995520.000s] Level 1:colcon.colcon_core.environment:create_environment_scripts_only(webots_ros2_tests)
[-1789206574133995520.000s] INFO:colcon.colcon_core.shell:Creating package script '/home/onur/autonomous_robot/install/webots_ros2_tests/share/webots_ros2_tests/package.ps1'
[-1789206574133995520.000s] INFO:colcon.colcon_core.shell:Creating package descriptor '/home/onur/autonomous_robot/install/webots_ros2_tests/share/webots_ros2_tests/package.dsv'
[-1789206574133995520.000s] INFO:colcon.colcon_core.shell:Creating package script '/home/onur/autonomous_robot/install/webots_ros2_tests/share/webots_ros2_tests/package.sh'
[-1789206574133995520.000s] INFO:colcon.colcon_core.shell:Creating package script '/home/onur/autonomous_robot/install/webots_ros2_tests/share/webots_ros2_tests/package.bash'
[-1789206574133995520.000s] INFO:colcon.colcon_core.shell:Creating package script '/home/onur/autonomous_robot/install/webots_ros2_tests/share/webots_ros2_tests/package.zsh'
[-1789206574133995520.000s] Level 1:colcon.colcon_core.environment:create_file_with_runtime_dependencies(/home/onur/autonomous_robot/install/webots_ros2_tests/share/colcon-core/packages/webots_ros2_tests)
[-1789206574133995520.000s] INFO:colcon.colcon_ros.task.ament_python.build:Building ROS package in '/home/onur/autonomous_robot/src/webots_ros2/webots_ros2' with build type 'ament_python'
[-1789206574133995520.000s] Level 1:colcon.colcon_core.shell:create_environment_hook('webots_ros2', 'ament_prefix_path')
[-1789206574133995520.000s] INFO:colcon.colcon_core.shell:Creating environment hook '/home/onur/autonomous_robot/install/webots_ros2/share/webots_ros2/hook/ament_prefix_path.ps1'
[-1789206574133995520.000s] INFO:colcon.colcon_core.shell:Creating environment descriptor '/home/onur/autonomous_robot/install/webots_ros2/share/webots_ros2/hook/ament_prefix_path.dsv'
[-1789206574133995520.000s] INFO:colcon.colcon_core.shell:Creating environment hook '/home/onur/autonomous_robot/install/webots_ros2/share/webots_ros2/hook/ament_prefix_path.sh'
[-1789206574133995520.000s] INFO:colcon.colcon_core.shell:Skip shell extension 'powershell' for command environment: Not usable outside of PowerShell
[-1789206574133995520.000s] DEBUG:colcon.colcon_core.shell:Skip shell extension 'dsv' for command environment
[-1789206574133995520.000s] INFO:colcon.colcon_core.task.python.build:Building Python package in '/home/onur/autonomous_robot/src/webots_ros2/webots_ros2'
[-1789206574133995520.000s] INFO:colcon.colcon_core.shell:Skip shell extension 'powershell' for command environment: Not usable outside of PowerShell
[-1789206574133995520.000s] DEBUG:colcon.colcon_core.shell:Skip shell extension 'dsv' for command environment
[-1789206574133995520.000s] DEBUG:colcon.colcon_core.task.python.build:Available setuptools commands: compile_catalog, build_py, sdist, install_lib, egg_info, setopt, check, easy_install, install, bdist_dumb, install_headers, bdist_egg, clean, saveopts, editable_wheel, symlink_data, dist_info, build_scripts, build_clib, install_egg_info, install_scripts, install_data, bdist_rpm, bdist, bdist_wheel, develop, build, init_catalog, update_catalog, build_ext, rotate, alias, extract_messages
[-1789206574133995520.000s] DEBUG:colcon.colcon_core.event_handler.log_command:Invoking command in '/home/onur/autonomous_robot/src/webots_ros2/webots_ros2': AMENT_PREFIX_PATH=/home/onur/autonomous_robot/install/webots_ros2_tests:/home/onur/autonomous_robot/install/webots_ros2_universal_robot:/home/onur/autonomous_robot/install/webots_ros2_turtlebot:/home/onur/autonomous_robot/install/webots_ros2_tiago:/home/onur/autonomous_robot/install/webots_ros2_husarion:/home/onur/autonomous_robot/install/webots_ros2_epuck:/home/onur/autonomous_robot/install/webots_ros2_tesla:/home/onur/autonomous_robot/install/webots_ros2_mavic:/home/onur/autonomous_robot/install/webots_ros2_crazyflie:/home/onur/autonomous_robot/install/webots_ros2_control:/home/onur/autonomous_robot/install/webots_ros2_driver:/home/onur/autonomous_robot/install/webots_ros2_msgs:/home/onur/autonomous_robot/install/webots_ros2_importer:${AMENT_PREFIX_PATH} CMAKE_PREFIX_PATH=/home/onur/autonomous_robot/install/webots_ros2_control:/home/onur/autonomous_robot/install/webots_ros2_driver:/home/onur/autonomous_robot/install/webots_ros2_msgs:${CMAKE_PREFIX_PATH} DEBUGINFOD_URLS=https://debuginfod.ubuntu.com LD_LIBRARY_PATH=/home/onur/autonomous_robot/install/webots_ros2_control/lib:/home/onur/autonomous_robot/install/webots_ros2_driver/lib:/home/onur/autonomous_robot/install/webots_ros2_msgs/lib:${LD_LIBRARY_PATH} PYTHONPATH=/home/onur/autonomous_robot/build/webots_ros2/prefix_override:/usr/lib/python3/dist-packages/colcon_core/task/python/colcon_distutils_commands:/home/onur/autonomous_robot/install/webots_ros2/lib/python3.14/site-packages:/home/onur/autonomous_robot/install/webots_ros2_tests/lib/python3.14/site-packages:/home/onur/autonomous_robot/install/webots_ros2_universal_robot/lib/python3.14/site-packages:/home/onur/autonomous_robot/install/webots_ros2_turtlebot/lib/python3.14/site-packages:/home/onur/autonomous_robot/install/webots_ros2_tiago/lib/python3.14/site-packages:/home/onur/autonomous_robot/install/webots_ros2_husarion/lib/python3.14/site-packages:/home/onur/autonomous_robot/install/webots_ros2_epuck/lib/python3.14/site-packages:/home/onur/autonomous_robot/install/webots_ros2_tesla/lib/python3.14/site-packages:/home/onur/autonomous_robot/install/webots_ros2_mavic/lib/python3.14/site-packages:/home/onur/autonomous_robot/install/webots_ros2_crazyflie/lib/python3.14/site-packages:/home/onur/autonomous_robot/install/webots_ros2_driver/lib/python3.14/site-packages:/home/onur/autonomous_robot/install/webots_ros2_msgs/lib/python3.14/site-packages:/home/onur/autonomous_robot/install/webots_ros2_importer/lib/python3.14/site-packages:${PYTHONPATH} /usr/bin/python3 -W ignore:setup.py install is deprecated -W ignore:easy_install command is deprecated setup.py egg_info --egg-base ../../../build/webots_ros2 build --build-base /home/onur/autonomous_robot/build/webots_ros2/build install --record /home/onur/autonomous_robot/build/webots_ros2/install.log --install-scripts $base/lib/webots_ros2 --single-version-externally-managed install_data
[-1789206574133995520.000s] Level 1:colcon.colcon_core.environment:checking '/home/onur/autonomous_robot/install/webots_ros2' for CMake module files
[-1789206574133995520.000s] DEBUG:colcon.colcon_core.event_handler.log_command:Invoked command in '/home/onur/autonomous_robot/src/webots_ros2/webots_ros2' returned '0': AMENT_PREFIX_PATH=/home/onur/autonomous_robot/install/webots_ros2_tests:/home/onur/autonomous_robot/install/webots_ros2_universal_robot:/home/onur/autonomous_robot/install/webots_ros2_turtlebot:/home/onur/autonomous_robot/install/webots_ros2_tiago:/home/onur/autonomous_robot/install/webots_ros2_husarion:/home/onur/autonomous_robot/install/webots_ros2_epuck:/home/onur/autonomous_robot/install/webots_ros2_tesla:/home/onur/autonomous_robot/install/webots_ros2_mavic:/home/onur/autonomous_robot/install/webots_ros2_crazyflie:/home/onur/autonomous_robot/install/webots_ros2_control:/home/onur/autonomous_robot/install/webots_ros2_driver:/home/onur/autonomous_robot/install/webots_ros2_msgs:/home/onur/autonomous_robot/install/webots_ros2_importer:${AMENT_PREFIX_PATH} CMAKE_PREFIX_PATH=/home/onur/autonomous_robot/install/webots_ros2_control:/home/onur/autonomous_robot/install/webots_ros2_driver:/home/onur/autonomous_robot/install/webots_ros2_msgs:${CMAKE_PREFIX_PATH} DEBUGINFOD_URLS=https://debuginfod.ubuntu.com LD_LIBRARY_PATH=/home/onur/autonomous_robot/install/webots_ros2_control/lib:/home/onur/autonomous_robot/install/webots_ros2_driver/lib:/home/onur/autonomous_robot/install/webots_ros2_msgs/lib:${LD_LIBRARY_PATH} PYTHONPATH=/home/onur/autonomous_robot/build/webots_ros2/prefix_override:/usr/lib/python3/dist-packages/colcon_core/task/python/colcon_distutils_commands:/home/onur/autonomous_robot/install/webots_ros2/lib/python3.14/site-packages:/home/onur/autonomous_robot/install/webots_ros2_tests/lib/python3.14/site-packages:/home/onur/autonomous_robot/install/webots_ros2_universal_robot/lib/python3.14/site-packages:/home/onur/autonomous_robot/install/webots_ros2_turtlebot/lib/python3.14/site-packages:/home/onur/autonomous_robot/install/webots_ros2_tiago/lib/python3.14/site-packages:/home/onur/autonomous_robot/install/webots_ros2_husarion/lib/python3.14/site-packages:/home/onur/autonomous_robot/install/webots_ros2_epuck/lib/python3.14/site-packages:/home/onur/autonomous_robot/install/webots_ros2_tesla/lib/python3.14/site-packages:/home/onur/autonomous_robot/install/webots_ros2_mavic/lib/python3.14/site-packages:/home/onur/autonomous_robot/install/webots_ros2_crazyflie/lib/python3.14/site-packages:/home/onur/autonomous_robot/install/webots_ros2_driver/lib/python3.14/site-packages:/home/onur/autonomous_robot/install/webots_ros2_msgs/lib/python3.14/site-packages:/home/onur/autonomous_robot/install/webots_ros2_importer/lib/python3.14/site-packages:${PYTHONPATH} /usr/bin/python3 -W ignore:setup.py install is deprecated -W ignore:easy_install command is deprecated setup.py egg_info --egg-base ../../../build/webots_ros2 build --build-base /home/onur/autonomous_robot/build/webots_ros2/build install --record /home/onur/autonomous_robot/build/webots_ros2/install.log --install-scripts $base/lib/webots_ros2 --single-version-externally-managed install_data
[-1789206574133995520.000s] Level 1:colcon.colcon_core.environment:checking '/home/onur/autonomous_robot/install/webots_ros2' for CMake config files
[-1789206574133995520.000s] Level 1:colcon.colcon_core.environment:checking '/home/onur/autonomous_robot/install/webots_ros2/lib'
[-1789206574133995520.000s] Level 1:colcon.colcon_core.environment:checking '/home/onur/autonomous_robot/install/webots_ros2/bin'
[-1789206574133995520.000s] Level 1:colcon.colcon_core.environment:checking '/home/onur/autonomous_robot/install/webots_ros2/lib/pkgconfig/webots_ros2.pc'
[-1789206574133995520.000s] Level 1:colcon.colcon_core.environment:checking '/home/onur/autonomous_robot/install/webots_ros2/lib/python3.14/site-packages'
[-1789206574133995520.000s] Level 1:colcon.colcon_core.shell:create_environment_hook('webots_ros2', 'pythonpath')
[-1789206574133995520.000s] INFO:colcon.colcon_core.shell:Creating environment hook '/home/onur/autonomous_robot/install/webots_ros2/share/webots_ros2/hook/pythonpath.ps1'
[-1789206574133995520.000s] INFO:colcon.colcon_core.shell:Creating environment descriptor '/home/onur/autonomous_robot/install/webots_ros2/share/webots_ros2/hook/pythonpath.dsv'
[-1789206574133995520.000s] INFO:colcon.colcon_core.shell:Creating environment hook '/home/onur/autonomous_robot/install/webots_ros2/share/webots_ros2/hook/pythonpath.sh'
[-1789206574133995520.000s] Level 1:colcon.colcon_core.environment:checking '/home/onur/autonomous_robot/install/webots_ros2/bin'
[-1789206574133995520.000s] Level 1:colcon.colcon_core.environment:create_environment_scripts_only(webots_ros2)
[-1789206574133995520.000s] INFO:colcon.colcon_core.shell:Creating package script '/home/onur/autonomous_robot/install/webots_ros2/share/webots_ros2/package.ps1'
[-1789206574133995520.000s] INFO:colcon.colcon_core.shell:Creating package descriptor '/home/onur/autonomous_robot/install/webots_ros2/share/webots_ros2/package.dsv'
[-1789206574133995520.000s] INFO:colcon.colcon_core.shell:Creating package script '/home/onur/autonomous_robot/install/webots_ros2/share/webots_ros2/package.sh'
[-1789206574133995520.000s] INFO:colcon.colcon_core.shell:Creating package script '/home/onur/autonomous_robot/install/webots_ros2/share/webots_ros2/package.bash'
[-1789206574133995520.000s] INFO:colcon.colcon_core.shell:Creating package script '/home/onur/autonomous_robot/install/webots_ros2/share/webots_ros2/package.zsh'
[-1789206574133995520.000s] Level 1:colcon.colcon_core.environment:create_file_with_runtime_dependencies(/home/onur/autonomous_robot/install/webots_ros2/share/colcon-core/packages/webots_ros2)
[-1789206574133995520.000s] DEBUG:colcon.colcon_parallel_executor.executor.parallel:closing loop
[-1789206574133995520.000s] DEBUG:colcon.colcon_parallel_executor.executor.parallel:loop closed
[-1789206574133995520.000s] DEBUG:colcon.colcon_parallel_executor.executor.parallel:run_until_complete finished with '0'
[-1789206574133995520.000s] DEBUG:colcon.colcon_core.event_reactor:joining thread
[-1789206574133995520.000s] INFO:colcon.colcon_core.plugin_system:Skipping extension 'colcon_notification.desktop_notification.terminal_notifier': Not used on non-Darwin systems
[-1789206574133995520.000s] INFO:colcon.colcon_core.plugin_system:Skipping extension 'colcon_notification.desktop_notification.win32': Not used on non-Windows systems
[-1789206574133995520.000s] INFO:colcon.colcon_notification.desktop_notification:Sending desktop notification using 'notify2'
[-1789206574133995520.000s] DEBUG:colcon.colcon_core.event_reactor:joined thread
[-1789206574133995520.000s] INFO:colcon.colcon_core.shell:Creating prefix script '/home/onur/autonomous_robot/install/local_setup.ps1'
[-1789206574133995520.000s] INFO:colcon.colcon_core.shell:Creating prefix util module '/home/onur/autonomous_robot/install/_local_setup_util_ps1.py'
[-1789206574133995520.000s] INFO:colcon.colcon_core.shell:Creating prefix chain script '/home/onur/autonomous_robot/install/setup.ps1'
[-1789206574133995520.000s] INFO:colcon.colcon_core.shell:Creating prefix script '/home/onur/autonomous_robot/install/local_setup.sh'
[-1789206574133995520.000s] INFO:colcon.colcon_core.shell:Creating prefix util module '/home/onur/autonomous_robot/install/_local_setup_util_sh.py'
[-1789206574133995520.000s] INFO:colcon.colcon_core.shell:Creating prefix chain script '/home/onur/autonomous_robot/install/setup.sh'
[-1789206574133995520.000s] INFO:colcon.colcon_core.shell:Creating prefix script '/home/onur/autonomous_robot/install/local_setup.bash'
[-1789206574133995520.000s] INFO:colcon.colcon_core.shell:Creating prefix chain script '/home/onur/autonomous_robot/install/setup.bash'
[-1789206574133995520.000s] INFO:colcon.colcon_core.shell:Creating prefix script '/home/onur/autonomous_robot/install/local_setup.zsh'
[-1789206574133995520.000s] INFO:colcon.colcon_core.shell:Creating prefix chain script '/home/onur/autonomous_robot/install/setup.zsh'
